date,exchange,deal_type,symbol,security_name,client_name,buy_sell,quantity,price
17-AUG-2026,NSE,bulk_deals,ATALREAL,Atal Realtech Limited,BULLPULSE MARKETEDGE PRIVATE LIMITED,BUY,748608,35.95
17-AUG-2026,NSE,bulk_deals,DHOOTTRANS,Dhoot Transmission Ltd,NK SECURITIES RESEARCH PRIVATE LIMITED,BUY,1123089,1171.15
17-AUG-2026,NSE,bulk_deals,ENCOMPAS,Encompass Design India L,RADIANT GLOBAL FUND-CLASS B PARTICIPATING SHARES,BUY,174000,232.0
17-AUG-2026,NSE,bulk_deals,EXPLEOSOL,Expleo Solutions Limited,GRT STRATEGIC VENTURES LLP,BUY,85187,923.89
17-AUG-2026,NSE,bulk_deals,EXPLEOSOL,Expleo Solutions Limited,BLITZQUANT RESEARCH LLP,BUY,107112,923.4
17-AUG-2026,NSE,bulk_deals,EXPLEOSOL,Expleo Solutions Limited,MICROCURVES TRADING PRIVATE LIMITED,BUY,277475,926.43
17-AUG-2026,NSE,bulk_deals,EXPLEOSOL,Expleo Solutions Limited,JUNOMONETA FINSOL PRIVATE LIMITED,BUY,184612,923.47
17-AUG-2026,NSE,bulk_deals,EXPLEOSOL,Expleo Solutions Limited,IRAGE BROKING SERVICES LLP,BUY,90757,924.92
17-AUG-2026,NSE,bulk_deals,EXPLEOSOL,Expleo Solutions Limited,NK SECURITIES RESEARCH PRIVATE LIMITED,BUY,297897,922.38
17-AUG-2026,NSE,bulk_deals,EXPLEOSOL,Expleo Solutions Limited,SILVERLEAF CAPITAL SERVICES PRIVATE LIMITED,BUY,123672,923.1
17-AUG-2026,NSE,bulk_deals,GATECH,GACM Technologies Limited,RATHOD DIGVIJAYSINH RAJENDRASINH,BUY,1609937,0.78
17-AUG-2026,NSE,bulk_deals,JEYYAM,Jeyyam Global Foods Ltd,GIRI PRASAD BALLA,BUY,242000,23.0
17-AUG-2026,NSE,bulk_deals,KERNEX,Kernex Microsystems (Indi,HRTI PRIVATE LIMITED,BUY,130695,1840.9
17-AUG-2026,NSE,bulk_deals,KERNEX,Kernex Microsystems (Indi,QE SECURITIES LLP,BUY,93243,1886.72
17-AUG-2026,NSE,bulk_deals,LASERPOWER,Laser Power & Infra Ltd,YUGA STOCKS AND COMMODITIES PRIVATE LIMITED,BUY,194650,313.35
17-AUG-2026,NSE,bulk_deals,LEAPIND,LEAP India Limited,GOVERNMENT OF SINGAPORE,BUY,2215127,155.28
17-AUG-2026,NSE,bulk_deals,MOLBIO,Molbio Diagnostics Ltd,NK SECURITIES RESEARCH PRIVATE LIMITED,BUY,579903,990.82
17-AUG-2026,NSE,bulk_deals,MOREPENLAB,Morepan Laboratories Ltd.,HRTI PRIVATE LIMITED,BUY,3672287,87.31
17-AUG-2026,NSE,bulk_deals,MOTISONS,Motisons Jewellers Ltd,JUNOMONETA FINSOL PRIVATE LIMITED,BUY,7112796,16.75
17-AUG-2026,NSE,bulk_deals,MOTISONS,Motisons Jewellers Ltd,HRTI PRIVATE LIMITED,BUY,7374464,16.69
17-AUG-2026,NSE,bulk_deals,MOTISONS,Motisons Jewellers Ltd,QE SECURITIES LLP,BUY,6260492,16.74
17-AUG-2026,NSE,bulk_deals,MOTISONS,Motisons Jewellers Ltd,ARIHANT CAPITAL MARKETS LIMITED,BUY,15148395,16.88
17-AUG-2026,NSE,bulk_deals,MUNJALAU,Munjal Auto Industries Li,HRTI PRIVATE LIMITED,BUY,658598,122.94
17-AUG-2026,NSE,bulk_deals,OSWALSEEDS,ShreeOswal S and Che Ltd,AMRITA JAIN,BUY,489461,14.09
17-AUG-2026,NSE,bulk_deals,PONNIERODE,Ponni Sugars (Erode) Limi,SESHASAYEE PAPER AND BOARDS LIMITED,BUY,290000,350.0
17-AUG-2026,NSE,bulk_deals,RATNAVEER,Ratnaveer Precision Eng L,NK SECURITIES RESEARCH PRIVATE LIMITED,BUY,359689,239.51
17-AUG-2026,NSE,bulk_deals,RATNAVEER,Ratnaveer Precision Eng L,QE SECURITIES LLP,BUY,1131931,239.63
17-AUG-2026,NSE,bulk_deals,RATNAVEER,Ratnaveer Precision Eng L,NITN  KAPOOR,BUY,400000,239.99
17-AUG-2026,NSE,bulk_deals,RATNAVEER,Ratnaveer Precision Eng L,MATHISYS QUANTCAP LLP,BUY,425126,238.6
17-AUG-2026,NSE,bulk_deals,RATNAVEER,Ratnaveer Precision Eng L,HRTI PRIVATE LIMITED,BUY,687410,239.45
17-AUG-2026,NSE,bulk_deals,RATNAVEER,Ratnaveer Precision Eng L,MICROCURVES TRADING PRIVATE LIMITED,BUY,423808,239.66
17-AUG-2026,NSE,bulk_deals,RATNAVEER,Ratnaveer Precision Eng L,JUNOMONETA FINSOL PRIVATE LIMITED,BUY,835931,239.3
17-AUG-2026,NSE,bulk_deals,RATNAVEER,Ratnaveer Precision Eng L,ARIHANT CAPITAL MARKETS LIMITED,BUY,2475129,239.46
17-AUG-2026,NSE,bulk_deals,RPPINFRA,R.P.P. Infra Projects Ltd,DIVA PROJECTS PRIVATE LIMITED,BUY,851430,58.67
17-AUG-2026,NSE,bulk_deals,RUDRA,Rudra Global Infra Prod L,KABRA  PRIYA,BUY,857605,23.56
17-AUG-2026,NSE,bulk_deals,SHANTI-RE,Shanti Gold Intl Ltd,NANDITA SURYAKANTBHAI MEHTA,BUY,49071,30.03
17-AUG-2026,NSE,bulk_deals,SHANTI-RE,Shanti Gold Intl Ltd,SHRIPAL V VORA (HUF),BUY,23899,32.92
17-AUG-2026,NSE,bulk_deals,STYLEBAAZA,Baazar Style Retail Ltd,ADITYA KUMAR HALWASIYA,BUY,4500000,362.0
17-AUG-2026,NSE,bulk_deals,TECHNOCRAF,Technocraft Ventures Ltd,NK SECURITIES RESEARCH PRIVATE LIMITED,BUY,231285,304.82
17-AUG-2026,NSE,bulk_deals,TFCILTD,Tourism Finance Corp,HRTI PRIVATE LIMITED,BUY,3122382,121.08
17-AUG-2026,NSE,bulk_deals,VIKRAMSOLR,Vikram Solar Limited,QE SECURITIES LLP,BUY,1812629,177.76
17-AUG-2026,NSE,bulk_deals,VIKRAMSOLR,Vikram Solar Limited,MICROCURVES TRADING PRIVATE LIMITED,BUY,2313498,180.08
17-AUG-2026,NSE,bulk_deals,VIKRAMSOLR,Vikram Solar Limited,HRTI PRIVATE LIMITED,BUY,2520406,179.08
17-AUG-2026,NSE,bulk_deals,VIKRAMSOLR,Vikram Solar Limited,JUNOMONETA FINSOL PRIVATE LIMITED,BUY,2650637,180.34
17-AUG-2026,NSE,bulk_deals,VINYAS,Vinyas Innovative Tech L,GINNI FINANCE PRIVATE LIMITED,BUY,100400,1315.93
17-AUG-2026,NSE,bulk_deals,VIVO,Vivo Collab Solutions Ltd,BHIM SAIN BASSI,BUY,11200,152.49
17-AUG-2026,NSE,bulk_deals,ZAGGLE,Zaggle Prepa Ocean Ser L,SETU SECURITIES PVT LTD,BUY,1350000,160.48
17-AUG-2026,NSE,bulk_deals,ZAGGLE,Zaggle Prepa Ocean Ser L,D3 STOCK VISION LLP,BUY,879922,160.95
17-AUG-2026,NSE,bulk_deals,ZAGGLE,Zaggle Prepa Ocean Ser L,MULTIPLIER SHARE & STOCK ADVISORS PRIVATE LIMITED,BUY,549749,160.95
17-AUG-2026,NSE,bulk_deals,ATALREAL,Atal Realtech Limited,BULLPULSE MARKETEDGE PRIVATE LIMITED,SELL,748608,36.0
17-AUG-2026,NSE,bulk_deals,DHOOTTRANS,Dhoot Transmission Ltd,NK SECURITIES RESEARCH PRIVATE LIMITED,SELL,1123089,1171.71
17-AUG-2026,NSE,bulk_deals,EIMCOELECO,Eimco Elecon (India) Ltd.,AEGIS INVESTMENT FUND,SELL,37324,2159.74
17-AUG-2026,NSE,bulk_deals,EMBASSY,Embassy Office Parks REIT,APAC COMPANY XXIII LIMITED,SELL,26725571,435.05
17-AUG-2026,NSE,bulk_deals,EMBASSY,Embassy Office Parks REIT,APAC COMPANY XXIII LIMITED,SELL,26725571,435.01
17-AUG-2026,NSE,bulk_deals,ENCOMPAS,Encompass Design India L,RJ HUF,SELL,100800,232.0
17-AUG-2026,NSE,bulk_deals,EXPLEOSOL,Expleo Solutions Limited,MICROCURVES TRADING PRIVATE LIMITED,SELL,277475,927.21
17-AUG-2026,NSE,bulk_deals,EXPLEOSOL,Expleo Solutions Limited,IRAGE BROKING SERVICES LLP,SELL,98605,924.44
17-AUG-2026,NSE,bulk_deals,EXPLEOSOL,Expleo Solutions Limited,BLITZQUANT RESEARCH LLP,SELL,107112,923.8
17-AUG-2026,NSE,bulk_deals,EXPLEOSOL,Expleo Solutions Limited,GRT STRATEGIC VENTURES LLP,SELL,85187,924.17
17-AUG-2026,NSE,bulk_deals,EXPLEOSOL,Expleo Solutions Limited,NK SECURITIES RESEARCH PRIVATE LIMITED,SELL,297897,922.82
17-AUG-2026,NSE,bulk_deals,EXPLEOSOL,Expleo Solutions Limited,JUNOMONETA FINSOL PRIVATE LIMITED,SELL,186878,923.78
17-AUG-2026,NSE,bulk_deals,EXPLEOSOL,Expleo Solutions Limited,SILVERLEAF CAPITAL SERVICES PRIVATE LIMITED,SELL,123672,924.0
17-AUG-2026,NSE,bulk_deals,GANGAFORGE,Ganga Forging Limited,SHARE INDIA SECURITIES LIMITED,SELL,1700000,2.49
17-AUG-2026,NSE,bulk_deals,GATECH,GACM Technologies Limited,RATHOD DIGVIJAYSINH RAJENDRASINH,SELL,20350000,0.79
17-AUG-2026,NSE,bulk_deals,JEYYAM,Jeyyam Global Foods Ltd,SHRIPAL SANGHVI,SELL,668000,22.96
17-AUG-2026,NSE,bulk_deals,KERNEX,Kernex Microsystems (Indi,QE SECURITIES LLP,SELL,87287,1836.47
17-AUG-2026,NSE,bulk_deals,KERNEX,Kernex Microsystems (Indi,HRTI PRIVATE LIMITED,SELL,102180,1861.05
17-AUG-2026,NSE,bulk_deals,LASERPOWER,Laser Power & Infra Ltd,YUGA STOCKS AND COMMODITIES PRIVATE LIMITED,SELL,1174660,308.81
17-AUG-2026,NSE,bulk_deals,MOLBIO,Molbio Diagnostics Ltd,NK SECURITIES RESEARCH PRIVATE LIMITED,SELL,579903,991.34
17-AUG-2026,NSE,bulk_deals,MOREPENLAB,Morepan Laboratories Ltd.,HRTI PRIVATE LIMITED,SELL,4127672,87.28
17-AUG-2026,NSE,bulk_deals,MOTISONS,Motisons Jewellers Ltd,HRTI PRIVATE LIMITED,SELL,7945933,16.72
17-AUG-2026,NSE,bulk_deals,MOTISONS,Motisons Jewellers Ltd,QE SECURITIES LLP,SELL,6271319,16.73
17-AUG-2026,NSE,bulk_deals,MOTISONS,Motisons Jewellers Ltd,ARIHANT CAPITAL MARKETS LIMITED,SELL,14116216,16.84
17-AUG-2026,NSE,bulk_deals,MOTISONS,Motisons Jewellers Ltd,JUNOMONETA FINSOL PRIVATE LIMITED,SELL,6936589,16.76
17-AUG-2026,NSE,bulk_deals,MUNJALAU,Munjal Auto Industries Li,HRTI PRIVATE LIMITED,SELL,631714,124.31
17-AUG-2026,NSE,bulk_deals,OSWALSEEDS,ShreeOswal S and Che Ltd,AMRITA JAIN,SELL,689461,14.01
17-AUG-2026,NSE,bulk_deals,PONNIERODE,Ponni Sugars (Erode) Limi,ATYANT CAPITAL INDIA FUND I,SELL,313525,349.85
17-AUG-2026,NSE,bulk_deals,RATNAVEER,Ratnaveer Precision Eng L,NK SECURITIES RESEARCH PRIVATE LIMITED,SELL,359689,239.61
17-AUG-2026,NSE,bulk_deals,RATNAVEER,Ratnaveer Precision Eng L,ARIHANT CAPITAL MARKETS LIMITED,SELL,2475129,240.07
17-AUG-2026,NSE,bulk_deals,RATNAVEER,Ratnaveer Precision Eng L,NIRMALKUMAR PAREEK,SELL,600000,234.04
17-AUG-2026,NSE,bulk_deals,RATNAVEER,Ratnaveer Precision Eng L,MICROCURVES TRADING PRIVATE LIMITED,SELL,423808,239.77
17-AUG-2026,NSE,bulk_deals,RATNAVEER,Ratnaveer Precision Eng L,JUNOMONETA FINSOL PRIVATE LIMITED,SELL,818391,239.29
17-AUG-2026,NSE,bulk_deals,RATNAVEER,Ratnaveer Precision Eng L,HRTI PRIVATE LIMITED,SELL,717209,238.93
17-AUG-2026,NSE,bulk_deals,RATNAVEER,Ratnaveer Precision Eng L,MATHISYS QUANTCAP LLP,SELL,453076,238.37
17-AUG-2026,NSE,bulk_deals,RATNAVEER,Ratnaveer Precision Eng L,QE SECURITIES LLP,SELL,1198886,238.42
17-AUG-2026,NSE,bulk_deals,RPPINFRA,R.P.P. Infra Projects Ltd,YAGAVI N A *,SELL,895286,58.68
17-AUG-2026,NSE,bulk_deals,RUDRA,Rudra Global Infra Prod L,KABRA  PRIYA,SELL,857604,24.05
17-AUG-2026,NSE,bulk_deals,STYLEBAAZA,Baazar Style Retail Ltd,BHAGWAN  PRASAD,SELL,1500000,362.0
17-AUG-2026,NSE,bulk_deals,STYLEBAAZA,Baazar Style Retail Ltd,SIDHARTH  SURANA,SELL,900000,362.0
17-AUG-2026,NSE,bulk_deals,STYLEBAAZA,Baazar Style Retail Ltd,SHREYANS SURANA,SELL,2100000,362.0
17-AUG-2026,NSE,bulk_deals,TECHNOCRAF,Technocraft Ventures Ltd,NK SECURITIES RESEARCH PRIVATE LIMITED,SELL,231285,305.05
17-AUG-2026,NSE,bulk_deals,TFCILTD,Tourism Finance Corp,HRTI PRIVATE LIMITED,SELL,2803353,121.24
17-AUG-2026,NSE,bulk_deals,VIKRAMSOLR,Vikram Solar Limited,JUNOMONETA FINSOL PRIVATE LIMITED,SELL,2669654,180.47
17-AUG-2026,NSE,bulk_deals,VIKRAMSOLR,Vikram Solar Limited,HRTI PRIVATE LIMITED,SELL,2424897,179.3
17-AUG-2026,NSE,bulk_deals,VIKRAMSOLR,Vikram Solar Limited,MICROCURVES TRADING PRIVATE LIMITED,SELL,2313498,180.14
17-AUG-2026,NSE,bulk_deals,VIKRAMSOLR,Vikram Solar Limited,QE SECURITIES LLP,SELL,1925995,177.54
17-AUG-2026,NSE,bulk_deals,VINYAS,Vinyas Innovative Tech L,GINNI FINANCE PRIVATE LIMITED,SELL,11900,1343.95
17-AUG-2026,NSE,bulk_deals,ZAGGLE,Zaggle Prepa Ocean Ser L,D3 STOCK VISION LLP,SELL,810815,160.89
17-AUG-2026,NSE,bulk_deals,ZAGGLE,Zaggle Prepa Ocean Ser L,SETU SECURITIES PVT LTD,SELL,604045,160.49
17-AUG-2026,NSE,bulk_deals,ZAGGLE,Zaggle Prepa Ocean Ser L,MULTIPLIER SHARE & STOCK ADVISORS PRIVATE LIMITED,SELL,699749,160.7
17-AUG-2026,NSE,block_deals,STYLEBAAZA,Baazar Style Retail Ltd,ADITYA KUMAR HALWASIYA,BUY,4500000,362.0
17-AUG-2026,NSE,block_deals,STYLEBAAZA,Baazar Style Retail Ltd,SHREYANS SURANA,SELL,2100000,362.0
17-AUG-2026,NSE,block_deals,STYLEBAAZA,Baazar Style Retail Ltd,SIDHARTH  SURANA,SELL,900000,362.0
17-AUG-2026,NSE,block_deals,STYLEBAAZA,Baazar Style Retail Ltd,BHAGWAN  PRASAD,SELL,1500000,362.0
17/08/2026,BSE,bulk,517356,ACIIN,PARESH DHIRAJLAL SHAH,S,1200000.0,2.15
17/08/2026,BSE,bulk,517356,ACIIN,DIVYA KANDA,B,800000.0,2.11
17/08/2026,BSE,bulk,517356,ACIIN,NEO APEX SHARE BROKING SERVICES LLP,S,571797.0,2.15
17/08/2026,BSE,bulk,543377,ADISHAKTI,ANAND MOHAN .,B,80000.0,6.18
17/08/2026,BSE,bulk,543377,ADISHAKTI,RAMASWAMY ANAND .,B,80000.0,6.16
17/08/2026,BSE,bulk,543377,ADISHAKTI,NARENDRA KUMAR CHITOSIA,S,80000.0,6.16
17/08/2026,BSE,bulk,544843,ADVANCETL,KAMAL KUMAR KABRA,S,78000.0,59.38
17/08/2026,BSE,bulk,544800,ANUBHAV,CAPITALSQUARE FINANCIAL SERVICES PRIVATE LIMITED,B,56000.0,50.14
17/08/2026,BSE,bulk,500051,BHAGGAS,MMD SECURITIES PVT LTD,B,90000.0,9.86
17/08/2026,BSE,bulk,539335,CALLISTA,ESPS CAPITAL ADVISORS PVT LTD,B,21000.0,164.6
17/08/2026,BSE,bulk,531909,CROISSANCE,APPLE EQUIFIN PRIVATE LIMITED,B,2154146.0,1.15
17/08/2026,BSE,bulk,531909,CROISSANCE,SIDDHANT SHIRISH SHAH,S,1886971.0,1.15
17/08/2026,BSE,bulk,531553,DRL,KRISHNA AWTAR JAGANNATH KABRA HUF,S,160000.0,28.63
17/08/2026,BSE,bulk,531553,DRL,KETAN P RANGA,B,65000.0,28.63
17/08/2026,BSE,bulk,526473,ELEFLOR,LAXMI NARAYAN DASH,B,114202.0,5.34
17/08/2026,BSE,bulk,526473,ELEFLOR,LAXMI NARAYAN DASH,S,526.0,5.14
17/08/2026,BSE,bulk,512441,ENBETRD,SATISH KUMAR ANANTA SATYANARAYANA ANAPU,S,1050000.0,0.36
17/08/2026,BSE,bulk,512441,ENBETRD,SATISH KUMAR ANANTA SATYANARAYANA ANAPU,B,4537735.0,0.36
17/08/2026,BSE,bulk,521137,EUREKAI,NEO APEX SHARE BROKING SERVICES LLP,B,100000.0,6.34
17/08/2026,BSE,bulk,521137,EUREKAI,BHAVESHBHAIDEVDASBHAICHAUDHARY,B,500.0,6.05
17/08/2026,BSE,bulk,521137,EUREKAI,GAYATHRIRADHAKRISHNAN,S,70000.0,6.34
17/08/2026,BSE,bulk,521137,EUREKAI,BHAVESHBHAIDEVDASBHAICHAUDHARY,S,50000.0,6.34
17/08/2026,BSE,bulk,521137,EUREKAI,ANAND MOHAN .,S,45922.0,6.34
17/08/2026,BSE,bulk,521137,EUREKAI,EPITOME TRADING AND INVESTMENTS,S,50523.0,6.34
17/08/2026,BSE,bulk,521137,EUREKAI,EPITOME TRADING AND INVESTMENTS,B,180781.0,6.34
17/08/2026,BSE,bulk,521137,EUREKAI,PARESH DHIRAJLAL SHAH,S,50000.0,6.34
17/08/2026,BSE,bulk,521137,EUREKAI,NIRYX CAPITAL,S,33016.0,6.33
17/08/2026,BSE,bulk,521137,EUREKAI,GREEN PEAKS ENTERPRISES LLP,S,40000.0,6.34
17/08/2026,BSE,bulk,521137,EUREKAI,GREEN PEAKS ENTERPRISES LLP,B,50431.0,6.17
17/08/2026,BSE,bulk,521137,EUREKAI,NIRYX CAPITAL,B,50000.0,6.34
17/08/2026,BSE,bulk,543372,GETALONG,RUTUJA TEXTILES PVT LTD,B,400000.0,7.08
17/08/2026,BSE,bulk,543372,GETALONG,SHAILESH SURESH LODHA,S,200000.0,7.08
17/08/2026,BSE,bulk,543372,GETALONG,NEEL AMIT SOLANKI,S,200000.0,7.08
17/08/2026,BSE,bulk,513059,GSAUTO,SUBRAT  BANERJEE,S,111982.0,13.6
17/08/2026,BSE,bulk,513059,GSAUTO,SUBRAT  BANERJEE,B,100.0,15.13
17/08/2026,BSE,bulk,514386,GUJCOTEX,RATHOD DIGVIJAYSINH RAJENDRASINH,B,700000.0,3.25
17/08/2026,BSE,bulk,514386,GUJCOTEX,RATHOD DIGVIJAYSINH RAJENDRASINH,S,700000.0,3.25
17/08/2026,BSE,bulk,514386,GUJCOTEX,KALARATRI MULTI TRADELINE LLP,S,1000000.0,3.25
17/08/2026,BSE,bulk,514386,GUJCOTEX,SPARKLING TRADEWING LLP,S,1000000.0,3.25
17/08/2026,BSE,bulk,514386,GUJCOTEX,MANSI SHARE AND STOCK BROKING PRIVATE LIMITED,B,1000.0,3.25
17/08/2026,BSE,bulk,514386,GUJCOTEX,MANSI SHARE AND STOCK BROKING PRIVATE LIMITED,S,696922.0,3.24
17/08/2026,BSE,bulk,514386,GUJCOTEX,EKNATHESHWAR MULTITRADE LLP,S,1000000.0,3.25
17/08/2026,BSE,bulk,514386,GUJCOTEX,JAGID VANITABEN RAJENDRAPRASAD,S,2876315.0,3.25
17/08/2026,BSE,bulk,514386,GUJCOTEX,JAGID VANITABEN RAJENDRAPRASAD,B,4219259.0,3.25
17/08/2026,BSE,bulk,544859,GVELECTRIC,MANSI SHARE AND STOCK BROKING PRIVATE LIMITED,B,28000.0,142.9
17/08/2026,BSE,bulk,544859,GVELECTRIC,MANSI SHARE AND STOCK BROKING PRIVATE LIMITED,S,61000.0,142.86
17/08/2026,BSE,bulk,539692,IFINSER,ARROW GREEN VENTURES,B,60000.0,14.58
17/08/2026,BSE,bulk,511355,INDCEMCAP,TALIB  ZAFAR,S,129680.0,24.67
17/08/2026,BSE,bulk,544160,JAYKAILASH,NEO APEX SHARE BROKING SERVICES LLP,B,33600.0,58.49
17/08/2026,BSE,bulk,544160,JAYKAILASH,JINESHBHAI NAVINBHAI DESAI,S,25600.0,58.49
17/08/2026,BSE,bulk,509715,JAYSREETEA,SWETABEN HARDIK SHAH,S,200000.0,88.56
17/08/2026,BSE,bulk,509715,JAYSREETEA,SWETABEN HARDIK SHAH,B,200000.0,88.51
17/08/2026,BSE,bulk,509715,JAYSREETEA,JAYASHREE  MOHTA,B,1252262.0,88.49
17/08/2026,BSE,bulk,509715,JAYSREETEA,SETU SECURITIES PVT LTD,B,200000.0,88.51
17/08/2026,BSE,bulk,509715,JAYSREETEA,SETU SECURITIES PVT LTD,S,200000.0,88.53
17/08/2026,BSE,bulk,509715,JAYSREETEA,ARES DIVERSIFIED,S,1400000.0,88.5
17/08/2026,BSE,bulk,543939,KAKA,JUGGERNAUT ENTERPRISE,B,76000.0,232.98
17/08/2026,BSE,bulk,539679,KAPILRAJ,PURSHOTTAM KUMAR GUPTA,B,1000000.0,1.62
17/08/2026,BSE,bulk,539679,KAPILRAJ,PRAVIN PRAKASH SALVI,S,4383278.0,1.55
17/08/2026,BSE,bulk,539679,KAPILRAJ,PSANSKAR INDIA PRIVATE LIMITED,B,600000.0,1.58
17/08/2026,BSE,bulk,539679,KAPILRAJ,PSANSKAR INDIA PRIVATE LIMITED,S,300000.0,1.62
17/08/2026,BSE,bulk,539679,KAPILRAJ,POOJA KOCHAR,B,1213734.0,1.55
17/08/2026,BSE,bulk,539679,KAPILRAJ,FAST TRACK FINSEC PRIVATE LIMITED,S,800000.0,1.62
17/08/2026,BSE,bulk,543542,KESAR,MINERVA VENTURES FUND,B,1178000.0,1265.0
17/08/2026,BSE,bulk,543542,KESAR,FORBES EMF,S,1178000.0,1265.0
17/08/2026,BSE,bulk,544863,LAPL,F3 ADVISORS PRIVATE LIMITED,B,100800.0,121.73
17/08/2026,BSE,bulk,531680,MAYUR,OASIS SECURITIES LIMITED,B,25000.0,22.14
17/08/2026,BSE,bulk,531680,MAYUR,UDAY  TINKER,S,25001.0,22.14
17/08/2026,BSE,bulk,517431,NARMP,MANJULABEN MAHENDRAKUMAR SHAH,S,244106.0,23.56
17/08/2026,BSE,bulk,531496,OMKAR,AUMIT CAPITAL ADVISORS LIMITED,S,50000.0,10.68
17/08/2026,BSE,bulk,512591,PULSRIN,SHARE INDIA SECURITIES LIMITED,S,1448912.0,0.47
17/08/2026,BSE,bulk,512591,PULSRIN,SHARE INDIA SECURITIES LIMITED,B,2580599.0,0.48
17/08/2026,BSE,bulk,538647,PURSHOTTAM,KIWI DEALCOM PRIVATE LIMITED,B,122000.0,36.0
17/08/2026,BSE,bulk,544746,SCDL,L7 HITECH PRIVATE LIMITED,S,102400.0,60.09
17/08/2026,BSE,bulk,503811,SIYSIL,DPP ENTERPRISES LLP,B,582900.0,620.0
17/08/2026,BSE,bulk,503811,SIYSIL,HARSHIT SHRIKISHAN PODDAR,S,582900.0,620.0
17/08/2026,BSE,bulk,500399,STEELCO,GLASTON MARIO MENEZES,S,32000.0,194.81
17/08/2026,BSE,bulk,503659,SW1,GULIA VENTURES LLP,B,6604.0,140.03
17/08/2026,BSE,bulk,503659,SW1,VEENA PRAVIN KHIMAVAT,S,5000.0,140.0
17/08/2026,BSE,bulk,542765,TRANSPACT,JENISHA JAYESH MEHTA,S,2000.0,96.0
17/08/2026,BSE,bulk,542765,TRANSPACT,ENJORA VENTURES LLP,B,2000.0,96.0
17/08/2026,BSE,bulk,531257,VELLORA,SHAKEEL  GARG,S,31782.0,11.44
17/08/2026,BSE,bulk,532721,VISACHROME,ASSETS CARE AND RECONSTRUCTION ENTERPRISE LIMITED,S,7893513.0,38.0
17/08/2026,BSE,bulk,532721,VISACHROME,AL MAHA INVESTMENT FUND PCC - ONYX STRATEGY,B,7894000.0,38.0
17/08/2026,BSE,bulk,544770,YAASHVI,VISHAL BHANDARI .,B,105600.0,84.1
17/08/2026,BSE,block,543542,KESAR,MINERVA VENTURES FUND,B,1178000.0,1265.0
17/08/2026,BSE,block,543542,KESAR,FORBES EMF,S,1178000.0,1265.0
17/08/2026,BSE,block,503811,SIYSIL,DPP ENTERPRISES LLP,B,582900.0,620.0
17/08/2026,BSE,block,503811,SIYSIL,HARSHIT SHRIKISHAN PODDAR,S,582900.0,620.0
17-AUG-2026,NSE,bulk_deals,ATALREAL,Atal Realtech Limited,BULLPULSE MARKETEDGE PRIVATE LIMITED,BUY,748608,35.95
17-AUG-2026,NSE,bulk_deals,DHOOTTRANS,Dhoot Transmission Ltd,NK SECURITIES RESEARCH PRIVATE LIMITED,BUY,1123089,1171.15
17-AUG-2026,NSE,bulk_deals,ENCOMPAS,Encompass Design India L,RADIANT GLOBAL FUND-CLASS B PARTICIPATING SHARES,BUY,174000,232.0
17-AUG-2026,NSE,bulk_deals,EXPLEOSOL,Expleo Solutions Limited,GRT STRATEGIC VENTURES LLP,BUY,85187,923.89
17-AUG-2026,NSE,bulk_deals,EXPLEOSOL,Expleo Solutions Limited,BLITZQUANT RESEARCH LLP,BUY,107112,923.4
17-AUG-2026,NSE,bulk_deals,EXPLEOSOL,Expleo Solutions Limited,MICROCURVES TRADING PRIVATE LIMITED,BUY,277475,926.43
17-AUG-2026,NSE,bulk_deals,EXPLEOSOL,Expleo Solutions Limited,JUNOMONETA FINSOL PRIVATE LIMITED,BUY,184612,923.47
17-AUG-2026,NSE,bulk_deals,EXPLEOSOL,Expleo Solutions Limited,IRAGE BROKING SERVICES LLP,BUY,90757,924.92
17-AUG-2026,NSE,bulk_deals,EXPLEOSOL,Expleo Solutions Limited,NK SECURITIES RESEARCH PRIVATE LIMITED,BUY,297897,922.38
17-AUG-2026,NSE,bulk_deals,EXPLEOSOL,Expleo Solutions Limited,SILVERLEAF CAPITAL SERVICES PRIVATE LIMITED,BUY,123672,923.1
17-AUG-2026,NSE,bulk_deals,GATECH,GACM Technologies Limited,RATHOD DIGVIJAYSINH RAJENDRASINH,BUY,1609937,0.78
17-AUG-2026,NSE,bulk_deals,JEYYAM,Jeyyam Global Foods Ltd,GIRI PRASAD BALLA,BUY,242000,23.0
17-AUG-2026,NSE,bulk_deals,KERNEX,Kernex Microsystems (Indi,HRTI PRIVATE LIMITED,BUY,130695,1840.9
17-AUG-2026,NSE,bulk_deals,KERNEX,Kernex Microsystems (Indi,QE SECURITIES LLP,BUY,93243,1886.72
17-AUG-2026,NSE,bulk_deals,LASERPOWER,Laser Power & Infra Ltd,YUGA STOCKS AND COMMODITIES PRIVATE LIMITED,BUY,194650,313.35
17-AUG-2026,NSE,bulk_deals,LEAPIND,LEAP India Limited,GOVERNMENT OF SINGAPORE,BUY,2215127,155.28
17-AUG-2026,NSE,bulk_deals,MOLBIO,Molbio Diagnostics Ltd,NK SECURITIES RESEARCH PRIVATE LIMITED,BUY,579903,990.82
17-AUG-2026,NSE,bulk_deals,MOREPENLAB,Morepan Laboratories Ltd.,HRTI PRIVATE LIMITED,BUY,3672287,87.31
17-AUG-2026,NSE,bulk_deals,MOTISONS,Motisons Jewellers Ltd,JUNOMONETA FINSOL PRIVATE LIMITED,BUY,7112796,16.75
17-AUG-2026,NSE,bulk_deals,MOTISONS,Motisons Jewellers Ltd,HRTI PRIVATE LIMITED,BUY,7374464,16.69
17-AUG-2026,NSE,bulk_deals,MOTISONS,Motisons Jewellers Ltd,QE SECURITIES LLP,BUY,6260492,16.74
17-AUG-2026,NSE,bulk_deals,MOTISONS,Motisons Jewellers Ltd,ARIHANT CAPITAL MARKETS LIMITED,BUY,15148395,16.88
17-AUG-2026,NSE,bulk_deals,MUNJALAU,Munjal Auto Industries Li,HRTI PRIVATE LIMITED,BUY,658598,122.94
17-AUG-2026,NSE,bulk_deals,OSWALSEEDS,ShreeOswal S and Che Ltd,AMRITA JAIN,BUY,489461,14.09
17-AUG-2026,NSE,bulk_deals,PONNIERODE,Ponni Sugars (Erode) Limi,SESHASAYEE PAPER AND BOARDS LIMITED,BUY,290000,350.0
17-AUG-2026,NSE,bulk_deals,RATNAVEER,Ratnaveer Precision Eng L,NK SECURITIES RESEARCH PRIVATE LIMITED,BUY,359689,239.51
17-AUG-2026,NSE,bulk_deals,RATNAVEER,Ratnaveer Precision Eng L,QE SECURITIES LLP,BUY,1131931,239.63
17-AUG-2026,NSE,bulk_deals,RATNAVEER,Ratnaveer Precision Eng L,NITN  KAPOOR,BUY,400000,239.99
17-AUG-2026,NSE,bulk_deals,RATNAVEER,Ratnaveer Precision Eng L,MATHISYS QUANTCAP LLP,BUY,425126,238.6
17-AUG-2026,NSE,bulk_deals,RATNAVEER,Ratnaveer Precision Eng L,HRTI PRIVATE LIMITED,BUY,687410,239.45
17-AUG-2026,NSE,bulk_deals,RATNAVEER,Ratnaveer Precision Eng L,MICROCURVES TRADING PRIVATE LIMITED,BUY,423808,239.66
17-AUG-2026,NSE,bulk_deals,RATNAVEER,Ratnaveer Precision Eng L,JUNOMONETA FINSOL PRIVATE LIMITED,BUY,835931,239.3
17-AUG-2026,NSE,bulk_deals,RATNAVEER,Ratnaveer Precision Eng L,ARIHANT CAPITAL MARKETS LIMITED,BUY,2475129,239.46
17-AUG-2026,NSE,bulk_deals,RPPINFRA,R.P.P. Infra Projects Ltd,DIVA PROJECTS PRIVATE LIMITED,BUY,851430,58.67
17-AUG-2026,NSE,bulk_deals,RUDRA,Rudra Global Infra Prod L,KABRA  PRIYA,BUY,857605,23.56
17-AUG-2026,NSE,bulk_deals,SHANTI-RE,Shanti Gold Intl Ltd,NANDITA SURYAKANTBHAI MEHTA,BUY,49071,30.03
17-AUG-2026,NSE,bulk_deals,SHANTI-RE,Shanti Gold Intl Ltd,SHRIPAL V VORA (HUF),BUY,23899,32.92
17-AUG-2026,NSE,bulk_deals,STYLEBAAZA,Baazar Style Retail Ltd,ADITYA KUMAR HALWASIYA,BUY,4500000,362.0
17-AUG-2026,NSE,bulk_deals,TECHNOCRAF,Technocraft Ventures Ltd,NK SECURITIES RESEARCH PRIVATE LIMITED,BUY,231285,304.82
17-AUG-2026,NSE,bulk_deals,TFCILTD,Tourism Finance Corp,HRTI PRIVATE LIMITED,BUY,3122382,121.08
17-AUG-2026,NSE,bulk_deals,VIKRAMSOLR,Vikram Solar Limited,QE SECURITIES LLP,BUY,1812629,177.76
17-AUG-2026,NSE,bulk_deals,VIKRAMSOLR,Vikram Solar Limited,MICROCURVES TRADING PRIVATE LIMITED,BUY,2313498,180.08
17-AUG-2026,NSE,bulk_deals,VIKRAMSOLR,Vikram Solar Limited,HRTI PRIVATE LIMITED,BUY,2520406,179.08
17-AUG-2026,NSE,bulk_deals,VIKRAMSOLR,Vikram Solar Limited,JUNOMONETA FINSOL PRIVATE LIMITED,BUY,2650637,180.34
17-AUG-2026,NSE,bulk_deals,VINYAS,Vinyas Innovative Tech L,GINNI FINANCE PRIVATE LIMITED,BUY,100400,1315.93
17-AUG-2026,NSE,bulk_deals,VIVO,Vivo Collab Solutions Ltd,BHIM SAIN BASSI,BUY,11200,152.49
17-AUG-2026,NSE,bulk_deals,ZAGGLE,Zaggle Prepa Ocean Ser L,SETU SECURITIES PVT LTD,BUY,1350000,160.48
17-AUG-2026,NSE,bulk_deals,ZAGGLE,Zaggle Prepa Ocean Ser L,D3 STOCK VISION LLP,BUY,879922,160.95
17-AUG-2026,NSE,bulk_deals,ZAGGLE,Zaggle Prepa Ocean Ser L,MULTIPLIER SHARE & STOCK ADVISORS PRIVATE LIMITED,BUY,549749,160.95
17-AUG-2026,NSE,bulk_deals,ATALREAL,Atal Realtech Limited,BULLPULSE MARKETEDGE PRIVATE LIMITED,SELL,748608,36.0
17-AUG-2026,NSE,bulk_deals,DHOOTTRANS,Dhoot Transmission Ltd,NK SECURITIES RESEARCH PRIVATE LIMITED,SELL,1123089,1171.71
17-AUG-2026,NSE,bulk_deals,EIMCOELECO,Eimco Elecon (India) Ltd.,AEGIS INVESTMENT FUND,SELL,37324,2159.74
17-AUG-2026,NSE,bulk_deals,EMBASSY,Embassy Office Parks REIT,APAC COMPANY XXIII LIMITED,SELL,26725571,435.05
17-AUG-2026,NSE,bulk_deals,EMBASSY,Embassy Office Parks REIT,APAC COMPANY XXIII LIMITED,SELL,26725571,435.01
17-AUG-2026,NSE,bulk_deals,ENCOMPAS,Encompass Design India L,RJ HUF,SELL,100800,232.0
17-AUG-2026,NSE,bulk_deals,EXPLEOSOL,Expleo Solutions Limited,MICROCURVES TRADING PRIVATE LIMITED,SELL,277475,927.21
17-AUG-2026,NSE,bulk_deals,EXPLEOSOL,Expleo Solutions Limited,IRAGE BROKING SERVICES LLP,SELL,98605,924.44
17-AUG-2026,NSE,bulk_deals,EXPLEOSOL,Expleo Solutions Limited,BLITZQUANT RESEARCH LLP,SELL,107112,923.8
17-AUG-2026,NSE,bulk_deals,EXPLEOSOL,Expleo Solutions Limited,GRT STRATEGIC VENTURES LLP,SELL,85187,924.17
17-AUG-2026,NSE,bulk_deals,EXPLEOSOL,Expleo Solutions Limited,NK SECURITIES RESEARCH PRIVATE LIMITED,SELL,297897,922.82
17-AUG-2026,NSE,bulk_deals,EXPLEOSOL,Expleo Solutions Limited,JUNOMONETA FINSOL PRIVATE LIMITED,SELL,186878,923.78
17-AUG-2026,NSE,bulk_deals,EXPLEOSOL,Expleo Solutions Limited,SILVERLEAF CAPITAL SERVICES PRIVATE LIMITED,SELL,123672,924.0
17-AUG-2026,NSE,bulk_deals,GANGAFORGE,Ganga Forging Limited,SHARE INDIA SECURITIES LIMITED,SELL,1700000,2.49
17-AUG-2026,NSE,bulk_deals,GATECH,GACM Technologies Limited,RATHOD DIGVIJAYSINH RAJENDRASINH,SELL,20350000,0.79
17-AUG-2026,NSE,bulk_deals,JEYYAM,Jeyyam Global Foods Ltd,SHRIPAL SANGHVI,SELL,668000,22.96
17-AUG-2026,NSE,bulk_deals,KERNEX,Kernex Microsystems (Indi,QE SECURITIES LLP,SELL,87287,1836.47
17-AUG-2026,NSE,bulk_deals,KERNEX,Kernex Microsystems (Indi,HRTI PRIVATE LIMITED,SELL,102180,1861.05
17-AUG-2026,NSE,bulk_deals,LASERPOWER,Laser Power & Infra Ltd,YUGA STOCKS AND COMMODITIES PRIVATE LIMITED,SELL,1174660,308.81
17-AUG-2026,NSE,bulk_deals,MOLBIO,Molbio Diagnostics Ltd,NK SECURITIES RESEARCH PRIVATE LIMITED,SELL,579903,991.34
17-AUG-2026,NSE,bulk_deals,MOREPENLAB,Morepan Laboratories Ltd.,HRTI PRIVATE LIMITED,SELL,4127672,87.28
17-AUG-2026,NSE,bulk_deals,MOTISONS,Motisons Jewellers Ltd,HRTI PRIVATE LIMITED,SELL,7945933,16.72
17-AUG-2026,NSE,bulk_deals,MOTISONS,Motisons Jewellers Ltd,QE SECURITIES LLP,SELL,6271319,16.73
17-AUG-2026,NSE,bulk_deals,MOTISONS,Motisons Jewellers Ltd,ARIHANT CAPITAL MARKETS LIMITED,SELL,14116216,16.84
17-AUG-2026,NSE,bulk_deals,MOTISONS,Motisons Jewellers Ltd,JUNOMONETA FINSOL PRIVATE LIMITED,SELL,6936589,16.76
17-AUG-2026,NSE,bulk_deals,MUNJALAU,Munjal Auto Industries Li,HRTI PRIVATE LIMITED,SELL,631714,124.31
17-AUG-2026,NSE,bulk_deals,OSWALSEEDS,ShreeOswal S and Che Ltd,AMRITA JAIN,SELL,689461,14.01
17-AUG-2026,NSE,bulk_deals,PONNIERODE,Ponni Sugars (Erode) Limi,ATYANT CAPITAL INDIA FUND I,SELL,313525,349.85
17-AUG-2026,NSE,bulk_deals,RATNAVEER,Ratnaveer Precision Eng L,NK SECURITIES RESEARCH PRIVATE LIMITED,SELL,359689,239.61
17-AUG-2026,NSE,bulk_deals,RATNAVEER,Ratnaveer Precision Eng L,ARIHANT CAPITAL MARKETS LIMITED,SELL,2475129,240.07
17-AUG-2026,NSE,bulk_deals,RATNAVEER,Ratnaveer Precision Eng L,NIRMALKUMAR PAREEK,SELL,600000,234.04
17-AUG-2026,NSE,bulk_deals,RATNAVEER,Ratnaveer Precision Eng L,MICROCURVES TRADING PRIVATE LIMITED,SELL,423808,239.77
17-AUG-2026,NSE,bulk_deals,RATNAVEER,Ratnaveer Precision Eng L,JUNOMONETA FINSOL PRIVATE LIMITED,SELL,818391,239.29
17-AUG-2026,NSE,bulk_deals,RATNAVEER,Ratnaveer Precision Eng L,HRTI PRIVATE LIMITED,SELL,717209,238.93
17-AUG-2026,NSE,bulk_deals,RATNAVEER,Ratnaveer Precision Eng L,MATHISYS QUANTCAP LLP,SELL,453076,238.37
17-AUG-2026,NSE,bulk_deals,RATNAVEER,Ratnaveer Precision Eng L,QE SECURITIES LLP,SELL,1198886,238.42
17-AUG-2026,NSE,bulk_deals,RPPINFRA,R.P.P. Infra Projects Ltd,YAGAVI N A *,SELL,895286,58.68
17-AUG-2026,NSE,bulk_deals,RUDRA,Rudra Global Infra Prod L,KABRA  PRIYA,SELL,857604,24.05
17-AUG-2026,NSE,bulk_deals,STYLEBAAZA,Baazar Style Retail Ltd,BHAGWAN  PRASAD,SELL,1500000,362.0
17-AUG-2026,NSE,bulk_deals,STYLEBAAZA,Baazar Style Retail Ltd,SIDHARTH  SURANA,SELL,900000,362.0
17-AUG-2026,NSE,bulk_deals,STYLEBAAZA,Baazar Style Retail Ltd,SHREYANS SURANA,SELL,2100000,362.0
17-AUG-2026,NSE,bulk_deals,TECHNOCRAF,Technocraft Ventures Ltd,NK SECURITIES RESEARCH PRIVATE LIMITED,SELL,231285,305.05
17-AUG-2026,NSE,bulk_deals,TFCILTD,Tourism Finance Corp,HRTI PRIVATE LIMITED,SELL,2803353,121.24
17-AUG-2026,NSE,bulk_deals,VIKRAMSOLR,Vikram Solar Limited,JUNOMONETA FINSOL PRIVATE LIMITED,SELL,2669654,180.47
17-AUG-2026,NSE,bulk_deals,VIKRAMSOLR,Vikram Solar Limited,HRTI PRIVATE LIMITED,SELL,2424897,179.3
17-AUG-2026,NSE,bulk_deals,VIKRAMSOLR,Vikram Solar Limited,MICROCURVES TRADING PRIVATE LIMITED,SELL,2313498,180.14
17-AUG-2026,NSE,bulk_deals,VIKRAMSOLR,Vikram Solar Limited,QE SECURITIES LLP,SELL,1925995,177.54
17-AUG-2026,NSE,bulk_deals,VINYAS,Vinyas Innovative Tech L,GINNI FINANCE PRIVATE LIMITED,SELL,11900,1343.95
17-AUG-2026,NSE,bulk_deals,ZAGGLE,Zaggle Prepa Ocean Ser L,D3 STOCK VISION LLP,SELL,810815,160.89
17-AUG-2026,NSE,bulk_deals,ZAGGLE,Zaggle Prepa Ocean Ser L,SETU SECURITIES PVT LTD,SELL,604045,160.49
17-AUG-2026,NSE,bulk_deals,ZAGGLE,Zaggle Prepa Ocean Ser L,MULTIPLIER SHARE & STOCK ADVISORS PRIVATE LIMITED,SELL,699749,160.7
17-AUG-2026,NSE,block_deals,STYLEBAAZA,Baazar Style Retail Ltd,ADITYA KUMAR HALWASIYA,BUY,4500000,362.0
17-AUG-2026,NSE,block_deals,STYLEBAAZA,Baazar Style Retail Ltd,SHREYANS SURANA,SELL,2100000,362.0
17-AUG-2026,NSE,block_deals,STYLEBAAZA,Baazar Style Retail Ltd,SIDHARTH  SURANA,SELL,900000,362.0
17-AUG-2026,NSE,block_deals,STYLEBAAZA,Baazar Style Retail Ltd,BHAGWAN  PRASAD,SELL,1500000,362.0
17/08/2026,BSE,bulk,517356,ACIIN,PARESH DHIRAJLAL SHAH,S,1200000.0,2.15
17/08/2026,BSE,bulk,517356,ACIIN,DIVYA KANDA,B,800000.0,2.11
17/08/2026,BSE,bulk,517356,ACIIN,NEO APEX SHARE BROKING SERVICES LLP,S,571797.0,2.15
17/08/2026,BSE,bulk,543377,ADISHAKTI,ANAND MOHAN .,B,80000.0,6.18
17/08/2026,BSE,bulk,543377,ADISHAKTI,RAMASWAMY ANAND .,B,80000.0,6.16
17/08/2026,BSE,bulk,543377,ADISHAKTI,NARENDRA KUMAR CHITOSIA,S,80000.0,6.16
17/08/2026,BSE,bulk,544843,ADVANCETL,KAMAL KUMAR KABRA,S,78000.0,59.38
17/08/2026,BSE,bulk,544800,ANUBHAV,CAPITALSQUARE FINANCIAL SERVICES PRIVATE LIMITED,B,56000.0,50.14
17/08/2026,BSE,bulk,500051,BHAGGAS,MMD SECURITIES PVT LTD,B,90000.0,9.86
17/08/2026,BSE,bulk,539335,CALLISTA,ESPS CAPITAL ADVISORS PVT LTD,B,21000.0,164.6
17/08/2026,BSE,bulk,531909,CROISSANCE,APPLE EQUIFIN PRIVATE LIMITED,B,2154146.0,1.15
17/08/2026,BSE,bulk,531909,CROISSANCE,SIDDHANT SHIRISH SHAH,S,1886971.0,1.15
17/08/2026,BSE,bulk,531553,DRL,KRISHNA AWTAR JAGANNATH KABRA HUF,S,160000.0,28.63
17/08/2026,BSE,bulk,531553,DRL,KETAN P RANGA,B,65000.0,28.63
17/08/2026,BSE,bulk,526473,ELEFLOR,LAXMI NARAYAN DASH,B,114202.0,5.34
17/08/2026,BSE,bulk,526473,ELEFLOR,LAXMI NARAYAN DASH,S,526.0,5.14
17/08/2026,BSE,bulk,512441,ENBETRD,SATISH KUMAR ANANTA SATYANARAYANA ANAPU,S,1050000.0,0.36
17/08/2026,BSE,bulk,512441,ENBETRD,SATISH KUMAR ANANTA SATYANARAYANA ANAPU,B,4537735.0,0.36
17/08/2026,BSE,bulk,521137,EUREKAI,NEO APEX SHARE BROKING SERVICES LLP,B,100000.0,6.34
17/08/2026,BSE,bulk,521137,EUREKAI,BHAVESHBHAIDEVDASBHAICHAUDHARY,B,500.0,6.05
17/08/2026,BSE,bulk,521137,EUREKAI,GAYATHRIRADHAKRISHNAN,S,70000.0,6.34
17/08/2026,BSE,bulk,521137,EUREKAI,BHAVESHBHAIDEVDASBHAICHAUDHARY,S,50000.0,6.34
17/08/2026,BSE,bulk,521137,EUREKAI,ANAND MOHAN .,S,45922.0,6.34
17/08/2026,BSE,bulk,521137,EUREKAI,EPITOME TRADING AND INVESTMENTS,S,50523.0,6.34
17/08/2026,BSE,bulk,521137,EUREKAI,EPITOME TRADING AND INVESTMENTS,B,180781.0,6.34
17/08/2026,BSE,bulk,521137,EUREKAI,PARESH DHIRAJLAL SHAH,S,50000.0,6.34
17/08/2026,BSE,bulk,521137,EUREKAI,NIRYX CAPITAL,S,33016.0,6.33
17/08/2026,BSE,bulk,521137,EUREKAI,GREEN PEAKS ENTERPRISES LLP,S,40000.0,6.34
17/08/2026,BSE,bulk,521137,EUREKAI,GREEN PEAKS ENTERPRISES LLP,B,50431.0,6.17
17/08/2026,BSE,bulk,521137,EUREKAI,NIRYX CAPITAL,B,50000.0,6.34
17/08/2026,BSE,bulk,543372,GETALONG,RUTUJA TEXTILES PVT LTD,B,400000.0,7.08
17/08/2026,BSE,bulk,543372,GETALONG,SHAILESH SURESH LODHA,S,200000.0,7.08
17/08/2026,BSE,bulk,543372,GETALONG,NEEL AMIT SOLANKI,S,200000.0,7.08
17/08/2026,BSE,bulk,513059,GSAUTO,SUBRAT  BANERJEE,S,111982.0,13.6
17/08/2026,BSE,bulk,513059,GSAUTO,SUBRAT  BANERJEE,B,100.0,15.13
17/08/2026,BSE,bulk,514386,GUJCOTEX,RATHOD DIGVIJAYSINH RAJENDRASINH,B,700000.0,3.25
17/08/2026,BSE,bulk,514386,GUJCOTEX,RATHOD DIGVIJAYSINH RAJENDRASINH,S,700000.0,3.25
17/08/2026,BSE,bulk,514386,GUJCOTEX,KALARATRI MULTI TRADELINE LLP,S,1000000.0,3.25
17/08/2026,BSE,bulk,514386,GUJCOTEX,SPARKLING TRADEWING LLP,S,1000000.0,3.25
17/08/2026,BSE,bulk,514386,GUJCOTEX,MANSI SHARE AND STOCK BROKING PRIVATE LIMITED,B,1000.0,3.25
17/08/2026,BSE,bulk,514386,GUJCOTEX,MANSI SHARE AND STOCK BROKING PRIVATE LIMITED,S,696922.0,3.24
17/08/2026,BSE,bulk,514386,GUJCOTEX,EKNATHESHWAR MULTITRADE LLP,S,1000000.0,3.25
17/08/2026,BSE,bulk,514386,GUJCOTEX,JAGID VANITABEN RAJENDRAPRASAD,S,2876315.0,3.25
17/08/2026,BSE,bulk,514386,GUJCOTEX,JAGID VANITABEN RAJENDRAPRASAD,B,4219259.0,3.25
17/08/2026,BSE,bulk,544859,GVELECTRIC,MANSI SHARE AND STOCK BROKING PRIVATE LIMITED,B,28000.0,142.9
17/08/2026,BSE,bulk,544859,GVELECTRIC,MANSI SHARE AND STOCK BROKING PRIVATE LIMITED,S,61000.0,142.86
17/08/2026,BSE,bulk,539692,IFINSER,ARROW GREEN VENTURES,B,60000.0,14.58
17/08/2026,BSE,bulk,511355,INDCEMCAP,TALIB  ZAFAR,S,129680.0,24.67
17/08/2026,BSE,bulk,544160,JAYKAILASH,NEO APEX SHARE BROKING SERVICES LLP,B,33600.0,58.49
17/08/2026,BSE,bulk,544160,JAYKAILASH,JINESHBHAI NAVINBHAI DESAI,S,25600.0,58.49
17/08/2026,BSE,bulk,509715,JAYSREETEA,SWETABEN HARDIK SHAH,S,200000.0,88.56
17/08/2026,BSE,bulk,509715,JAYSREETEA,SWETABEN HARDIK SHAH,B,200000.0,88.51
17/08/2026,BSE,bulk,509715,JAYSREETEA,JAYASHREE  MOHTA,B,1252262.0,88.49
17/08/2026,BSE,bulk,509715,JAYSREETEA,SETU SECURITIES PVT LTD,B,200000.0,88.51
17/08/2026,BSE,bulk,509715,JAYSREETEA,SETU SECURITIES PVT LTD,S,200000.0,88.53
17/08/2026,BSE,bulk,509715,JAYSREETEA,ARES DIVERSIFIED,S,1400000.0,88.5
17/08/2026,BSE,bulk,543939,KAKA,JUGGERNAUT ENTERPRISE,B,76000.0,232.98
17/08/2026,BSE,bulk,539679,KAPILRAJ,PURSHOTTAM KUMAR GUPTA,B,1000000.0,1.62
17/08/2026,BSE,bulk,539679,KAPILRAJ,PRAVIN PRAKASH SALVI,S,4383278.0,1.55
17/08/2026,BSE,bulk,539679,KAPILRAJ,PSANSKAR INDIA PRIVATE LIMITED,B,600000.0,1.58
17/08/2026,BSE,bulk,539679,KAPILRAJ,PSANSKAR INDIA PRIVATE LIMITED,S,300000.0,1.62
17/08/2026,BSE,bulk,539679,KAPILRAJ,POOJA KOCHAR,B,1213734.0,1.55
17/08/2026,BSE,bulk,539679,KAPILRAJ,FAST TRACK FINSEC PRIVATE LIMITED,S,800000.0,1.62
17/08/2026,BSE,bulk,543542,KESAR,MINERVA VENTURES FUND,B,1178000.0,1265.0
17/08/2026,BSE,bulk,543542,KESAR,FORBES EMF,S,1178000.0,1265.0
17/08/2026,BSE,bulk,544863,LAPL,F3 ADVISORS PRIVATE LIMITED,B,100800.0,121.73
17/08/2026,BSE,bulk,531680,MAYUR,OASIS SECURITIES LIMITED,B,25000.0,22.14
17/08/2026,BSE,bulk,531680,MAYUR,UDAY  TINKER,S,25001.0,22.14
17/08/2026,BSE,bulk,517431,NARMP,MANJULABEN MAHENDRAKUMAR SHAH,S,244106.0,23.56
17/08/2026,BSE,bulk,531496,OMKAR,AUMIT CAPITAL ADVISORS LIMITED,S,50000.0,10.68
17/08/2026,BSE,bulk,512591,PULSRIN,SHARE INDIA SECURITIES LIMITED,S,1448912.0,0.47
17/08/2026,BSE,bulk,512591,PULSRIN,SHARE INDIA SECURITIES LIMITED,B,2580599.0,0.48
17/08/2026,BSE,bulk,538647,PURSHOTTAM,KIWI DEALCOM PRIVATE LIMITED,B,122000.0,36.0
17/08/2026,BSE,bulk,544746,SCDL,L7 HITECH PRIVATE LIMITED,S,102400.0,60.09
17/08/2026,BSE,bulk,503811,SIYSIL,DPP ENTERPRISES LLP,B,582900.0,620.0
17/08/2026,BSE,bulk,503811,SIYSIL,HARSHIT SHRIKISHAN PODDAR,S,582900.0,620.0
17/08/2026,BSE,bulk,500399,STEELCO,GLASTON MARIO MENEZES,S,32000.0,194.81
17/08/2026,BSE,bulk,503659,SW1,GULIA VENTURES LLP,B,6604.0,140.03
17/08/2026,BSE,bulk,503659,SW1,VEENA PRAVIN KHIMAVAT,S,5000.0,140.0
17/08/2026,BSE,bulk,542765,TRANSPACT,JENISHA JAYESH MEHTA,S,2000.0,96.0
17/08/2026,BSE,bulk,542765,TRANSPACT,ENJORA VENTURES LLP,B,2000.0,96.0
17/08/2026,BSE,bulk,531257,VELLORA,SHAKEEL  GARG,S,31782.0,11.44
17/08/2026,BSE,bulk,532721,VISACHROME,ASSETS CARE AND RECONSTRUCTION ENTERPRISE LIMITED,S,7893513.0,38.0
17/08/2026,BSE,bulk,532721,VISACHROME,AL MAHA INVESTMENT FUND PCC - ONYX STRATEGY,B,7894000.0,38.0
17/08/2026,BSE,bulk,544770,YAASHVI,VISHAL BHANDARI .,B,105600.0,84.1
17/08/2026,BSE,block,543542,KESAR,MINERVA VENTURES FUND,B,1178000.0,1265.0
17/08/2026,BSE,block,543542,KESAR,FORBES EMF,S,1178000.0,1265.0
17/08/2026,BSE,block,503811,SIYSIL,DPP ENTERPRISES LLP,B,582900.0,620.0
17/08/2026,BSE,block,503811,SIYSIL,HARSHIT SHRIKISHAN PODDAR,S,582900.0,620.0
18-AUG-2026,NSE,bulk_deals,ASIANTILES,Asian Granito India Limit,THAKKAR NILESHKUMAR FARSHURAM HUF,BUY,2000000,46.19
18-AUG-2026,NSE,bulk_deals,ATALREAL,Atal Realtech Limited,QE SECURITIES LLP,BUY,1450099,34.2
18-AUG-2026,NSE,bulk_deals,ATALREAL,Atal Realtech Limited,ACME CAPITAL MARKET LIMITED,BUY,2901339,34.63
18-AUG-2026,NSE,bulk_deals,ATALREAL,Atal Realtech Limited,RG  HUF,BUY,1435245,35.26
18-AUG-2026,NSE,bulk_deals,ATALREAL,Atal Realtech Limited,HRTI PRIVATE LIMITED,BUY,2320997,33.84
18-AUG-2026,NSE,bulk_deals,ATALREAL,Atal Realtech Limited,BULLPULSE MARKETEDGE PRIVATE LIMITED,BUY,659057,35.8
18-AUG-2026,NSE,bulk_deals,ATALREAL,Atal Realtech Limited,ALTIZEN VENTURES LLP,BUY,1377840,34.61
18-AUG-2026,NSE,bulk_deals,ATALREAL,Atal Realtech Limited,CHAUBARA EATS PRIVATE LIMITED,BUY,1500000,35.76
18-AUG-2026,NSE,bulk_deals,ATALREAL,Atal Realtech Limited,L7 HITECH PRIVATE LIMITED,BUY,1200000,33.28
18-AUG-2026,NSE,bulk_deals,ATALREAL,Atal Realtech Limited,HJS SECURITIES PRIVATE LIMITED,BUY,812166,34.89
18-AUG-2026,NSE,bulk_deals,BMLL,Bio Medica Laboratories L,AGGARWAL ATUL KASTURILAL,BUY,116000,153.5
18-AUG-2026,NSE,bulk_deals,BMLL,Bio Medica Laboratories L,RATHOD MANOJ CHHAGANLAL HUF,BUY,46000,156.37
18-AUG-2026,NSE,bulk_deals,E2ERAIL,E To E Trans Infra Ltd,RAMDOOT REALTORS PVT LTD,BUY,89600,301.56
18-AUG-2026,NSE,bulk_deals,E2ERAIL,E To E Trans Infra Ltd,PARTH INFIN BROKERS PVT LTD,BUY,93600,299.84
18-AUG-2026,NSE,bulk_deals,GATECH,GACM Technologies Limited,RATHOD DIGVIJAYSINH RAJENDRASINH,BUY,1116333,0.8
18-AUG-2026,NSE,bulk_deals,GCSL,Gretex Corporate Services,MANSUKH SECURITIES & FINANCE LIMITED,BUY,156604,515.59
18-AUG-2026,NSE,bulk_deals,GKSL,Gujarat Kidney N Sup Sp L,L7 HITECH PRIVATE LIMITED,BUY,530988,153.34
18-AUG-2026,NSE,bulk_deals,ICIL,Indo Count Industries Ltd,MICROCURVES TRADING PRIVATE LIMITED,BUY,1497202,444.94
18-AUG-2026,NSE,bulk_deals,JINDRILL,Jindal Drilling And Indus,NK SECURITIES RESEARCH PRIVATE LIMITED,BUY,475629,656.96
18-AUG-2026,NSE,bulk_deals,JINDRILL,Jindal Drilling And Indus,ALPHAGREP SECURITIES PRIVATE LIMITED,BUY,159850,649.92
18-AUG-2026,NSE,bulk_deals,JINDRILL,Jindal Drilling And Indus,IRAGE BROKING SERVICES LLP,BUY,243833,658.52
18-AUG-2026,NSE,bulk_deals,JINDRILL,Jindal Drilling And Indus,JUMP TRADING FINANCIAL INDIA PRIVATE LIMITED,BUY,195219,658.48
18-AUG-2026,NSE,bulk_deals,JINDRILL,Jindal Drilling And Indus,HRTI PRIVATE LIMITED,BUY,181915,649.96
18-AUG-2026,NSE,bulk_deals,JINDRILL,Jindal Drilling And Indus,MICROCURVES TRADING PRIVATE LIMITED,BUY,955476,656.32
18-AUG-2026,NSE,bulk_deals,JINDRILL,Jindal Drilling And Indus,BLITZQUANT RESEARCH LLP,BUY,405182,660.27
18-AUG-2026,NSE,bulk_deals,JINDRILL,Jindal Drilling And Indus,ELIXIR WEALTH MANAGEMENT PRIVATE LIMITED,BUY,571110,654.5
18-AUG-2026,NSE,bulk_deals,JINDRILL,Jindal Drilling And Indus,DIPAN MEHTA COMMODITIES PRIVATE LIMITED,BUY,324266,663.71
18-AUG-2026,NSE,bulk_deals,JINDRILL,Jindal Drilling And Indus,MUSIGMA SECURITIES,BUY,174952,652.64
18-AUG-2026,NSE,bulk_deals,JINDRILL,Jindal Drilling And Indus,JUNOMONETA FINSOL PRIVATE LIMITED,BUY,575335,654.53
18-AUG-2026,NSE,bulk_deals,JINDRILL,Jindal Drilling And Indus,QE SECURITIES LLP,BUY,273152,651.07
18-AUG-2026,NSE,bulk_deals,KANDARP,Kandarp Dg Smart Bpo Ltd,RG  HUF,BUY,45000,99.44
18-AUG-2026,NSE,bulk_deals,KERNEX,Kernex Microsystems (Indi,QE SECURITIES LLP,BUY,102150,1852.15
18-AUG-2026,NSE,bulk_deals,KERNEX,Kernex Microsystems (Indi,HRTI PRIVATE LIMITED,BUY,94703,1838.06
18-AUG-2026,NSE,bulk_deals,MOTISONS,Motisons Jewellers Ltd,QE SECURITIES LLP,BUY,5801519,16.77
18-AUG-2026,NSE,bulk_deals,MOTISONS,Motisons Jewellers Ltd,ARIHANT CAPITAL MARKETS LIMITED,BUY,16440974,16.61
18-AUG-2026,NSE,bulk_deals,MOTISONS,Motisons Jewellers Ltd,JUNOMONETA FINSOL PRIVATE LIMITED,BUY,5939213,16.66
18-AUG-2026,NSE,bulk_deals,MOTISONS,Motisons Jewellers Ltd,HRTI PRIVATE LIMITED,BUY,6926365,16.67
18-AUG-2026,NSE,bulk_deals,MOTISONS,Motisons Jewellers Ltd,NIRMALKUMAR PAREEK,BUY,2200000,16.6
18-AUG-2026,NSE,bulk_deals,NAGREEKEXP,Nagreeka Exports Limited,IRAGE BROKING SERVICES LLP,BUY,157358,24.32
18-AUG-2026,NSE,bulk_deals,NAGREEKEXP,Nagreeka Exports Limited,ORION STOCKS LTD,BUY,111632,24.06
18-AUG-2026,NSE,bulk_deals,NELCO,Nelco Ltd.,HRTI PRIVATE LIMITED,BUY,127937,973.47
18-AUG-2026,NSE,bulk_deals,NELCO,Nelco Ltd.,QE SECURITIES LLP,BUY,117760,969.59
18-AUG-2026,NSE,bulk_deals,NXT-INFRA,Nxt-Infra Trust,LARSEN & TOUBRO LIMITED,BUY,20875000,95.33
18-AUG-2026,NSE,bulk_deals,RATNAVEER,Ratnaveer Precision Eng L,HRTI PRIVATE LIMITED,BUY,356983,251.9
18-AUG-2026,NSE,bulk_deals,RATNAVEER,Ratnaveer Precision Eng L,ARIHANT CAPITAL MARKETS LIMITED,BUY,1974391,251.9
18-AUG-2026,NSE,bulk_deals,RATNAVEER,Ratnaveer Precision Eng L,MATHISYS QUANTCAP LLP,BUY,357901,251.53
18-AUG-2026,NSE,bulk_deals,RATNAVEER,Ratnaveer Precision Eng L,QE SECURITIES LLP,BUY,806698,252.1
18-AUG-2026,NSE,bulk_deals,RATNAVEER,Ratnaveer Precision Eng L,NIRMALKUMAR PAREEK,BUY,500000,250.99
18-AUG-2026,NSE,bulk_deals,RATNAVEER,Ratnaveer Precision Eng L,JUNOMONETA FINSOL PRIVATE LIMITED,BUY,658747,251.55
18-AUG-2026,NSE,bulk_deals,SBC,SBC Exports Limited,DEEPIKA GUPTA,BUY,2674948,38.69
18-AUG-2026,NSE,bulk_deals,STYLEBAAZA,Baazar Style Retail Ltd,MANSI SHARE AND STOCK BROKING PRIVATE LIMITED,BUY,176179,402.64
18-AUG-2026,NSE,bulk_deals,SUBEXLTD,Subex Ltd,YUGA STOCKS AND COMMODITIES PRIVATE LIMITED,BUY,10076356,16.52
18-AUG-2026,NSE,bulk_deals,WELINV,Welspun Inv & Comm Ltd,LLOYDS ENTERPRISES LIMITED,BUY,97622,1790.0
18-AUG-2026,NSE,bulk_deals,ZAGGLE,Zaggle Prepa Ocean Ser L,JUNOMONETA FINSOL PRIVATE LIMITED,BUY,874417,165.04
18-AUG-2026,NSE,bulk_deals,ZAGGLE,Zaggle Prepa Ocean Ser L,HRTI PRIVATE LIMITED,BUY,624170,164.79
18-AUG-2026,NSE,bulk_deals,ZAGGLE,Zaggle Prepa Ocean Ser L,MICROCURVES TRADING PRIVATE LIMITED,BUY,730405,165.53
18-AUG-2026,NSE,bulk_deals,ZAGGLE,Zaggle Prepa Ocean Ser L,QE SECURITIES LLP,BUY,1182069,166.2
18-AUG-2026,NSE,bulk_deals,ZAGGLE,Zaggle Prepa Ocean Ser L,KEDIA SECURITIES PRIVATE LIMITED,BUY,2000000,164.72
18-AUG-2026,NSE,bulk_deals,ASIANTILES,Asian Granito India Limit,GIRISH KALIDASBHAI PATEL,SELL,1991593,46.19
18-AUG-2026,NSE,bulk_deals,ASIANTILES,Asian Granito India Limit,THAKKAR NILESHKUMAR FARSHURAM HUF,SELL,1717434,46.37
18-AUG-2026,NSE,bulk_deals,ASPIRE,Aspire & Innovative Adv L,GAVRILL METAL PRIVATE LIMITED,SELL,118000,14.01
18-AUG-2026,NSE,bulk_deals,ATALREAL,Atal Realtech Limited,QE SECURITIES LLP,SELL,1374707,33.53
18-AUG-2026,NSE,bulk_deals,ATALREAL,Atal Realtech Limited,ALTIZEN VENTURES LLP,SELL,1154915,34.51
18-AUG-2026,NSE,bulk_deals,ATALREAL,Atal Realtech Limited,HRTI PRIVATE LIMITED,SELL,3080321,33.95
18-AUG-2026,NSE,bulk_deals,ATALREAL,Atal Realtech Limited,RAAVI ENTERPRISE,SELL,1280000,35.45
18-AUG-2026,NSE,bulk_deals,ATALREAL,Atal Realtech Limited,L7 HITECH PRIVATE LIMITED,SELL,80000,31.82
18-AUG-2026,NSE,bulk_deals,ATALREAL,Atal Realtech Limited,BULLPULSE MARKETEDGE PRIVATE LIMITED,SELL,659057,36.0
18-AUG-2026,NSE,bulk_deals,ATALREAL,Atal Realtech Limited,ACME CAPITAL MARKET LIMITED,SELL,2901339,35.02
18-AUG-2026,NSE,bulk_deals,ATALREAL,Atal Realtech Limited,CHAUBARA EATS PRIVATE LIMITED,SELL,1500000,35.78
18-AUG-2026,NSE,bulk_deals,ATALREAL,Atal Realtech Limited,HJS SECURITIES PRIVATE LIMITED,SELL,812166,35.3
18-AUG-2026,NSE,bulk_deals,BMLL,Bio Medica Laboratories L,MAHABIR TRADEVENTURES LLP,SELL,116000,153.5
18-AUG-2026,NSE,bulk_deals,BMLL,Bio Medica Laboratories L,RATHOD MANOJ CHHAGANLAL HUF,SELL,91000,156.36
18-AUG-2026,NSE,bulk_deals,CYIENT,Cyient Limited,HDFC MUTUAL FUND,SELL,532526,854.01
18-AUG-2026,NSE,bulk_deals,E2ERAIL,E To E Trans Infra Ltd,RAMDOOT REALTORS PVT LTD,SELL,89600,300.36
18-AUG-2026,NSE,bulk_deals,E2ERAIL,E To E Trans Infra Ltd,PARTH INFIN BROKERS PVT LTD,SELL,93600,302.14
18-AUG-2026,NSE,bulk_deals,ESCONET,Esconet Technologies Ltd,SUNIL KUMAR AGRAWAL,SELL,83600,173.36
18-AUG-2026,NSE,bulk_deals,GATECH,GACM Technologies Limited,L7 HITECH PRIVATE LIMITED,SELL,10603379,0.81
18-AUG-2026,NSE,bulk_deals,GATECH,GACM Technologies Limited,RATHOD DIGVIJAYSINH RAJENDRASINH,SELL,11974814,0.81
18-AUG-2026,NSE,bulk_deals,GCSL,Gretex Corporate Services,MANSUKH SECURITIES & FINANCE LIMITED,SELL,153704,507.91
18-AUG-2026,NSE,bulk_deals,GKSL,Gujarat Kidney N Sup Sp L,L7 HITECH PRIVATE LIMITED,SELL,99709,153.75
18-AUG-2026,NSE,bulk_deals,ICIL,Indo Count Industries Ltd,MICROCURVES TRADING PRIVATE LIMITED,SELL,1497197,445.31
18-AUG-2026,NSE,bulk_deals,JINDRILL,Jindal Drilling And Indus,ELIXIR WEALTH MANAGEMENT PRIVATE LIMITED,SELL,563122,655.52
18-AUG-2026,NSE,bulk_deals,JINDRILL,Jindal Drilling And Indus,MUSIGMA SECURITIES,SELL,174952,653.08
18-AUG-2026,NSE,bulk_deals,JINDRILL,Jindal Drilling And Indus,BLITZQUANT RESEARCH LLP,SELL,405182,660.57
18-AUG-2026,NSE,bulk_deals,JINDRILL,Jindal Drilling And Indus,MICROCURVES TRADING PRIVATE LIMITED,SELL,955476,656.87
18-AUG-2026,NSE,bulk_deals,JINDRILL,Jindal Drilling And Indus,JUNOMONETA FINSOL PRIVATE LIMITED,SELL,573995,654.82
18-AUG-2026,NSE,bulk_deals,JINDRILL,Jindal Drilling And Indus,JUMP TRADING FINANCIAL INDIA PRIVATE LIMITED,SELL,195219,660.31
18-AUG-2026,NSE,bulk_deals,JINDRILL,Jindal Drilling And Indus,HRTI PRIVATE LIMITED,SELL,168708,652.29
18-AUG-2026,NSE,bulk_deals,JINDRILL,Jindal Drilling And Indus,QE SECURITIES LLP,SELL,273152,649.43
18-AUG-2026,NSE,bulk_deals,JINDRILL,Jindal Drilling And Indus,IRAGE BROKING SERVICES LLP,SELL,224637,656.37
18-AUG-2026,NSE,bulk_deals,JINDRILL,Jindal Drilling And Indus,ALPHAGREP SECURITIES PRIVATE LIMITED,SELL,159850,650.58
18-AUG-2026,NSE,bulk_deals,JINDRILL,Jindal Drilling And Indus,DIPAN MEHTA COMMODITIES PRIVATE LIMITED,SELL,323766,663.77
18-AUG-2026,NSE,bulk_deals,JINDRILL,Jindal Drilling And Indus,NK SECURITIES RESEARCH PRIVATE LIMITED,SELL,475629,657.27
18-AUG-2026,NSE,bulk_deals,KANDARP,Kandarp Dg Smart Bpo Ltd,RAAVI ENTERPRISE,SELL,45000,99.44
18-AUG-2026,NSE,bulk_deals,KERNEX,Kernex Microsystems (Indi,QE SECURITIES LLP,SELL,99466,1842.03
18-AUG-2026,NSE,bulk_deals,KERNEX,Kernex Microsystems (Indi,HRTI PRIVATE LIMITED,SELL,101858,1853.03
18-AUG-2026,NSE,bulk_deals,MOTISONS,Motisons Jewellers Ltd,NIRMALKUMAR PAREEK,SELL,9000000,16.56
18-AUG-2026,NSE,bulk_deals,MOTISONS,Motisons Jewellers Ltd,HRTI PRIVATE LIMITED,SELL,7594933,16.6
18-AUG-2026,NSE,bulk_deals,MOTISONS,Motisons Jewellers Ltd,JUNOMONETA FINSOL PRIVATE LIMITED,SELL,5738699,16.69
18-AUG-2026,NSE,bulk_deals,MOTISONS,Motisons Jewellers Ltd,QE SECURITIES LLP,SELL,5743093,16.63
18-AUG-2026,NSE,bulk_deals,MOTISONS,Motisons Jewellers Ltd,ARIHANT CAPITAL MARKETS LIMITED,SELL,17523888,16.64
18-AUG-2026,NSE,bulk_deals,NAGREEKEXP,Nagreeka Exports Limited,ORION STOCKS LTD,SELL,156840,24.27
18-AUG-2026,NSE,bulk_deals,NAGREEKEXP,Nagreeka Exports Limited,IRAGE BROKING SERVICES LLP,SELL,131808,23.92
18-AUG-2026,NSE,bulk_deals,NATIONSTD,National Stand (India) L,NARINDER PAL SINGH,SELL,102299,147.91
18-AUG-2026,NSE,bulk_deals,NELCO,Nelco Ltd.,HRTI PRIVATE LIMITED,SELL,272879,975.08
18-AUG-2026,NSE,bulk_deals,NELCO,Nelco Ltd.,QE SECURITIES LLP,SELL,117472,979.68
18-AUG-2026,NSE,bulk_deals,NXT-INFRA,Nxt-Infra Trust,A.K. CAPITAL FINANCE LIMITED,SELL,21050000,95.33
18-AUG-2026,NSE,bulk_deals,OMFURN,Omfurn India Limited,ZYANA STOCKS AND COMMODITIES,SELL,154800,55.28
18-AUG-2026,NSE,bulk_deals,PAYTM,One 97 Communications Ltd,RESILIENT ASSET MANAGEMENT B V,SELL,19210110,1535.1
18-AUG-2026,NSE,bulk_deals,PONNIERODE,Ponni Sugars (Erode) Limi,UNIVERSAL CINE TRADES PVT LTD,SELL,50000,365.19
18-AUG-2026,NSE,bulk_deals,PROPSHOP,Propshop Events and Exh L,NOVA GLOBAL OPPORTUNITIES FUND PCC - TOUCHSTONE,SELL,136000,70.0
18-AUG-2026,NSE,bulk_deals,RATNAVEER,Ratnaveer Precision Eng L,ARIHANT CAPITAL MARKETS LIMITED,SELL,1957405,252.33
18-AUG-2026,NSE,bulk_deals,RATNAVEER,Ratnaveer Precision Eng L,JUNOMONETA FINSOL PRIVATE LIMITED,SELL,629219,251.63
18-AUG-2026,NSE,bulk_deals,RATNAVEER,Ratnaveer Precision Eng L,HRTI PRIVATE LIMITED,SELL,473723,252.12
18-AUG-2026,NSE,bulk_deals,RATNAVEER,Ratnaveer Precision Eng L,MATHISYS QUANTCAP LLP,SELL,382434,251.44
18-AUG-2026,NSE,bulk_deals,RATNAVEER,Ratnaveer Precision Eng L,QE SECURITIES LLP,SELL,813990,251.65
18-AUG-2026,NSE,bulk_deals,SHANTI-RE,Shanti Gold Intl Ltd,SHRIPAL V VORA (HUF),SELL,23899,28.5
18-AUG-2026,NSE,bulk_deals,SHANTI-RE,Shanti Gold Intl Ltd,NANDITA SURYAKANTBHAI MEHTA,SELL,47496,33.95
18-AUG-2026,NSE,bulk_deals,SOUTHWEST,South West Pinnacle Ltd,VIKAS JAIN,SELL,563138,229.49
18-AUG-2026,NSE,bulk_deals,STYLEBAAZA,Baazar Style Retail Ltd,MANSI SHARE AND STOCK BROKING PRIVATE LIMITED,SELL,666172,402.65
18-AUG-2026,NSE,bulk_deals,STYLEBAAZA,Baazar Style Retail Ltd,ANKUSH  KEDIA,SELL,381000,402.65
18-AUG-2026,NSE,bulk_deals,SUBEXLTD,Subex Ltd,YUGA STOCKS AND COMMODITIES PRIVATE LIMITED,SELL,6500946,16.45
18-AUG-2026,NSE,bulk_deals,ZAGGLE,Zaggle Prepa Ocean Ser L,MICROCURVES TRADING PRIVATE LIMITED,SELL,730405,165.52
18-AUG-2026,NSE,bulk_deals,ZAGGLE,Zaggle Prepa Ocean Ser L,QE SECURITIES LLP,SELL,1141326,164.51
18-AUG-2026,NSE,bulk_deals,ZAGGLE,Zaggle Prepa Ocean Ser L,JUNOMONETA FINSOL PRIVATE LIMITED,SELL,921866,164.96
18-AUG-2026,NSE,bulk_deals,ZAGGLE,Zaggle Prepa Ocean Ser L,HRTI PRIVATE LIMITED,SELL,682612,165.02
18-AUG-2026,NSE,block_deals,PAYTM,One 97 Communications Ltd,ADITYA BIRLA SUN LIFE MUTUAL FUND,BUY,4606,1535.1
18-AUG-2026,NSE,block_deals,PAYTM,One 97 Communications Ltd,VITTORIA FUND-OC,BUY,86277,1535.1
18-AUG-2026,NSE,block_deals,PAYTM,One 97 Communications Ltd,ADITYA BIRLA SUN LIFE MUTUAL FUND,BUY,30005,1535.1
18-AUG-2026,NSE,block_deals,PAYTM,One 97 Communications Ltd,ADITYA BIRLA SUN LIFE MUTUAL FUND,BUY,80014,1535.1
18-AUG-2026,NSE,block_deals,PAYTM,One 97 Communications Ltd,ADITYA BIRLA SUN LIFE MUTUAL FUND,BUY,120021,1535.1
18-AUG-2026,NSE,block_deals,PAYTM,One 97 Communications Ltd,BNP PARIBAS FINANCIAL MARKETS - ODI,BUY,200000,1535.1
18-AUG-2026,NSE,block_deals,PAYTM,One 97 Communications Ltd,GHISALLO MASTER FUND LP,BUY,190000,1535.1
18-AUG-2026,NSE,block_deals,PAYTM,One 97 Communications Ltd,GOLDMAN SACHS BANK EUROPE SE,BUY,2255000,1535.1
18-AUG-2026,NSE,block_deals,PAYTM,One 97 Communications Ltd,HDFC MUTUAL FUND,BUY,81428,1535.1
18-AUG-2026,NSE,block_deals,PAYTM,One 97 Communications Ltd,HDFC MUTUAL FUND.,BUY,81428,1535.1
18-AUG-2026,NSE,block_deals,PAYTM,One 97 Communications Ltd,HSBC MUTUAL FUND,BUY,155000,1535.1
18-AUG-2026,NSE,block_deals,PAYTM,One 97 Communications Ltd,HSBC MUTUAL FUND,BUY,170497,1535.1
18-AUG-2026,NSE,block_deals,PAYTM,One 97 Communications Ltd,HSBC MUTUAL FUND,BUY,604503,1535.1
18-AUG-2026,NSE,block_deals,PAYTM,One 97 Communications Ltd,ICICI PRUDENTIAL LIFE INSURANCE COMPANY LIMITED,BUY,460000,1535.1
18-AUG-2026,NSE,block_deals,PAYTM,One 97 Communications Ltd,INTEGRATED CORE STRATEGIES (ASIA) PTE. LTD.,BUY,930000,1535.1
18-AUG-2026,NSE,block_deals,PAYTM,One 97 Communications Ltd,KOTAK MAHINDRA MUTUAL FUND,BUY,190000,1535.1
18-AUG-2026,NSE,block_deals,PAYTM,One 97 Communications Ltd,MY ASIAN OPPORTUNITIES MASTER FUND,BUY,1450000,1535.1
18-AUG-2026,NSE,block_deals,PAYTM,One 97 Communications Ltd,NORTH ROCK SG VCC,BUY,575000,1535.1
18-AUG-2026,NSE,block_deals,PAYTM,One 97 Communications Ltd,OXBOW INDIA FUND,BUY,18750,1535.1
18-AUG-2026,NSE,block_deals,PAYTM,One 97 Communications Ltd,OXBOW MASTER FUND LIMITED,BUY,644973,1535.1
18-AUG-2026,NSE,block_deals,PAYTM,One 97 Communications Ltd,ADITYA BIRLA SUN LIFE MUTUAL FUND,BUY,15354,1535.1
18-AUG-2026,NSE,block_deals,PAYTM,One 97 Communications Ltd,SBI MUTUAL FUND,BUY,326250,1535.1
18-AUG-2026,NSE,block_deals,PAYTM,One 97 Communications Ltd,SBI MUTUAL FUND,BUY,412515,1535.1
18-AUG-2026,NSE,block_deals,PAYTM,One 97 Communications Ltd,SBI MUTUAL FUND,BUY,550020,1535.1
18-AUG-2026,NSE,block_deals,PAYTM,One 97 Communications Ltd,SBI MUTUAL FUND,BUY,1375050,1535.1
18-AUG-2026,NSE,block_deals,PAYTM,One 97 Communications Ltd,SBI MUTUAL FUND,BUY,2749563,1535.1
18-AUG-2026,NSE,block_deals,PAYTM,One 97 Communications Ltd,SOCIETE GENERALE,BUY,2840000,1535.1
18-AUG-2026,NSE,block_deals,PAYTM,One 97 Communications Ltd,SUNDARAM MUTUAL FUND,BUY,32570,1535.1
18-AUG-2026,NSE,block_deals,PAYTM,One 97 Communications Ltd,SUNDARAM MUTUAL FUND,BUY,43661,1535.1
18-AUG-2026,NSE,block_deals,PAYTM,One 97 Communications Ltd,SUNDARAM MUTUAL FUND,BUY,65145,1535.1
18-AUG-2026,NSE,block_deals,PAYTM,One 97 Communications Ltd,SUNDARAM MUTUAL FUND,BUY,178624,1535.1
18-AUG-2026,NSE,block_deals,PAYTM,One 97 Communications Ltd,TATA AIA LIFE INSURANCE COMPANY LIMITED,BUY,556,1535.1
18-AUG-2026,NSE,block_deals,PAYTM,One 97 Communications Ltd,TATA AIA LIFE INSURANCE COMPANY LIMITED,BUY,2259,1535.1
18-AUG-2026,NSE,block_deals,PAYTM,One 97 Communications Ltd,TATA AIA LIFE INSURANCE COMPANY LIMITED,BUY,22181,1535.1
18-AUG-2026,NSE,block_deals,PAYTM,One 97 Communications Ltd,TATA AIA LIFE INSURANCE COMPANY LIMITED,BUY,32057,1535.1
18-AUG-2026,NSE,block_deals,PAYTM,One 97 Communications Ltd,TATA AIA LIFE INSURANCE COMPANY LIMITED,BUY,34747,1535.1
18-AUG-2026,NSE,block_deals,PAYTM,One 97 Communications Ltd,TATA AIA LIFE INSURANCE COMPANY LIMITED,BUY,81589,1535.1
18-AUG-2026,NSE,block_deals,PAYTM,One 97 Communications Ltd,TATA AIA LIFE INSURANCE COMPANY LIMITED,BUY,203180,1535.1
18-AUG-2026,NSE,block_deals,PAYTM,One 97 Communications Ltd,TATA AIA LIFE INSURANCE COMPANY LIMITED,BUY,305816,1535.1
18-AUG-2026,NSE,block_deals,PAYTM,One 97 Communications Ltd,TATA AIA LIFE INSURANCE COMPANY LIMITED,BUY,411198,1535.1
18-AUG-2026,NSE,block_deals,PAYTM,One 97 Communications Ltd,TATA AIA LIFE INSURANCE COMPANY LIMITED,BUY,462417,1535.1
18-AUG-2026,NSE,block_deals,PAYTM,One 97 Communications Ltd,TATA MUTUAL FUND,BUY,856,1535.1
18-AUG-2026,NSE,block_deals,PAYTM,One 97 Communications Ltd,TATA MUTUAL FUND,BUY,72000,1535.1
18-AUG-2026,NSE,block_deals,PAYTM,One 97 Communications Ltd,TATA MUTUAL FUND,BUY,90000,1535.1
18-AUG-2026,NSE,block_deals,PAYTM,One 97 Communications Ltd,VIRIDIAN ASIA OPPORTUNITIES MASTER FUND,BUY,575000,1535.1
18-AUG-2026,NSE,block_deals,PAYTM,One 97 Communications Ltd,RESILIENT ASSET MANAGEMENT B V,SELL,19210110,1535.1
18/08/2026,BSE,bulk,517356,ACIIN,PANKHURI KANDA,B,688553.0,2.0
18/08/2026,BSE,bulk,543377,ADISHAKTI,ARORA FIBRES LIMITED,S,160000.0,6.05
18/08/2026,BSE,bulk,543377,ADISHAKTI,PRAVEEN ARORA,B,100000.0,6.77
18/08/2026,BSE,bulk,531673,ANKIN,NIRMALKUMAR PAREEK,B,454829.0,19.65
18/08/2026,BSE,bulk,526488,BHUDEVI,HITESH JAGDISHBHAI BHATT,S,25775.0,183.96
18/08/2026,BSE,bulk,543516,DHYAANITR,PRINCE PRAKASHBHAI SHAH,B,95200.0,6.6
18/08/2026,BSE,bulk,531553,DRL,VEER SINGH THAKUR,S,84000.0,30.74
18/08/2026,BSE,bulk,531553,DRL,CHETAN BHUPATRAI MEHTA,B,50000.0,30.74
18/08/2026,BSE,bulk,521137,EUREKAI,EPITOME TRADING AND INVESTMENTS,S,60000.0,6.02
18/08/2026,BSE,bulk,531911,GALAGEX,GIRIJADHAVA VYAPAAR PRIVATE LIMITED,S,110000.0,65.01
18/08/2026,BSE,bulk,531911,GALAGEX,GIRIJADHAVA VYAPAAR PRIVATE LIMITED,B,7640.0,65.62
18/08/2026,BSE,bulk,531911,GALAGEX,SMITAL SURESH THAKKAR,B,100000.0,65.0
18/08/2026,BSE,bulk,544603,GROWW,"YC HOLDINGS II, LLC",S,74687500.0,192.16
18/08/2026,BSE,bulk,514386,GUJCOTEX,JAGID VANITABEN RAJENDRAPRASAD,S,2346832.0,3.41
18/08/2026,BSE,bulk,514386,GUJCOTEX,JAGID VANITABEN RAJENDRAPRASAD,B,2211317.0,3.4
18/08/2026,BSE,bulk,541627,GUJWIND,KREON FINNANCIAL SERVICES LIMITED,B,31890.0,7.35
18/08/2026,BSE,bulk,541627,GUJWIND,CHHOTALAL RAMJIBHAI BHANDERI HUF,S,32000.0,7.35
18/08/2026,BSE,bulk,544859,GVELECTRIC,MANSI SHARE AND STOCK BROKING PRIVATE LIMITED,B,2000.0,137.45
18/08/2026,BSE,bulk,544859,GVELECTRIC,MANSI SHARE AND STOCK BROKING PRIVATE LIMITED,S,65000.0,137.71
18/08/2026,BSE,bulk,544160,JAYKAILASH,NEO APEX SHARE BROKING SERVICES LLP,S,33600.0,55.57
18/08/2026,BSE,bulk,544160,JAYKAILASH,MONEYPLANT GOLD & JEWELLERY TRADING L.L.C,S,1600.0,61.39
18/08/2026,BSE,bulk,544160,JAYKAILASH,MONEYPLANT GOLD & JEWELLERY TRADING L.L.C,B,99200.0,55.57
18/08/2026,BSE,bulk,539679,KAPILRAJ,GOPAL  SAINI,S,4003829.0,1.55
18/08/2026,BSE,bulk,539679,KAPILRAJ,ANKIT  MODI,B,566500.0,1.58
18/08/2026,BSE,bulk,539679,KAPILRAJ,SACHIN  KUMAR,B,2350000.0,1.55
18/08/2026,BSE,bulk,531319,MGIL,PINNAMANENI ESTATES PRIVATE LIMITED,S,35766.0,37.34
18/08/2026,BSE,bulk,531319,MGIL,PINNAMANENI ESTATES PRIVATE LIMITED,B,23767.0,38.77
18/08/2026,BSE,bulk,532164,MINOLTAF,COMELY ELECTRICAL PRIVATE LIMITED,B,675055.0,1.27
18/08/2026,BSE,bulk,521109,NAGREEKEXP,ORION STOCKS LTD,B,176350.0,24.09
18/08/2026,BSE,bulk,521109,NAGREEKEXP,ORION STOCKS LTD,S,131142.0,24.18
18/08/2026,BSE,bulk,517554,NHCFOODS,GANESH KUMAR K AMMANNAYA,B,4435000.0,1.55
18/08/2026,BSE,bulk,511644,OMEGAIN,SAURABH MADHUSUDAN PATEL,S,750000.0,29.73
18/08/2026,BSE,bulk,526747,PGFOILQ,PIPALIA CABLES AND WIRES PRIVATE LIMITED,B,100000.0,196.28
18/08/2026,BSE,bulk,526747,PGFOILQ,FOILS INDIA LAMINATES PRIVATE LTD,B,150000.0,195.65
18/08/2026,BSE,bulk,526747,PGFOILQ,STONE COLOUR EXIM PRIVATE LTD,S,250000.0,195.9
18/08/2026,BSE,bulk,544538,PRARUH,VINEY GROWTH FUND,S,100000.0,74.0
18/08/2026,BSE,bulk,544538,PRARUH,VINEY EQUITY MARKET LLP,B,98000.0,74.0
18/08/2026,BSE,bulk,536659,PVVINFRA,SAI ROSHNI CAPITAL PRIVATE LIMITED,B,3910000.0,3.31
18/08/2026,BSE,bulk,536659,PVVINFRA,CTIL MEDIA PRIVATE LIMITED,S,1657059.0,3.3
18/08/2026,BSE,bulk,539669,RGF,PUSPJEET KUMAR,B,4810000.0,1.89
18/08/2026,BSE,bulk,544869,SHAMFOAM,NIRAJ RAJNIKANT SHAH,B,500000.0,104.0
18/08/2026,BSE,bulk,544869,SHAMFOAM,SAPPERS INFRA REALTORS PRIVATE LIMITED,B,108000.0,104.0
18/08/2026,BSE,bulk,544869,SHAMFOAM,COMELY ELECTRICAL PRIVATE LIMITED,B,105000.0,104.0
18/08/2026,BSE,bulk,544869,SHAMFOAM,THOBHANI AMRUTLAL GORDHANBHAI (HUF),B,81000.0,104.0
18/08/2026,BSE,bulk,544869,SHAMFOAM,HARYANA REFRACTORIES PRIVATE LIMITED,B,250000.0,104.0
18/08/2026,BSE,bulk,544869,SHAMFOAM,MANOJ  AGARWAL,B,350000.0,104.0
18/08/2026,BSE,bulk,544869,SHAMFOAM,MATRIX LIFE CARE INDIA PRIVATE LIMITED,B,113000.0,104.0
18/08/2026,BSE,bulk,526137,SHETR,KETAKI PRIYADARSHAN SIRAS,S,49766.0,133.92
18/08/2026,BSE,bulk,526137,SHETR,SHAH DIPAK KANAYALAL,B,58000.0,133.92
18/08/2026,BSE,bulk,544080,SHILINDORE,CENTURY 21 OFFICESPACE PRIVATE LIMITED,S,17498.0,1178.3
18/08/2026,BSE,bulk,544080,SHILINDORE,DEEPAK SINGH SANDHU,B,17500.0,1178.3
18/08/2026,BSE,bulk,530907,SICAPIT,ANU THOMAS CHERIYAN,S,50000.0,15.27
18/08/2026,BSE,bulk,530977,SKCIL,ULTRA  SIGMA  PRIVATE  LIMITED,S,129292.0,100.88
18/08/2026,BSE,bulk,531370,SPAR,SHRI MEHUL CHANDRAKANT VORA,S,79400.0,4.67
18/08/2026,BSE,bulk,544243,STYLEBAAZA,MANSI SHARE AND STOCK BROKING PRIVATE LIMITED,S,43.0,403.21
18/08/2026,BSE,bulk,544243,STYLEBAAZA,MANSI SHARE AND STOCK BROKING PRIVATE LIMITED,B,415002.0,403.11
17/08/2026,BSE,block,543542,KESAR,MINERVA VENTURES FUND,B,1178000.0,1265.0
17/08/2026,BSE,block,543542,KESAR,FORBES EMF,S,1178000.0,1265.0
17/08/2026,BSE,block,503811,SIYSIL,DPP ENTERPRISES LLP,B,582900.0,620.0
17/08/2026,BSE,block,503811,SIYSIL,HARSHIT SHRIKISHAN PODDAR,S,582900.0,620.0
18-AUG-2026,NSE,bulk_deals,ASIANTILES,Asian Granito India Limit,THAKKAR NILESHKUMAR FARSHURAM HUF,BUY,2000000,46.19
18-AUG-2026,NSE,bulk_deals,ATALREAL,Atal Realtech Limited,QE SECURITIES LLP,BUY,1450099,34.2
18-AUG-2026,NSE,bulk_deals,ATALREAL,Atal Realtech Limited,ACME CAPITAL MARKET LIMITED,BUY,2901339,34.63
18-AUG-2026,NSE,bulk_deals,ATALREAL,Atal Realtech Limited,RG  HUF,BUY,1435245,35.26
18-AUG-2026,NSE,bulk_deals,ATALREAL,Atal Realtech Limited,HRTI PRIVATE LIMITED,BUY,2320997,33.84
18-AUG-2026,NSE,bulk_deals,ATALREAL,Atal Realtech Limited,BULLPULSE MARKETEDGE PRIVATE LIMITED,BUY,659057,35.8
18-AUG-2026,NSE,bulk_deals,ATALREAL,Atal Realtech Limited,ALTIZEN VENTURES LLP,BUY,1377840,34.61
18-AUG-2026,NSE,bulk_deals,ATALREAL,Atal Realtech Limited,CHAUBARA EATS PRIVATE LIMITED,BUY,1500000,35.76
18-AUG-2026,NSE,bulk_deals,ATALREAL,Atal Realtech Limited,L7 HITECH PRIVATE LIMITED,BUY,1200000,33.28
18-AUG-2026,NSE,bulk_deals,ATALREAL,Atal Realtech Limited,HJS SECURITIES PRIVATE LIMITED,BUY,812166,34.89
18-AUG-2026,NSE,bulk_deals,BMLL,Bio Medica Laboratories L,AGGARWAL ATUL KASTURILAL,BUY,116000,153.5
18-AUG-2026,NSE,bulk_deals,BMLL,Bio Medica Laboratories L,RATHOD MANOJ CHHAGANLAL HUF,BUY,46000,156.37
18-AUG-2026,NSE,bulk_deals,E2ERAIL,E To E Trans Infra Ltd,RAMDOOT REALTORS PVT LTD,BUY,89600,301.56
18-AUG-2026,NSE,bulk_deals,E2ERAIL,E To E Trans Infra Ltd,PARTH INFIN BROKERS PVT LTD,BUY,93600,299.84
18-AUG-2026,NSE,bulk_deals,GATECH,GACM Technologies Limited,RATHOD DIGVIJAYSINH RAJENDRASINH,BUY,1116333,0.8
18-AUG-2026,NSE,bulk_deals,GCSL,Gretex Corporate Services,MANSUKH SECURITIES & FINANCE LIMITED,BUY,156604,515.59
18-AUG-2026,NSE,bulk_deals,GKSL,Gujarat Kidney N Sup Sp L,L7 HITECH PRIVATE LIMITED,BUY,530988,153.34
18-AUG-2026,NSE,bulk_deals,ICIL,Indo Count Industries Ltd,MICROCURVES TRADING PRIVATE LIMITED,BUY,1497202,444.94
18-AUG-2026,NSE,bulk_deals,JINDRILL,Jindal Drilling And Indus,NK SECURITIES RESEARCH PRIVATE LIMITED,BUY,475629,656.96
18-AUG-2026,NSE,bulk_deals,JINDRILL,Jindal Drilling And Indus,ALPHAGREP SECURITIES PRIVATE LIMITED,BUY,159850,649.92
18-AUG-2026,NSE,bulk_deals,JINDRILL,Jindal Drilling And Indus,IRAGE BROKING SERVICES LLP,BUY,243833,658.52
18-AUG-2026,NSE,bulk_deals,JINDRILL,Jindal Drilling And Indus,JUMP TRADING FINANCIAL INDIA PRIVATE LIMITED,BUY,195219,658.48
18-AUG-2026,NSE,bulk_deals,JINDRILL,Jindal Drilling And Indus,HRTI PRIVATE LIMITED,BUY,181915,649.96
18-AUG-2026,NSE,bulk_deals,JINDRILL,Jindal Drilling And Indus,MICROCURVES TRADING PRIVATE LIMITED,BUY,955476,656.32
18-AUG-2026,NSE,bulk_deals,JINDRILL,Jindal Drilling And Indus,BLITZQUANT RESEARCH LLP,BUY,405182,660.27
18-AUG-2026,NSE,bulk_deals,JINDRILL,Jindal Drilling And Indus,ELIXIR WEALTH MANAGEMENT PRIVATE LIMITED,BUY,571110,654.5
18-AUG-2026,NSE,bulk_deals,JINDRILL,Jindal Drilling And Indus,DIPAN MEHTA COMMODITIES PRIVATE LIMITED,BUY,324266,663.71
18-AUG-2026,NSE,bulk_deals,JINDRILL,Jindal Drilling And Indus,MUSIGMA SECURITIES,BUY,174952,652.64
18-AUG-2026,NSE,bulk_deals,JINDRILL,Jindal Drilling And Indus,JUNOMONETA FINSOL PRIVATE LIMITED,BUY,575335,654.53
18-AUG-2026,NSE,bulk_deals,JINDRILL,Jindal Drilling And Indus,QE SECURITIES LLP,BUY,273152,651.07
18-AUG-2026,NSE,bulk_deals,KANDARP,Kandarp Dg Smart Bpo Ltd,RG  HUF,BUY,45000,99.44
18-AUG-2026,NSE,bulk_deals,KERNEX,Kernex Microsystems (Indi,QE SECURITIES LLP,BUY,102150,1852.15
18-AUG-2026,NSE,bulk_deals,KERNEX,Kernex Microsystems (Indi,HRTI PRIVATE LIMITED,BUY,94703,1838.06
18-AUG-2026,NSE,bulk_deals,MOTISONS,Motisons Jewellers Ltd,QE SECURITIES LLP,BUY,5801519,16.77
18-AUG-2026,NSE,bulk_deals,MOTISONS,Motisons Jewellers Ltd,ARIHANT CAPITAL MARKETS LIMITED,BUY,16440974,16.61
18-AUG-2026,NSE,bulk_deals,MOTISONS,Motisons Jewellers Ltd,JUNOMONETA FINSOL PRIVATE LIMITED,BUY,5939213,16.66
18-AUG-2026,NSE,bulk_deals,MOTISONS,Motisons Jewellers Ltd,HRTI PRIVATE LIMITED,BUY,6926365,16.67
18-AUG-2026,NSE,bulk_deals,MOTISONS,Motisons Jewellers Ltd,NIRMALKUMAR PAREEK,BUY,2200000,16.6
18-AUG-2026,NSE,bulk_deals,NAGREEKEXP,Nagreeka Exports Limited,IRAGE BROKING SERVICES LLP,BUY,157358,24.32
18-AUG-2026,NSE,bulk_deals,NAGREEKEXP,Nagreeka Exports Limited,ORION STOCKS LTD,BUY,111632,24.06
18-AUG-2026,NSE,bulk_deals,NELCO,Nelco Ltd.,HRTI PRIVATE LIMITED,BUY,127937,973.47
18-AUG-2026,NSE,bulk_deals,NELCO,Nelco Ltd.,QE SECURITIES LLP,BUY,117760,969.59
18-AUG-2026,NSE,bulk_deals,NXT-INFRA,Nxt-Infra Trust,LARSEN & TOUBRO LIMITED,BUY,20875000,95.33
18-AUG-2026,NSE,bulk_deals,RATNAVEER,Ratnaveer Precision Eng L,HRTI PRIVATE LIMITED,BUY,356983,251.9
18-AUG-2026,NSE,bulk_deals,RATNAVEER,Ratnaveer Precision Eng L,ARIHANT CAPITAL MARKETS LIMITED,BUY,1974391,251.9
18-AUG-2026,NSE,bulk_deals,RATNAVEER,Ratnaveer Precision Eng L,MATHISYS QUANTCAP LLP,BUY,357901,251.53
18-AUG-2026,NSE,bulk_deals,RATNAVEER,Ratnaveer Precision Eng L,QE SECURITIES LLP,BUY,806698,252.1
18-AUG-2026,NSE,bulk_deals,RATNAVEER,Ratnaveer Precision Eng L,NIRMALKUMAR PAREEK,BUY,500000,250.99
18-AUG-2026,NSE,bulk_deals,RATNAVEER,Ratnaveer Precision Eng L,JUNOMONETA FINSOL PRIVATE LIMITED,BUY,658747,251.55
18-AUG-2026,NSE,bulk_deals,SBC,SBC Exports Limited,DEEPIKA GUPTA,BUY,2674948,38.69
18-AUG-2026,NSE,bulk_deals,STYLEBAAZA,Baazar Style Retail Ltd,MANSI SHARE AND STOCK BROKING PRIVATE LIMITED,BUY,176179,402.64
18-AUG-2026,NSE,bulk_deals,SUBEXLTD,Subex Ltd,YUGA STOCKS AND COMMODITIES PRIVATE LIMITED,BUY,10076356,16.52
18-AUG-2026,NSE,bulk_deals,WELINV,Welspun Inv & Comm Ltd,LLOYDS ENTERPRISES LIMITED,BUY,97622,1790.0
18-AUG-2026,NSE,bulk_deals,ZAGGLE,Zaggle Prepa Ocean Ser L,JUNOMONETA FINSOL PRIVATE LIMITED,BUY,874417,165.04
18-AUG-2026,NSE,bulk_deals,ZAGGLE,Zaggle Prepa Ocean Ser L,HRTI PRIVATE LIMITED,BUY,624170,164.79
18-AUG-2026,NSE,bulk_deals,ZAGGLE,Zaggle Prepa Ocean Ser L,MICROCURVES TRADING PRIVATE LIMITED,BUY,730405,165.53
18-AUG-2026,NSE,bulk_deals,ZAGGLE,Zaggle Prepa Ocean Ser L,QE SECURITIES LLP,BUY,1182069,166.2
18-AUG-2026,NSE,bulk_deals,ZAGGLE,Zaggle Prepa Ocean Ser L,KEDIA SECURITIES PRIVATE LIMITED,BUY,2000000,164.72
18-AUG-2026,NSE,bulk_deals,ASIANTILES,Asian Granito India Limit,GIRISH KALIDASBHAI PATEL,SELL,1991593,46.19
18-AUG-2026,NSE,bulk_deals,ASIANTILES,Asian Granito India Limit,THAKKAR NILESHKUMAR FARSHURAM HUF,SELL,1717434,46.37
18-AUG-2026,NSE,bulk_deals,ASPIRE,Aspire & Innovative Adv L,GAVRILL METAL PRIVATE LIMITED,SELL,118000,14.01
18-AUG-2026,NSE,bulk_deals,ATALREAL,Atal Realtech Limited,QE SECURITIES LLP,SELL,1374707,33.53
18-AUG-2026,NSE,bulk_deals,ATALREAL,Atal Realtech Limited,ALTIZEN VENTURES LLP,SELL,1154915,34.51
18-AUG-2026,NSE,bulk_deals,ATALREAL,Atal Realtech Limited,HRTI PRIVATE LIMITED,SELL,3080321,33.95
18-AUG-2026,NSE,bulk_deals,ATALREAL,Atal Realtech Limited,RAAVI ENTERPRISE,SELL,1280000,35.45
18-AUG-2026,NSE,bulk_deals,ATALREAL,Atal Realtech Limited,L7 HITECH PRIVATE LIMITED,SELL,80000,31.82
18-AUG-2026,NSE,bulk_deals,ATALREAL,Atal Realtech Limited,BULLPULSE MARKETEDGE PRIVATE LIMITED,SELL,659057,36.0
18-AUG-2026,NSE,bulk_deals,ATALREAL,Atal Realtech Limited,ACME CAPITAL MARKET LIMITED,SELL,2901339,35.02
18-AUG-2026,NSE,bulk_deals,ATALREAL,Atal Realtech Limited,CHAUBARA EATS PRIVATE LIMITED,SELL,1500000,35.78
18-AUG-2026,NSE,bulk_deals,ATALREAL,Atal Realtech Limited,HJS SECURITIES PRIVATE LIMITED,SELL,812166,35.3
18-AUG-2026,NSE,bulk_deals,BMLL,Bio Medica Laboratories L,MAHABIR TRADEVENTURES LLP,SELL,116000,153.5
18-AUG-2026,NSE,bulk_deals,BMLL,Bio Medica Laboratories L,RATHOD MANOJ CHHAGANLAL HUF,SELL,91000,156.36
18-AUG-2026,NSE,bulk_deals,CYIENT,Cyient Limited,HDFC MUTUAL FUND,SELL,532526,854.01
18-AUG-2026,NSE,bulk_deals,E2ERAIL,E To E Trans Infra Ltd,RAMDOOT REALTORS PVT LTD,SELL,89600,300.36
18-AUG-2026,NSE,bulk_deals,E2ERAIL,E To E Trans Infra Ltd,PARTH INFIN BROKERS PVT LTD,SELL,93600,302.14
18-AUG-2026,NSE,bulk_deals,ESCONET,Esconet Technologies Ltd,SUNIL KUMAR AGRAWAL,SELL,83600,173.36
18-AUG-2026,NSE,bulk_deals,GATECH,GACM Technologies Limited,L7 HITECH PRIVATE LIMITED,SELL,10603379,0.81
18-AUG-2026,NSE,bulk_deals,GATECH,GACM Technologies Limited,RATHOD DIGVIJAYSINH RAJENDRASINH,SELL,11974814,0.81
18-AUG-2026,NSE,bulk_deals,GCSL,Gretex Corporate Services,MANSUKH SECURITIES & FINANCE LIMITED,SELL,153704,507.91
18-AUG-2026,NSE,bulk_deals,GKSL,Gujarat Kidney N Sup Sp L,L7 HITECH PRIVATE LIMITED,SELL,99709,153.75
18-AUG-2026,NSE,bulk_deals,ICIL,Indo Count Industries Ltd,MICROCURVES TRADING PRIVATE LIMITED,SELL,1497197,445.31
18-AUG-2026,NSE,bulk_deals,JINDRILL,Jindal Drilling And Indus,ELIXIR WEALTH MANAGEMENT PRIVATE LIMITED,SELL,563122,655.52
18-AUG-2026,NSE,bulk_deals,JINDRILL,Jindal Drilling And Indus,MUSIGMA SECURITIES,SELL,174952,653.08
18-AUG-2026,NSE,bulk_deals,JINDRILL,Jindal Drilling And Indus,BLITZQUANT RESEARCH LLP,SELL,405182,660.57
18-AUG-2026,NSE,bulk_deals,JINDRILL,Jindal Drilling And Indus,MICROCURVES TRADING PRIVATE LIMITED,SELL,955476,656.87
18-AUG-2026,NSE,bulk_deals,JINDRILL,Jindal Drilling And Indus,JUNOMONETA FINSOL PRIVATE LIMITED,SELL,573995,654.82
18-AUG-2026,NSE,bulk_deals,JINDRILL,Jindal Drilling And Indus,JUMP TRADING FINANCIAL INDIA PRIVATE LIMITED,SELL,195219,660.31
18-AUG-2026,NSE,bulk_deals,JINDRILL,Jindal Drilling And Indus,HRTI PRIVATE LIMITED,SELL,168708,652.29
18-AUG-2026,NSE,bulk_deals,JINDRILL,Jindal Drilling And Indus,QE SECURITIES LLP,SELL,273152,649.43
18-AUG-2026,NSE,bulk_deals,JINDRILL,Jindal Drilling And Indus,IRAGE BROKING SERVICES LLP,SELL,224637,656.37
18-AUG-2026,NSE,bulk_deals,JINDRILL,Jindal Drilling And Indus,ALPHAGREP SECURITIES PRIVATE LIMITED,SELL,159850,650.58
18-AUG-2026,NSE,bulk_deals,JINDRILL,Jindal Drilling And Indus,DIPAN MEHTA COMMODITIES PRIVATE LIMITED,SELL,323766,663.77
18-AUG-2026,NSE,bulk_deals,JINDRILL,Jindal Drilling And Indus,NK SECURITIES RESEARCH PRIVATE LIMITED,SELL,475629,657.27
18-AUG-2026,NSE,bulk_deals,KANDARP,Kandarp Dg Smart Bpo Ltd,RAAVI ENTERPRISE,SELL,45000,99.44
18-AUG-2026,NSE,bulk_deals,KERNEX,Kernex Microsystems (Indi,QE SECURITIES LLP,SELL,99466,1842.03
18-AUG-2026,NSE,bulk_deals,KERNEX,Kernex Microsystems (Indi,HRTI PRIVATE LIMITED,SELL,101858,1853.03
18-AUG-2026,NSE,bulk_deals,MOTISONS,Motisons Jewellers Ltd,NIRMALKUMAR PAREEK,SELL,9000000,16.56
18-AUG-2026,NSE,bulk_deals,MOTISONS,Motisons Jewellers Ltd,HRTI PRIVATE LIMITED,SELL,7594933,16.6
18-AUG-2026,NSE,bulk_deals,MOTISONS,Motisons Jewellers Ltd,JUNOMONETA FINSOL PRIVATE LIMITED,SELL,5738699,16.69
18-AUG-2026,NSE,bulk_deals,MOTISONS,Motisons Jewellers Ltd,QE SECURITIES LLP,SELL,5743093,16.63
18-AUG-2026,NSE,bulk_deals,MOTISONS,Motisons Jewellers Ltd,ARIHANT CAPITAL MARKETS LIMITED,SELL,17523888,16.64
18-AUG-2026,NSE,bulk_deals,NAGREEKEXP,Nagreeka Exports Limited,ORION STOCKS LTD,SELL,156840,24.27
18-AUG-2026,NSE,bulk_deals,NAGREEKEXP,Nagreeka Exports Limited,IRAGE BROKING SERVICES LLP,SELL,131808,23.92
18-AUG-2026,NSE,bulk_deals,NATIONSTD,National Stand (India) L,NARINDER PAL SINGH,SELL,102299,147.91
18-AUG-2026,NSE,bulk_deals,NELCO,Nelco Ltd.,HRTI PRIVATE LIMITED,SELL,272879,975.08
18-AUG-2026,NSE,bulk_deals,NELCO,Nelco Ltd.,QE SECURITIES LLP,SELL,117472,979.68
18-AUG-2026,NSE,bulk_deals,NXT-INFRA,Nxt-Infra Trust,A.K. CAPITAL FINANCE LIMITED,SELL,21050000,95.33
18-AUG-2026,NSE,bulk_deals,OMFURN,Omfurn India Limited,ZYANA STOCKS AND COMMODITIES,SELL,154800,55.28
18-AUG-2026,NSE,bulk_deals,PAYTM,One 97 Communications Ltd,RESILIENT ASSET MANAGEMENT B V,SELL,19210110,1535.1
18-AUG-2026,NSE,bulk_deals,PONNIERODE,Ponni Sugars (Erode) Limi,UNIVERSAL CINE TRADES PVT LTD,SELL,50000,365.19
18-AUG-2026,NSE,bulk_deals,PROPSHOP,Propshop Events and Exh L,NOVA GLOBAL OPPORTUNITIES FUND PCC - TOUCHSTONE,SELL,136000,70.0
18-AUG-2026,NSE,bulk_deals,RATNAVEER,Ratnaveer Precision Eng L,ARIHANT CAPITAL MARKETS LIMITED,SELL,1957405,252.33
18-AUG-2026,NSE,bulk_deals,RATNAVEER,Ratnaveer Precision Eng L,JUNOMONETA FINSOL PRIVATE LIMITED,SELL,629219,251.63
18-AUG-2026,NSE,bulk_deals,RATNAVEER,Ratnaveer Precision Eng L,HRTI PRIVATE LIMITED,SELL,473723,252.12
18-AUG-2026,NSE,bulk_deals,RATNAVEER,Ratnaveer Precision Eng L,MATHISYS QUANTCAP LLP,SELL,382434,251.44
18-AUG-2026,NSE,bulk_deals,RATNAVEER,Ratnaveer Precision Eng L,QE SECURITIES LLP,SELL,813990,251.65
18-AUG-2026,NSE,bulk_deals,SHANTI-RE,Shanti Gold Intl Ltd,SHRIPAL V VORA (HUF),SELL,23899,28.5
18-AUG-2026,NSE,bulk_deals,SHANTI-RE,Shanti Gold Intl Ltd,NANDITA SURYAKANTBHAI MEHTA,SELL,47496,33.95
18-AUG-2026,NSE,bulk_deals,SOUTHWEST,South West Pinnacle Ltd,VIKAS JAIN,SELL,563138,229.49
18-AUG-2026,NSE,bulk_deals,STYLEBAAZA,Baazar Style Retail Ltd,MANSI SHARE AND STOCK BROKING PRIVATE LIMITED,SELL,666172,402.65
18-AUG-2026,NSE,bulk_deals,STYLEBAAZA,Baazar Style Retail Ltd,ANKUSH  KEDIA,SELL,381000,402.65
18-AUG-2026,NSE,bulk_deals,SUBEXLTD,Subex Ltd,YUGA STOCKS AND COMMODITIES PRIVATE LIMITED,SELL,6500946,16.45
18-AUG-2026,NSE,bulk_deals,ZAGGLE,Zaggle Prepa Ocean Ser L,MICROCURVES TRADING PRIVATE LIMITED,SELL,730405,165.52
18-AUG-2026,NSE,bulk_deals,ZAGGLE,Zaggle Prepa Ocean Ser L,QE SECURITIES LLP,SELL,1141326,164.51
18-AUG-2026,NSE,bulk_deals,ZAGGLE,Zaggle Prepa Ocean Ser L,JUNOMONETA FINSOL PRIVATE LIMITED,SELL,921866,164.96
18-AUG-2026,NSE,bulk_deals,ZAGGLE,Zaggle Prepa Ocean Ser L,HRTI PRIVATE LIMITED,SELL,682612,165.02
18-AUG-2026,NSE,block_deals,PAYTM,One 97 Communications Ltd,ADITYA BIRLA SUN LIFE MUTUAL FUND,BUY,4606,1535.1
18-AUG-2026,NSE,block_deals,PAYTM,One 97 Communications Ltd,VITTORIA FUND-OC,BUY,86277,1535.1
18-AUG-2026,NSE,block_deals,PAYTM,One 97 Communications Ltd,ADITYA BIRLA SUN LIFE MUTUAL FUND,BUY,30005,1535.1
18-AUG-2026,NSE,block_deals,PAYTM,One 97 Communications Ltd,ADITYA BIRLA SUN LIFE MUTUAL FUND,BUY,80014,1535.1
18-AUG-2026,NSE,block_deals,PAYTM,One 97 Communications Ltd,ADITYA BIRLA SUN LIFE MUTUAL FUND,BUY,120021,1535.1
18-AUG-2026,NSE,block_deals,PAYTM,One 97 Communications Ltd,BNP PARIBAS FINANCIAL MARKETS - ODI,BUY,200000,1535.1
18-AUG-2026,NSE,block_deals,PAYTM,One 97 Communications Ltd,GHISALLO MASTER FUND LP,BUY,190000,1535.1
18-AUG-2026,NSE,block_deals,PAYTM,One 97 Communications Ltd,GOLDMAN SACHS BANK EUROPE SE,BUY,2255000,1535.1
18-AUG-2026,NSE,block_deals,PAYTM,One 97 Communications Ltd,HDFC MUTUAL FUND,BUY,81428,1535.1
18-AUG-2026,NSE,block_deals,PAYTM,One 97 Communications Ltd,HDFC MUTUAL FUND.,BUY,81428,1535.1
18-AUG-2026,NSE,block_deals,PAYTM,One 97 Communications Ltd,HSBC MUTUAL FUND,BUY,155000,1535.1
18-AUG-2026,NSE,block_deals,PAYTM,One 97 Communications Ltd,HSBC MUTUAL FUND,BUY,170497,1535.1
18-AUG-2026,NSE,block_deals,PAYTM,One 97 Communications Ltd,HSBC MUTUAL FUND,BUY,604503,1535.1
18-AUG-2026,NSE,block_deals,PAYTM,One 97 Communications Ltd,ICICI PRUDENTIAL LIFE INSURANCE COMPANY LIMITED,BUY,460000,1535.1
18-AUG-2026,NSE,block_deals,PAYTM,One 97 Communications Ltd,INTEGRATED CORE STRATEGIES (ASIA) PTE. LTD.,BUY,930000,1535.1
18-AUG-2026,NSE,block_deals,PAYTM,One 97 Communications Ltd,KOTAK MAHINDRA MUTUAL FUND,BUY,190000,1535.1
18-AUG-2026,NSE,block_deals,PAYTM,One 97 Communications Ltd,MY ASIAN OPPORTUNITIES MASTER FUND,BUY,1450000,1535.1
18-AUG-2026,NSE,block_deals,PAYTM,One 97 Communications Ltd,NORTH ROCK SG VCC,BUY,575000,1535.1
18-AUG-2026,NSE,block_deals,PAYTM,One 97 Communications Ltd,OXBOW INDIA FUND,BUY,18750,1535.1
18-AUG-2026,NSE,block_deals,PAYTM,One 97 Communications Ltd,OXBOW MASTER FUND LIMITED,BUY,644973,1535.1
18-AUG-2026,NSE,block_deals,PAYTM,One 97 Communications Ltd,ADITYA BIRLA SUN LIFE MUTUAL FUND,BUY,15354,1535.1
18-AUG-2026,NSE,block_deals,PAYTM,One 97 Communications Ltd,SBI MUTUAL FUND,BUY,326250,1535.1
18-AUG-2026,NSE,block_deals,PAYTM,One 97 Communications Ltd,SBI MUTUAL FUND,BUY,412515,1535.1
18-AUG-2026,NSE,block_deals,PAYTM,One 97 Communications Ltd,SBI MUTUAL FUND,BUY,550020,1535.1
18-AUG-2026,NSE,block_deals,PAYTM,One 97 Communications Ltd,SBI MUTUAL FUND,BUY,1375050,1535.1
18-AUG-2026,NSE,block_deals,PAYTM,One 97 Communications Ltd,SBI MUTUAL FUND,BUY,2749563,1535.1
18-AUG-2026,NSE,block_deals,PAYTM,One 97 Communications Ltd,SOCIETE GENERALE,BUY,2840000,1535.1
18-AUG-2026,NSE,block_deals,PAYTM,One 97 Communications Ltd,SUNDARAM MUTUAL FUND,BUY,32570,1535.1
18-AUG-2026,NSE,block_deals,PAYTM,One 97 Communications Ltd,SUNDARAM MUTUAL FUND,BUY,43661,1535.1
18-AUG-2026,NSE,block_deals,PAYTM,One 97 Communications Ltd,SUNDARAM MUTUAL FUND,BUY,65145,1535.1
18-AUG-2026,NSE,block_deals,PAYTM,One 97 Communications Ltd,SUNDARAM MUTUAL FUND,BUY,178624,1535.1
18-AUG-2026,NSE,block_deals,PAYTM,One 97 Communications Ltd,TATA AIA LIFE INSURANCE COMPANY LIMITED,BUY,556,1535.1
18-AUG-2026,NSE,block_deals,PAYTM,One 97 Communications Ltd,TATA AIA LIFE INSURANCE COMPANY LIMITED,BUY,2259,1535.1
18-AUG-2026,NSE,block_deals,PAYTM,One 97 Communications Ltd,TATA AIA LIFE INSURANCE COMPANY LIMITED,BUY,22181,1535.1
18-AUG-2026,NSE,block_deals,PAYTM,One 97 Communications Ltd,TATA AIA LIFE INSURANCE COMPANY LIMITED,BUY,32057,1535.1
18-AUG-2026,NSE,block_deals,PAYTM,One 97 Communications Ltd,TATA AIA LIFE INSURANCE COMPANY LIMITED,BUY,34747,1535.1
18-AUG-2026,NSE,block_deals,PAYTM,One 97 Communications Ltd,TATA AIA LIFE INSURANCE COMPANY LIMITED,BUY,81589,1535.1
18-AUG-2026,NSE,block_deals,PAYTM,One 97 Communications Ltd,TATA AIA LIFE INSURANCE COMPANY LIMITED,BUY,203180,1535.1
18-AUG-2026,NSE,block_deals,PAYTM,One 97 Communications Ltd,TATA AIA LIFE INSURANCE COMPANY LIMITED,BUY,305816,1535.1
18-AUG-2026,NSE,block_deals,PAYTM,One 97 Communications Ltd,TATA AIA LIFE INSURANCE COMPANY LIMITED,BUY,411198,1535.1
18-AUG-2026,NSE,block_deals,PAYTM,One 97 Communications Ltd,TATA AIA LIFE INSURANCE COMPANY LIMITED,BUY,462417,1535.1
18-AUG-2026,NSE,block_deals,PAYTM,One 97 Communications Ltd,TATA MUTUAL FUND,BUY,856,1535.1
18-AUG-2026,NSE,block_deals,PAYTM,One 97 Communications Ltd,TATA MUTUAL FUND,BUY,72000,1535.1
18-AUG-2026,NSE,block_deals,PAYTM,One 97 Communications Ltd,TATA MUTUAL FUND,BUY,90000,1535.1
18-AUG-2026,NSE,block_deals,PAYTM,One 97 Communications Ltd,VIRIDIAN ASIA OPPORTUNITIES MASTER FUND,BUY,575000,1535.1
18-AUG-2026,NSE,block_deals,PAYTM,One 97 Communications Ltd,RESILIENT ASSET MANAGEMENT B V,SELL,19210110,1535.1
18/08/2026,BSE,bulk,517356,ACIIN,PANKHURI KANDA,B,688553.0,2.0
18/08/2026,BSE,bulk,543377,ADISHAKTI,ARORA FIBRES LIMITED,S,160000.0,6.05
18/08/2026,BSE,bulk,543377,ADISHAKTI,PRAVEEN ARORA,B,100000.0,6.77
18/08/2026,BSE,bulk,531673,ANKIN,NIRMALKUMAR PAREEK,B,454829.0,19.65
18/08/2026,BSE,bulk,526488,BHUDEVI,HITESH JAGDISHBHAI BHATT,S,25775.0,183.96
18/08/2026,BSE,bulk,543516,DHYAANITR,PRINCE PRAKASHBHAI SHAH,B,95200.0,6.6
18/08/2026,BSE,bulk,531553,DRL,VEER SINGH THAKUR,S,84000.0,30.74
18/08/2026,BSE,bulk,531553,DRL,CHETAN BHUPATRAI MEHTA,B,50000.0,30.74
18/08/2026,BSE,bulk,521137,EUREKAI,EPITOME TRADING AND INVESTMENTS,S,60000.0,6.02
18/08/2026,BSE,bulk,531911,GALAGEX,GIRIJADHAVA VYAPAAR PRIVATE LIMITED,S,110000.0,65.01
18/08/2026,BSE,bulk,531911,GALAGEX,GIRIJADHAVA VYAPAAR PRIVATE LIMITED,B,7640.0,65.62
18/08/2026,BSE,bulk,531911,GALAGEX,SMITAL SURESH THAKKAR,B,100000.0,65.0
18/08/2026,BSE,bulk,544603,GROWW,"YC HOLDINGS II, LLC",S,74687500.0,192.16
18/08/2026,BSE,bulk,514386,GUJCOTEX,JAGID VANITABEN RAJENDRAPRASAD,S,2346832.0,3.41
18/08/2026,BSE,bulk,514386,GUJCOTEX,JAGID VANITABEN RAJENDRAPRASAD,B,2211317.0,3.4
18/08/2026,BSE,bulk,541627,GUJWIND,KREON FINNANCIAL SERVICES LIMITED,B,31890.0,7.35
18/08/2026,BSE,bulk,541627,GUJWIND,CHHOTALAL RAMJIBHAI BHANDERI HUF,S,32000.0,7.35
18/08/2026,BSE,bulk,544859,GVELECTRIC,MANSI SHARE AND STOCK BROKING PRIVATE LIMITED,B,2000.0,137.45
18/08/2026,BSE,bulk,544859,GVELECTRIC,MANSI SHARE AND STOCK BROKING PRIVATE LIMITED,S,65000.0,137.71
18/08/2026,BSE,bulk,544160,JAYKAILASH,NEO APEX SHARE BROKING SERVICES LLP,S,33600.0,55.57
18/08/2026,BSE,bulk,544160,JAYKAILASH,MONEYPLANT GOLD & JEWELLERY TRADING L.L.C,S,1600.0,61.39
18/08/2026,BSE,bulk,544160,JAYKAILASH,MONEYPLANT GOLD & JEWELLERY TRADING L.L.C,B,99200.0,55.57
18/08/2026,BSE,bulk,539679,KAPILRAJ,GOPAL  SAINI,S,4003829.0,1.55
18/08/2026,BSE,bulk,539679,KAPILRAJ,ANKIT  MODI,B,566500.0,1.58
18/08/2026,BSE,bulk,539679,KAPILRAJ,SACHIN  KUMAR,B,2350000.0,1.55
18/08/2026,BSE,bulk,531319,MGIL,PINNAMANENI ESTATES PRIVATE LIMITED,S,35766.0,37.34
18/08/2026,BSE,bulk,531319,MGIL,PINNAMANENI ESTATES PRIVATE LIMITED,B,23767.0,38.77
18/08/2026,BSE,bulk,532164,MINOLTAF,COMELY ELECTRICAL PRIVATE LIMITED,B,675055.0,1.27
18/08/2026,BSE,bulk,521109,NAGREEKEXP,ORION STOCKS LTD,B,176350.0,24.09
18/08/2026,BSE,bulk,521109,NAGREEKEXP,ORION STOCKS LTD,S,131142.0,24.18
18/08/2026,BSE,bulk,517554,NHCFOODS,GANESH KUMAR K AMMANNAYA,B,4435000.0,1.55
18/08/2026,BSE,bulk,511644,OMEGAIN,SAURABH MADHUSUDAN PATEL,S,750000.0,29.73
18/08/2026,BSE,bulk,526747,PGFOILQ,PIPALIA CABLES AND WIRES PRIVATE LIMITED,B,100000.0,196.28
18/08/2026,BSE,bulk,526747,PGFOILQ,FOILS INDIA LAMINATES PRIVATE LTD,B,150000.0,195.65
18/08/2026,BSE,bulk,526747,PGFOILQ,STONE COLOUR EXIM PRIVATE LTD,S,250000.0,195.9
18/08/2026,BSE,bulk,544538,PRARUH,VINEY GROWTH FUND,S,100000.0,74.0
18/08/2026,BSE,bulk,544538,PRARUH,VINEY EQUITY MARKET LLP,B,98000.0,74.0
18/08/2026,BSE,bulk,536659,PVVINFRA,SAI ROSHNI CAPITAL PRIVATE LIMITED,B,3910000.0,3.31
18/08/2026,BSE,bulk,536659,PVVINFRA,CTIL MEDIA PRIVATE LIMITED,S,1657059.0,3.3
18/08/2026,BSE,bulk,539669,RGF,PUSPJEET KUMAR,B,4810000.0,1.89
18/08/2026,BSE,bulk,544869,SHAMFOAM,NIRAJ RAJNIKANT SHAH,B,500000.0,104.0
18/08/2026,BSE,bulk,544869,SHAMFOAM,SAPPERS INFRA REALTORS PRIVATE LIMITED,B,108000.0,104.0
18/08/2026,BSE,bulk,544869,SHAMFOAM,COMELY ELECTRICAL PRIVATE LIMITED,B,105000.0,104.0
18/08/2026,BSE,bulk,544869,SHAMFOAM,THOBHANI AMRUTLAL GORDHANBHAI (HUF),B,81000.0,104.0
18/08/2026,BSE,bulk,544869,SHAMFOAM,HARYANA REFRACTORIES PRIVATE LIMITED,B,250000.0,104.0
18/08/2026,BSE,bulk,544869,SHAMFOAM,MANOJ  AGARWAL,B,350000.0,104.0
18/08/2026,BSE,bulk,544869,SHAMFOAM,MATRIX LIFE CARE INDIA PRIVATE LIMITED,B,113000.0,104.0
18/08/2026,BSE,bulk,526137,SHETR,KETAKI PRIYADARSHAN SIRAS,S,49766.0,133.92
18/08/2026,BSE,bulk,526137,SHETR,SHAH DIPAK KANAYALAL,B,58000.0,133.92
18/08/2026,BSE,bulk,544080,SHILINDORE,CENTURY 21 OFFICESPACE PRIVATE LIMITED,S,17498.0,1178.3
18/08/2026,BSE,bulk,544080,SHILINDORE,DEEPAK SINGH SANDHU,B,17500.0,1178.3
18/08/2026,BSE,bulk,530907,SICAPIT,ANU THOMAS CHERIYAN,S,50000.0,15.27
18/08/2026,BSE,bulk,530977,SKCIL,ULTRA  SIGMA  PRIVATE  LIMITED,S,129292.0,100.88
18/08/2026,BSE,bulk,531370,SPAR,SHRI MEHUL CHANDRAKANT VORA,S,79400.0,4.67
18/08/2026,BSE,bulk,544243,STYLEBAAZA,MANSI SHARE AND STOCK BROKING PRIVATE LIMITED,S,43.0,403.21
18/08/2026,BSE,bulk,544243,STYLEBAAZA,MANSI SHARE AND STOCK BROKING PRIVATE LIMITED,B,415002.0,403.11
17/08/2026,BSE,block,543542,KESAR,MINERVA VENTURES FUND,B,1178000.0,1265.0
17/08/2026,BSE,block,543542,KESAR,FORBES EMF,S,1178000.0,1265.0
17/08/2026,BSE,block,503811,SIYSIL,DPP ENTERPRISES LLP,B,582900.0,620.0
17/08/2026,BSE,block,503811,SIYSIL,HARSHIT SHRIKISHAN PODDAR,S,582900.0,620.0
18-AUG-2026,NSE,bulk_deals,ASIANTILES,Asian Granito India Limit,THAKKAR NILESHKUMAR FARSHURAM HUF,BUY,2000000,46.19
18-AUG-2026,NSE,bulk_deals,ATALREAL,Atal Realtech Limited,QE SECURITIES LLP,BUY,1450099,34.2
18-AUG-2026,NSE,bulk_deals,ATALREAL,Atal Realtech Limited,ACME CAPITAL MARKET LIMITED,BUY,2901339,34.63
18-AUG-2026,NSE,bulk_deals,ATALREAL,Atal Realtech Limited,RG  HUF,BUY,1435245,35.26
18-AUG-2026,NSE,bulk_deals,ATALREAL,Atal Realtech Limited,HRTI PRIVATE LIMITED,BUY,2320997,33.84
18-AUG-2026,NSE,bulk_deals,ATALREAL,Atal Realtech Limited,BULLPULSE MARKETEDGE PRIVATE LIMITED,BUY,659057,35.8
18-AUG-2026,NSE,bulk_deals,ATALREAL,Atal Realtech Limited,ALTIZEN VENTURES LLP,BUY,1377840,34.61
18-AUG-2026,NSE,bulk_deals,ATALREAL,Atal Realtech Limited,CHAUBARA EATS PRIVATE LIMITED,BUY,1500000,35.76
18-AUG-2026,NSE,bulk_deals,ATALREAL,Atal Realtech Limited,L7 HITECH PRIVATE LIMITED,BUY,1200000,33.28
18-AUG-2026,NSE,bulk_deals,ATALREAL,Atal Realtech Limited,HJS SECURITIES PRIVATE LIMITED,BUY,812166,34.89
18-AUG-2026,NSE,bulk_deals,BMLL,Bio Medica Laboratories L,AGGARWAL ATUL KASTURILAL,BUY,116000,153.5
18-AUG-2026,NSE,bulk_deals,BMLL,Bio Medica Laboratories L,RATHOD MANOJ CHHAGANLAL HUF,BUY,46000,156.37
18-AUG-2026,NSE,bulk_deals,E2ERAIL,E To E Trans Infra Ltd,RAMDOOT REALTORS PVT LTD,BUY,89600,301.56
18-AUG-2026,NSE,bulk_deals,E2ERAIL,E To E Trans Infra Ltd,PARTH INFIN BROKERS PVT LTD,BUY,93600,299.84
18-AUG-2026,NSE,bulk_deals,GATECH,GACM Technologies Limited,RATHOD DIGVIJAYSINH RAJENDRASINH,BUY,1116333,0.8
18-AUG-2026,NSE,bulk_deals,GCSL,Gretex Corporate Services,MANSUKH SECURITIES & FINANCE LIMITED,BUY,156604,515.59
18-AUG-2026,NSE,bulk_deals,GKSL,Gujarat Kidney N Sup Sp L,L7 HITECH PRIVATE LIMITED,BUY,530988,153.34
18-AUG-2026,NSE,bulk_deals,ICIL,Indo Count Industries Ltd,MICROCURVES TRADING PRIVATE LIMITED,BUY,1497202,444.94
18-AUG-2026,NSE,bulk_deals,JINDRILL,Jindal Drilling And Indus,NK SECURITIES RESEARCH PRIVATE LIMITED,BUY,475629,656.96
18-AUG-2026,NSE,bulk_deals,JINDRILL,Jindal Drilling And Indus,ALPHAGREP SECURITIES PRIVATE LIMITED,BUY,159850,649.92
18-AUG-2026,NSE,bulk_deals,JINDRILL,Jindal Drilling And Indus,IRAGE BROKING SERVICES LLP,BUY,243833,658.52
18-AUG-2026,NSE,bulk_deals,JINDRILL,Jindal Drilling And Indus,JUMP TRADING FINANCIAL INDIA PRIVATE LIMITED,BUY,195219,658.48
18-AUG-2026,NSE,bulk_deals,JINDRILL,Jindal Drilling And Indus,HRTI PRIVATE LIMITED,BUY,181915,649.96
18-AUG-2026,NSE,bulk_deals,JINDRILL,Jindal Drilling And Indus,MICROCURVES TRADING PRIVATE LIMITED,BUY,955476,656.32
18-AUG-2026,NSE,bulk_deals,JINDRILL,Jindal Drilling And Indus,BLITZQUANT RESEARCH LLP,BUY,405182,660.27
18-AUG-2026,NSE,bulk_deals,JINDRILL,Jindal Drilling And Indus,ELIXIR WEALTH MANAGEMENT PRIVATE LIMITED,BUY,571110,654.5
18-AUG-2026,NSE,bulk_deals,JINDRILL,Jindal Drilling And Indus,DIPAN MEHTA COMMODITIES PRIVATE LIMITED,BUY,324266,663.71
18-AUG-2026,NSE,bulk_deals,JINDRILL,Jindal Drilling And Indus,MUSIGMA SECURITIES,BUY,174952,652.64
18-AUG-2026,NSE,bulk_deals,JINDRILL,Jindal Drilling And Indus,JUNOMONETA FINSOL PRIVATE LIMITED,BUY,575335,654.53
18-AUG-2026,NSE,bulk_deals,JINDRILL,Jindal Drilling And Indus,QE SECURITIES LLP,BUY,273152,651.07
18-AUG-2026,NSE,bulk_deals,KANDARP,Kandarp Dg Smart Bpo Ltd,RG  HUF,BUY,45000,99.44
18-AUG-2026,NSE,bulk_deals,KERNEX,Kernex Microsystems (Indi,QE SECURITIES LLP,BUY,102150,1852.15
18-AUG-2026,NSE,bulk_deals,KERNEX,Kernex Microsystems (Indi,HRTI PRIVATE LIMITED,BUY,94703,1838.06
18-AUG-2026,NSE,bulk_deals,MOTISONS,Motisons Jewellers Ltd,QE SECURITIES LLP,BUY,5801519,16.77
18-AUG-2026,NSE,bulk_deals,MOTISONS,Motisons Jewellers Ltd,ARIHANT CAPITAL MARKETS LIMITED,BUY,16440974,16.61
18-AUG-2026,NSE,bulk_deals,MOTISONS,Motisons Jewellers Ltd,JUNOMONETA FINSOL PRIVATE LIMITED,BUY,5939213,16.66
18-AUG-2026,NSE,bulk_deals,MOTISONS,Motisons Jewellers Ltd,HRTI PRIVATE LIMITED,BUY,6926365,16.67
18-AUG-2026,NSE,bulk_deals,MOTISONS,Motisons Jewellers Ltd,NIRMALKUMAR PAREEK,BUY,2200000,16.6
18-AUG-2026,NSE,bulk_deals,NAGREEKEXP,Nagreeka Exports Limited,IRAGE BROKING SERVICES LLP,BUY,157358,24.32
18-AUG-2026,NSE,bulk_deals,NAGREEKEXP,Nagreeka Exports Limited,ORION STOCKS LTD,BUY,111632,24.06
18-AUG-2026,NSE,bulk_deals,NELCO,Nelco Ltd.,HRTI PRIVATE LIMITED,BUY,127937,973.47
18-AUG-2026,NSE,bulk_deals,NELCO,Nelco Ltd.,QE SECURITIES LLP,BUY,117760,969.59
18-AUG-2026,NSE,bulk_deals,NXT-INFRA,Nxt-Infra Trust,LARSEN & TOUBRO LIMITED,BUY,20875000,95.33
18-AUG-2026,NSE,bulk_deals,RATNAVEER,Ratnaveer Precision Eng L,HRTI PRIVATE LIMITED,BUY,356983,251.9
18-AUG-2026,NSE,bulk_deals,RATNAVEER,Ratnaveer Precision Eng L,ARIHANT CAPITAL MARKETS LIMITED,BUY,1974391,251.9
18-AUG-2026,NSE,bulk_deals,RATNAVEER,Ratnaveer Precision Eng L,MATHISYS QUANTCAP LLP,BUY,357901,251.53
18-AUG-2026,NSE,bulk_deals,RATNAVEER,Ratnaveer Precision Eng L,QE SECURITIES LLP,BUY,806698,252.1
18-AUG-2026,NSE,bulk_deals,RATNAVEER,Ratnaveer Precision Eng L,NIRMALKUMAR PAREEK,BUY,500000,250.99
18-AUG-2026,NSE,bulk_deals,RATNAVEER,Ratnaveer Precision Eng L,JUNOMONETA FINSOL PRIVATE LIMITED,BUY,658747,251.55
18-AUG-2026,NSE,bulk_deals,SBC,SBC Exports Limited,DEEPIKA GUPTA,BUY,2674948,38.69
18-AUG-2026,NSE,bulk_deals,STYLEBAAZA,Baazar Style Retail Ltd,MANSI SHARE AND STOCK BROKING PRIVATE LIMITED,BUY,176179,402.64
18-AUG-2026,NSE,bulk_deals,SUBEXLTD,Subex Ltd,YUGA STOCKS AND COMMODITIES PRIVATE LIMITED,BUY,10076356,16.52
18-AUG-2026,NSE,bulk_deals,WELINV,Welspun Inv & Comm Ltd,LLOYDS ENTERPRISES LIMITED,BUY,97622,1790.0
18-AUG-2026,NSE,bulk_deals,ZAGGLE,Zaggle Prepa Ocean Ser L,JUNOMONETA FINSOL PRIVATE LIMITED,BUY,874417,165.04
18-AUG-2026,NSE,bulk_deals,ZAGGLE,Zaggle Prepa Ocean Ser L,HRTI PRIVATE LIMITED,BUY,624170,164.79
18-AUG-2026,NSE,bulk_deals,ZAGGLE,Zaggle Prepa Ocean Ser L,MICROCURVES TRADING PRIVATE LIMITED,BUY,730405,165.53
18-AUG-2026,NSE,bulk_deals,ZAGGLE,Zaggle Prepa Ocean Ser L,QE SECURITIES LLP,BUY,1182069,166.2
18-AUG-2026,NSE,bulk_deals,ZAGGLE,Zaggle Prepa Ocean Ser L,KEDIA SECURITIES PRIVATE LIMITED,BUY,2000000,164.72
18-AUG-2026,NSE,bulk_deals,ASIANTILES,Asian Granito India Limit,GIRISH KALIDASBHAI PATEL,SELL,1991593,46.19
18-AUG-2026,NSE,bulk_deals,ASIANTILES,Asian Granito India Limit,THAKKAR NILESHKUMAR FARSHURAM HUF,SELL,1717434,46.37
18-AUG-2026,NSE,bulk_deals,ASPIRE,Aspire & Innovative Adv L,GAVRILL METAL PRIVATE LIMITED,SELL,118000,14.01
18-AUG-2026,NSE,bulk_deals,ATALREAL,Atal Realtech Limited,QE SECURITIES LLP,SELL,1374707,33.53
18-AUG-2026,NSE,bulk_deals,ATALREAL,Atal Realtech Limited,ALTIZEN VENTURES LLP,SELL,1154915,34.51
18-AUG-2026,NSE,bulk_deals,ATALREAL,Atal Realtech Limited,HRTI PRIVATE LIMITED,SELL,3080321,33.95
18-AUG-2026,NSE,bulk_deals,ATALREAL,Atal Realtech Limited,RAAVI ENTERPRISE,SELL,1280000,35.45
18-AUG-2026,NSE,bulk_deals,ATALREAL,Atal Realtech Limited,L7 HITECH PRIVATE LIMITED,SELL,80000,31.82
18-AUG-2026,NSE,bulk_deals,ATALREAL,Atal Realtech Limited,BULLPULSE MARKETEDGE PRIVATE LIMITED,SELL,659057,36.0
18-AUG-2026,NSE,bulk_deals,ATALREAL,Atal Realtech Limited,ACME CAPITAL MARKET LIMITED,SELL,2901339,35.02
18-AUG-2026,NSE,bulk_deals,ATALREAL,Atal Realtech Limited,CHAUBARA EATS PRIVATE LIMITED,SELL,1500000,35.78
18-AUG-2026,NSE,bulk_deals,ATALREAL,Atal Realtech Limited,HJS SECURITIES PRIVATE LIMITED,SELL,812166,35.3
18-AUG-2026,NSE,bulk_deals,BMLL,Bio Medica Laboratories L,MAHABIR TRADEVENTURES LLP,SELL,116000,153.5
18-AUG-2026,NSE,bulk_deals,BMLL,Bio Medica Laboratories L,RATHOD MANOJ CHHAGANLAL HUF,SELL,91000,156.36
18-AUG-2026,NSE,bulk_deals,CYIENT,Cyient Limited,HDFC MUTUAL FUND,SELL,532526,854.01
18-AUG-2026,NSE,bulk_deals,E2ERAIL,E To E Trans Infra Ltd,RAMDOOT REALTORS PVT LTD,SELL,89600,300.36
18-AUG-2026,NSE,bulk_deals,E2ERAIL,E To E Trans Infra Ltd,PARTH INFIN BROKERS PVT LTD,SELL,93600,302.14
18-AUG-2026,NSE,bulk_deals,ESCONET,Esconet Technologies Ltd,SUNIL KUMAR AGRAWAL,SELL,83600,173.36
18-AUG-2026,NSE,bulk_deals,GATECH,GACM Technologies Limited,L7 HITECH PRIVATE LIMITED,SELL,10603379,0.81
18-AUG-2026,NSE,bulk_deals,GATECH,GACM Technologies Limited,RATHOD DIGVIJAYSINH RAJENDRASINH,SELL,11974814,0.81
18-AUG-2026,NSE,bulk_deals,GCSL,Gretex Corporate Services,MANSUKH SECURITIES & FINANCE LIMITED,SELL,153704,507.91
18-AUG-2026,NSE,bulk_deals,GKSL,Gujarat Kidney N Sup Sp L,L7 HITECH PRIVATE LIMITED,SELL,99709,153.75
18-AUG-2026,NSE,bulk_deals,ICIL,Indo Count Industries Ltd,MICROCURVES TRADING PRIVATE LIMITED,SELL,1497197,445.31
18-AUG-2026,NSE,bulk_deals,JINDRILL,Jindal Drilling And Indus,ELIXIR WEALTH MANAGEMENT PRIVATE LIMITED,SELL,563122,655.52
18-AUG-2026,NSE,bulk_deals,JINDRILL,Jindal Drilling And Indus,MUSIGMA SECURITIES,SELL,174952,653.08
18-AUG-2026,NSE,bulk_deals,JINDRILL,Jindal Drilling And Indus,BLITZQUANT RESEARCH LLP,SELL,405182,660.57
18-AUG-2026,NSE,bulk_deals,JINDRILL,Jindal Drilling And Indus,MICROCURVES TRADING PRIVATE LIMITED,SELL,955476,656.87
18-AUG-2026,NSE,bulk_deals,JINDRILL,Jindal Drilling And Indus,JUNOMONETA FINSOL PRIVATE LIMITED,SELL,573995,654.82
18-AUG-2026,NSE,bulk_deals,JINDRILL,Jindal Drilling And Indus,JUMP TRADING FINANCIAL INDIA PRIVATE LIMITED,SELL,195219,660.31
18-AUG-2026,NSE,bulk_deals,JINDRILL,Jindal Drilling And Indus,HRTI PRIVATE LIMITED,SELL,168708,652.29
18-AUG-2026,NSE,bulk_deals,JINDRILL,Jindal Drilling And Indus,QE SECURITIES LLP,SELL,273152,649.43
18-AUG-2026,NSE,bulk_deals,JINDRILL,Jindal Drilling And Indus,IRAGE BROKING SERVICES LLP,SELL,224637,656.37
18-AUG-2026,NSE,bulk_deals,JINDRILL,Jindal Drilling And Indus,ALPHAGREP SECURITIES PRIVATE LIMITED,SELL,159850,650.58
18-AUG-2026,NSE,bulk_deals,JINDRILL,Jindal Drilling And Indus,DIPAN MEHTA COMMODITIES PRIVATE LIMITED,SELL,323766,663.77
18-AUG-2026,NSE,bulk_deals,JINDRILL,Jindal Drilling And Indus,NK SECURITIES RESEARCH PRIVATE LIMITED,SELL,475629,657.27
18-AUG-2026,NSE,bulk_deals,KANDARP,Kandarp Dg Smart Bpo Ltd,RAAVI ENTERPRISE,SELL,45000,99.44
18-AUG-2026,NSE,bulk_deals,KERNEX,Kernex Microsystems (Indi,QE SECURITIES LLP,SELL,99466,1842.03
18-AUG-2026,NSE,bulk_deals,KERNEX,Kernex Microsystems (Indi,HRTI PRIVATE LIMITED,SELL,101858,1853.03
18-AUG-2026,NSE,bulk_deals,MOTISONS,Motisons Jewellers Ltd,NIRMALKUMAR PAREEK,SELL,9000000,16.56
18-AUG-2026,NSE,bulk_deals,MOTISONS,Motisons Jewellers Ltd,HRTI PRIVATE LIMITED,SELL,7594933,16.6
18-AUG-2026,NSE,bulk_deals,MOTISONS,Motisons Jewellers Ltd,JUNOMONETA FINSOL PRIVATE LIMITED,SELL,5738699,16.69
18-AUG-2026,NSE,bulk_deals,MOTISONS,Motisons Jewellers Ltd,QE SECURITIES LLP,SELL,5743093,16.63
18-AUG-2026,NSE,bulk_deals,MOTISONS,Motisons Jewellers Ltd,ARIHANT CAPITAL MARKETS LIMITED,SELL,17523888,16.64
18-AUG-2026,NSE,bulk_deals,NAGREEKEXP,Nagreeka Exports Limited,ORION STOCKS LTD,SELL,156840,24.27
18-AUG-2026,NSE,bulk_deals,NAGREEKEXP,Nagreeka Exports Limited,IRAGE BROKING SERVICES LLP,SELL,131808,23.92
18-AUG-2026,NSE,bulk_deals,NATIONSTD,National Stand (India) L,NARINDER PAL SINGH,SELL,102299,147.91
18-AUG-2026,NSE,bulk_deals,NELCO,Nelco Ltd.,HRTI PRIVATE LIMITED,SELL,272879,975.08
18-AUG-2026,NSE,bulk_deals,NELCO,Nelco Ltd.,QE SECURITIES LLP,SELL,117472,979.68
18-AUG-2026,NSE,bulk_deals,NXT-INFRA,Nxt-Infra Trust,A.K. CAPITAL FINANCE LIMITED,SELL,21050000,95.33
18-AUG-2026,NSE,bulk_deals,OMFURN,Omfurn India Limited,ZYANA STOCKS AND COMMODITIES,SELL,154800,55.28
18-AUG-2026,NSE,bulk_deals,PAYTM,One 97 Communications Ltd,RESILIENT ASSET MANAGEMENT B V,SELL,19210110,1535.1
18-AUG-2026,NSE,bulk_deals,PONNIERODE,Ponni Sugars (Erode) Limi,UNIVERSAL CINE TRADES PVT LTD,SELL,50000,365.19
18-AUG-2026,NSE,bulk_deals,PROPSHOP,Propshop Events and Exh L,NOVA GLOBAL OPPORTUNITIES FUND PCC - TOUCHSTONE,SELL,136000,70.0
18-AUG-2026,NSE,bulk_deals,RATNAVEER,Ratnaveer Precision Eng L,ARIHANT CAPITAL MARKETS LIMITED,SELL,1957405,252.33
18-AUG-2026,NSE,bulk_deals,RATNAVEER,Ratnaveer Precision Eng L,JUNOMONETA FINSOL PRIVATE LIMITED,SELL,629219,251.63
18-AUG-2026,NSE,bulk_deals,RATNAVEER,Ratnaveer Precision Eng L,HRTI PRIVATE LIMITED,SELL,473723,252.12
18-AUG-2026,NSE,bulk_deals,RATNAVEER,Ratnaveer Precision Eng L,MATHISYS QUANTCAP LLP,SELL,382434,251.44
18-AUG-2026,NSE,bulk_deals,RATNAVEER,Ratnaveer Precision Eng L,QE SECURITIES LLP,SELL,813990,251.65
18-AUG-2026,NSE,bulk_deals,SHANTI-RE,Shanti Gold Intl Ltd,SHRIPAL V VORA (HUF),SELL,23899,28.5
18-AUG-2026,NSE,bulk_deals,SHANTI-RE,Shanti Gold Intl Ltd,NANDITA SURYAKANTBHAI MEHTA,SELL,47496,33.95
18-AUG-2026,NSE,bulk_deals,SOUTHWEST,South West Pinnacle Ltd,VIKAS JAIN,SELL,563138,229.49
18-AUG-2026,NSE,bulk_deals,STYLEBAAZA,Baazar Style Retail Ltd,MANSI SHARE AND STOCK BROKING PRIVATE LIMITED,SELL,666172,402.65
18-AUG-2026,NSE,bulk_deals,STYLEBAAZA,Baazar Style Retail Ltd,ANKUSH  KEDIA,SELL,381000,402.65
18-AUG-2026,NSE,bulk_deals,SUBEXLTD,Subex Ltd,YUGA STOCKS AND COMMODITIES PRIVATE LIMITED,SELL,6500946,16.45
18-AUG-2026,NSE,bulk_deals,ZAGGLE,Zaggle Prepa Ocean Ser L,MICROCURVES TRADING PRIVATE LIMITED,SELL,730405,165.52
18-AUG-2026,NSE,bulk_deals,ZAGGLE,Zaggle Prepa Ocean Ser L,QE SECURITIES LLP,SELL,1141326,164.51
18-AUG-2026,NSE,bulk_deals,ZAGGLE,Zaggle Prepa Ocean Ser L,JUNOMONETA FINSOL PRIVATE LIMITED,SELL,921866,164.96
18-AUG-2026,NSE,bulk_deals,ZAGGLE,Zaggle Prepa Ocean Ser L,HRTI PRIVATE LIMITED,SELL,682612,165.02
18-AUG-2026,NSE,block_deals,PAYTM,One 97 Communications Ltd,ADITYA BIRLA SUN LIFE MUTUAL FUND,BUY,4606,1535.1
18-AUG-2026,NSE,block_deals,PAYTM,One 97 Communications Ltd,VITTORIA FUND-OC,BUY,86277,1535.1
18-AUG-2026,NSE,block_deals,PAYTM,One 97 Communications Ltd,ADITYA BIRLA SUN LIFE MUTUAL FUND,BUY,30005,1535.1
18-AUG-2026,NSE,block_deals,PAYTM,One 97 Communications Ltd,ADITYA BIRLA SUN LIFE MUTUAL FUND,BUY,80014,1535.1
18-AUG-2026,NSE,block_deals,PAYTM,One 97 Communications Ltd,ADITYA BIRLA SUN LIFE MUTUAL FUND,BUY,120021,1535.1
18-AUG-2026,NSE,block_deals,PAYTM,One 97 Communications Ltd,BNP PARIBAS FINANCIAL MARKETS - ODI,BUY,200000,1535.1
18-AUG-2026,NSE,block_deals,PAYTM,One 97 Communications Ltd,GHISALLO MASTER FUND LP,BUY,190000,1535.1
18-AUG-2026,NSE,block_deals,PAYTM,One 97 Communications Ltd,GOLDMAN SACHS BANK EUROPE SE,BUY,2255000,1535.1
18-AUG-2026,NSE,block_deals,PAYTM,One 97 Communications Ltd,HDFC MUTUAL FUND,BUY,81428,1535.1
18-AUG-2026,NSE,block_deals,PAYTM,One 97 Communications Ltd,HDFC MUTUAL FUND.,BUY,81428,1535.1
18-AUG-2026,NSE,block_deals,PAYTM,One 97 Communications Ltd,HSBC MUTUAL FUND,BUY,155000,1535.1
18-AUG-2026,NSE,block_deals,PAYTM,One 97 Communications Ltd,HSBC MUTUAL FUND,BUY,170497,1535.1
18-AUG-2026,NSE,block_deals,PAYTM,One 97 Communications Ltd,HSBC MUTUAL FUND,BUY,604503,1535.1
18-AUG-2026,NSE,block_deals,PAYTM,One 97 Communications Ltd,ICICI PRUDENTIAL LIFE INSURANCE COMPANY LIMITED,BUY,460000,1535.1
18-AUG-2026,NSE,block_deals,PAYTM,One 97 Communications Ltd,INTEGRATED CORE STRATEGIES (ASIA) PTE. LTD.,BUY,930000,1535.1
18-AUG-2026,NSE,block_deals,PAYTM,One 97 Communications Ltd,KOTAK MAHINDRA MUTUAL FUND,BUY,190000,1535.1
18-AUG-2026,NSE,block_deals,PAYTM,One 97 Communications Ltd,MY ASIAN OPPORTUNITIES MASTER FUND,BUY,1450000,1535.1
18-AUG-2026,NSE,block_deals,PAYTM,One 97 Communications Ltd,NORTH ROCK SG VCC,BUY,575000,1535.1
18-AUG-2026,NSE,block_deals,PAYTM,One 97 Communications Ltd,OXBOW INDIA FUND,BUY,18750,1535.1
18-AUG-2026,NSE,block_deals,PAYTM,One 97 Communications Ltd,OXBOW MASTER FUND LIMITED,BUY,644973,1535.1
18-AUG-2026,NSE,block_deals,PAYTM,One 97 Communications Ltd,ADITYA BIRLA SUN LIFE MUTUAL FUND,BUY,15354,1535.1
18-AUG-2026,NSE,block_deals,PAYTM,One 97 Communications Ltd,SBI MUTUAL FUND,BUY,326250,1535.1
18-AUG-2026,NSE,block_deals,PAYTM,One 97 Communications Ltd,SBI MUTUAL FUND,BUY,412515,1535.1
18-AUG-2026,NSE,block_deals,PAYTM,One 97 Communications Ltd,SBI MUTUAL FUND,BUY,550020,1535.1
18-AUG-2026,NSE,block_deals,PAYTM,One 97 Communications Ltd,SBI MUTUAL FUND,BUY,1375050,1535.1
18-AUG-2026,NSE,block_deals,PAYTM,One 97 Communications Ltd,SBI MUTUAL FUND,BUY,2749563,1535.1
18-AUG-2026,NSE,block_deals,PAYTM,One 97 Communications Ltd,SOCIETE GENERALE,BUY,2840000,1535.1
18-AUG-2026,NSE,block_deals,PAYTM,One 97 Communications Ltd,SUNDARAM MUTUAL FUND,BUY,32570,1535.1
18-AUG-2026,NSE,block_deals,PAYTM,One 97 Communications Ltd,SUNDARAM MUTUAL FUND,BUY,43661,1535.1
18-AUG-2026,NSE,block_deals,PAYTM,One 97 Communications Ltd,SUNDARAM MUTUAL FUND,BUY,65145,1535.1
18-AUG-2026,NSE,block_deals,PAYTM,One 97 Communications Ltd,SUNDARAM MUTUAL FUND,BUY,178624,1535.1
18-AUG-2026,NSE,block_deals,PAYTM,One 97 Communications Ltd,TATA AIA LIFE INSURANCE COMPANY LIMITED,BUY,556,1535.1
18-AUG-2026,NSE,block_deals,PAYTM,One 97 Communications Ltd,TATA AIA LIFE INSURANCE COMPANY LIMITED,BUY,2259,1535.1
18-AUG-2026,NSE,block_deals,PAYTM,One 97 Communications Ltd,TATA AIA LIFE INSURANCE COMPANY LIMITED,BUY,22181,1535.1
18-AUG-2026,NSE,block_deals,PAYTM,One 97 Communications Ltd,TATA AIA LIFE INSURANCE COMPANY LIMITED,BUY,32057,1535.1
18-AUG-2026,NSE,block_deals,PAYTM,One 97 Communications Ltd,TATA AIA LIFE INSURANCE COMPANY LIMITED,BUY,34747,1535.1
18-AUG-2026,NSE,block_deals,PAYTM,One 97 Communications Ltd,TATA AIA LIFE INSURANCE COMPANY LIMITED,BUY,81589,1535.1
18-AUG-2026,NSE,block_deals,PAYTM,One 97 Communications Ltd,TATA AIA LIFE INSURANCE COMPANY LIMITED,BUY,203180,1535.1
18-AUG-2026,NSE,block_deals,PAYTM,One 97 Communications Ltd,TATA AIA LIFE INSURANCE COMPANY LIMITED,BUY,305816,1535.1
18-AUG-2026,NSE,block_deals,PAYTM,One 97 Communications Ltd,TATA AIA LIFE INSURANCE COMPANY LIMITED,BUY,411198,1535.1
18-AUG-2026,NSE,block_deals,PAYTM,One 97 Communications Ltd,TATA AIA LIFE INSURANCE COMPANY LIMITED,BUY,462417,1535.1
18-AUG-2026,NSE,block_deals,PAYTM,One 97 Communications Ltd,TATA MUTUAL FUND,BUY,856,1535.1
18-AUG-2026,NSE,block_deals,PAYTM,One 97 Communications Ltd,TATA MUTUAL FUND,BUY,72000,1535.1
18-AUG-2026,NSE,block_deals,PAYTM,One 97 Communications Ltd,TATA MUTUAL FUND,BUY,90000,1535.1
18-AUG-2026,NSE,block_deals,PAYTM,One 97 Communications Ltd,VIRIDIAN ASIA OPPORTUNITIES MASTER FUND,BUY,575000,1535.1
18-AUG-2026,NSE,block_deals,PAYTM,One 97 Communications Ltd,RESILIENT ASSET MANAGEMENT B V,SELL,19210110,1535.1
18/08/2026,BSE,bulk,517356,ACIIN,PANKHURI KANDA,B,688553.0,2.0
18/08/2026,BSE,bulk,543377,ADISHAKTI,ARORA FIBRES LIMITED,S,160000.0,6.05
18/08/2026,BSE,bulk,543377,ADISHAKTI,PRAVEEN ARORA,B,100000.0,6.77
18/08/2026,BSE,bulk,531673,ANKIN,NIRMALKUMAR PAREEK,B,454829.0,19.65
18/08/2026,BSE,bulk,526488,BHUDEVI,HITESH JAGDISHBHAI BHATT,S,25775.0,183.96
18/08/2026,BSE,bulk,543516,DHYAANITR,PRINCE PRAKASHBHAI SHAH,B,95200.0,6.6
18/08/2026,BSE,bulk,531553,DRL,VEER SINGH THAKUR,S,84000.0,30.74
18/08/2026,BSE,bulk,531553,DRL,CHETAN BHUPATRAI MEHTA,B,50000.0,30.74
18/08/2026,BSE,bulk,521137,EUREKAI,EPITOME TRADING AND INVESTMENTS,S,60000.0,6.02
18/08/2026,BSE,bulk,531911,GALAGEX,GIRIJADHAVA VYAPAAR PRIVATE LIMITED,S,110000.0,65.01
18/08/2026,BSE,bulk,531911,GALAGEX,GIRIJADHAVA VYAPAAR PRIVATE LIMITED,B,7640.0,65.62
18/08/2026,BSE,bulk,531911,GALAGEX,SMITAL SURESH THAKKAR,B,100000.0,65.0
18/08/2026,BSE,bulk,544603,GROWW,"YC HOLDINGS II, LLC",S,74687500.0,192.16
18/08/2026,BSE,bulk,514386,GUJCOTEX,JAGID VANITABEN RAJENDRAPRASAD,S,2346832.0,3.41
18/08/2026,BSE,bulk,514386,GUJCOTEX,JAGID VANITABEN RAJENDRAPRASAD,B,2211317.0,3.4
18/08/2026,BSE,bulk,541627,GUJWIND,KREON FINNANCIAL SERVICES LIMITED,B,31890.0,7.35
18/08/2026,BSE,bulk,541627,GUJWIND,CHHOTALAL RAMJIBHAI BHANDERI HUF,S,32000.0,7.35
18/08/2026,BSE,bulk,544859,GVELECTRIC,MANSI SHARE AND STOCK BROKING PRIVATE LIMITED,B,2000.0,137.45
18/08/2026,BSE,bulk,544859,GVELECTRIC,MANSI SHARE AND STOCK BROKING PRIVATE LIMITED,S,65000.0,137.71
18/08/2026,BSE,bulk,544160,JAYKAILASH,NEO APEX SHARE BROKING SERVICES LLP,S,33600.0,55.57
18/08/2026,BSE,bulk,544160,JAYKAILASH,MONEYPLANT GOLD & JEWELLERY TRADING L.L.C,S,1600.0,61.39
18/08/2026,BSE,bulk,544160,JAYKAILASH,MONEYPLANT GOLD & JEWELLERY TRADING L.L.C,B,99200.0,55.57
18/08/2026,BSE,bulk,539679,KAPILRAJ,GOPAL  SAINI,S,4003829.0,1.55
18/08/2026,BSE,bulk,539679,KAPILRAJ,ANKIT  MODI,B,566500.0,1.58
18/08/2026,BSE,bulk,539679,KAPILRAJ,SACHIN  KUMAR,B,2350000.0,1.55
18/08/2026,BSE,bulk,531319,MGIL,PINNAMANENI ESTATES PRIVATE LIMITED,S,35766.0,37.34
18/08/2026,BSE,bulk,531319,MGIL,PINNAMANENI ESTATES PRIVATE LIMITED,B,23767.0,38.77
18/08/2026,BSE,bulk,532164,MINOLTAF,COMELY ELECTRICAL PRIVATE LIMITED,B,675055.0,1.27
18/08/2026,BSE,bulk,521109,NAGREEKEXP,ORION STOCKS LTD,B,176350.0,24.09
18/08/2026,BSE,bulk,521109,NAGREEKEXP,ORION STOCKS LTD,S,131142.0,24.18
18/08/2026,BSE,bulk,517554,NHCFOODS,GANESH KUMAR K AMMANNAYA,B,4435000.0,1.55
18/08/2026,BSE,bulk,511644,OMEGAIN,SAURABH MADHUSUDAN PATEL,S,750000.0,29.73
18/08/2026,BSE,bulk,526747,PGFOILQ,PIPALIA CABLES AND WIRES PRIVATE LIMITED,B,100000.0,196.28
18/08/2026,BSE,bulk,526747,PGFOILQ,FOILS INDIA LAMINATES PRIVATE LTD,B,150000.0,195.65
18/08/2026,BSE,bulk,526747,PGFOILQ,STONE COLOUR EXIM PRIVATE LTD,S,250000.0,195.9
18/08/2026,BSE,bulk,544538,PRARUH,VINEY GROWTH FUND,S,100000.0,74.0
18/08/2026,BSE,bulk,544538,PRARUH,VINEY EQUITY MARKET LLP,B,98000.0,74.0
18/08/2026,BSE,bulk,536659,PVVINFRA,SAI ROSHNI CAPITAL PRIVATE LIMITED,B,3910000.0,3.31
18/08/2026,BSE,bulk,536659,PVVINFRA,CTIL MEDIA PRIVATE LIMITED,S,1657059.0,3.3
18/08/2026,BSE,bulk,539669,RGF,PUSPJEET KUMAR,B,4810000.0,1.89
18/08/2026,BSE,bulk,544869,SHAMFOAM,NIRAJ RAJNIKANT SHAH,B,500000.0,104.0
18/08/2026,BSE,bulk,544869,SHAMFOAM,SAPPERS INFRA REALTORS PRIVATE LIMITED,B,108000.0,104.0
18/08/2026,BSE,bulk,544869,SHAMFOAM,COMELY ELECTRICAL PRIVATE LIMITED,B,105000.0,104.0
18/08/2026,BSE,bulk,544869,SHAMFOAM,THOBHANI AMRUTLAL GORDHANBHAI (HUF),B,81000.0,104.0
18/08/2026,BSE,bulk,544869,SHAMFOAM,HARYANA REFRACTORIES PRIVATE LIMITED,B,250000.0,104.0
18/08/2026,BSE,bulk,544869,SHAMFOAM,MANOJ  AGARWAL,B,350000.0,104.0
18/08/2026,BSE,bulk,544869,SHAMFOAM,MATRIX LIFE CARE INDIA PRIVATE LIMITED,B,113000.0,104.0
18/08/2026,BSE,bulk,526137,SHETR,KETAKI PRIYADARSHAN SIRAS,S,49766.0,133.92
18/08/2026,BSE,bulk,526137,SHETR,SHAH DIPAK KANAYALAL,B,58000.0,133.92
18/08/2026,BSE,bulk,544080,SHILINDORE,CENTURY 21 OFFICESPACE PRIVATE LIMITED,S,17498.0,1178.3
18/08/2026,BSE,bulk,544080,SHILINDORE,DEEPAK SINGH SANDHU,B,17500.0,1178.3
18/08/2026,BSE,bulk,530907,SICAPIT,ANU THOMAS CHERIYAN,S,50000.0,15.27
18/08/2026,BSE,bulk,530977,SKCIL,ULTRA  SIGMA  PRIVATE  LIMITED,S,129292.0,100.88
18/08/2026,BSE,bulk,531370,SPAR,SHRI MEHUL CHANDRAKANT VORA,S,79400.0,4.67
18/08/2026,BSE,bulk,544243,STYLEBAAZA,MANSI SHARE AND STOCK BROKING PRIVATE LIMITED,S,43.0,403.21
18/08/2026,BSE,bulk,544243,STYLEBAAZA,MANSI SHARE AND STOCK BROKING PRIVATE LIMITED,B,415002.0,403.11
17/08/2026,BSE,block,543542,KESAR,MINERVA VENTURES FUND,B,1178000.0,1265.0
17/08/2026,BSE,block,543542,KESAR,FORBES EMF,S,1178000.0,1265.0
17/08/2026,BSE,block,503811,SIYSIL,DPP ENTERPRISES LLP,B,582900.0,620.0
17/08/2026,BSE,block,503811,SIYSIL,HARSHIT SHRIKISHAN PODDAR,S,582900.0,620.0
19-AUG-2026,NSE,bulk_deals,ABINFRA,A B Infrabuild Limited,NIRMALKUMAR PAREEK,BUY,4400000,13.55
19-AUG-2026,NSE,bulk_deals,ABINFRA,A B Infrabuild Limited,JUNOMONETA FINSOL PRIVATE LIMITED,BUY,4512113,13.5
19-AUG-2026,NSE,bulk_deals,ABINFRA,A B Infrabuild Limited,ARIHANT CAPITAL MARKETS LIMITED,BUY,11256437,13.36
19-AUG-2026,NSE,bulk_deals,ASTERDM,Aster DM Quality Care Ltd,INTEGRATED CORE STRATEGIES ASIA PTE LTD,BUY,4994505,766.14
19-AUG-2026,NSE,bulk_deals,ASTERDM,Aster DM Quality Care Ltd,HDFC MUTUAL FUND,BUY,9789107,766.1
19-AUG-2026,NSE,bulk_deals,ASTERDM,Aster DM Quality Care Ltd,HDFC MUTUAL FUND,BUY,5220857,766.1
19-AUG-2026,NSE,bulk_deals,ASTERDM,Aster DM Quality Care Ltd,CITIGROUP GLOBAL MARKETS SINGAPORE PTE LIMITED,BUY,5288000,766.1
19-AUG-2026,NSE,bulk_deals,ASTERDM,Aster DM Quality Care Ltd,KOTAK MAHINDRA MUTUAL FUND,BUY,4568000,766.1
19-AUG-2026,NSE,bulk_deals,ATALREAL,Atal Realtech Limited,JIAUM BROKING LLP,BUY,1135757,33.62
19-AUG-2026,NSE,bulk_deals,ATALREAL,Atal Realtech Limited,ACME CAPITAL MARKET LIMITED,BUY,3471238,33.42
19-AUG-2026,NSE,bulk_deals,ATALREAL,Atal Realtech Limited,HRTI PRIVATE LIMITED,BUY,669465,33.56
19-AUG-2026,NSE,bulk_deals,ATALREAL,Atal Realtech Limited,QE SECURITIES LLP,BUY,1037293,33.36
19-AUG-2026,NSE,bulk_deals,ATALREAL,Atal Realtech Limited,ALTIZEN VENTURES LLP,BUY,1571000,33.47
19-AUG-2026,NSE,bulk_deals,ATALREAL,Atal Realtech Limited,BULLPULSE MARKETEDGE PRIVATE LIMITED,BUY,1165804,33.63
19-AUG-2026,NSE,bulk_deals,ATALREAL,Atal Realtech Limited,HJS SECURITIES PRIVATE LIMITED,BUY,671256,33.84
19-AUG-2026,NSE,bulk_deals,BLEL,Behari Lal Engineering L,SIMPY PRUTHI,BUY,237566,514.34
19-AUG-2026,NSE,bulk_deals,BLEL,Behari Lal Engineering L,PATRONUS TRADETECH LLP,BUY,315162,490.17
19-AUG-2026,NSE,bulk_deals,BLEL,Behari Lal Engineering L,360 ONE MUTUAL FUND,BUY,505000,470.13
19-AUG-2026,NSE,bulk_deals,BLEL,Behari Lal Engineering L,GOLDMINE STOCKS PRIVATE LIMITED,BUY,663516,502.57
19-AUG-2026,NSE,bulk_deals,BLEL,Behari Lal Engineering L,DIPAN MEHTA COMMODITIES PRIVATE LIMITED,BUY,428318,509.63
19-AUG-2026,NSE,bulk_deals,BLEL,Behari Lal Engineering L,ELIXIR WEALTH MANAGEMENT PRIVATE LIMITED,BUY,467502,505.13
19-AUG-2026,NSE,bulk_deals,BLEL,Behari Lal Engineering L,SANJAY POPATLAL JAIN,BUY,300000,478.55
19-AUG-2026,NSE,bulk_deals,BLEL,Behari Lal Engineering L,INDUBEN VITHALBHAI KAPURIYA,BUY,216792,505.38
19-AUG-2026,NSE,bulk_deals,BLEL,Behari Lal Engineering L,SILVER LINE VENTURES PRIVATE LIMITED,BUY,342899,504.45
19-AUG-2026,NSE,bulk_deals,BLEL,Behari Lal Engineering L,YUGA STOCKS AND COMMODITIES PRIVATE LIMITED,BUY,217212,481.36
19-AUG-2026,NSE,bulk_deals,BLEL,Behari Lal Engineering L,PANKAJ RAMESHBHAI DOBARIYA,BUY,227530,514.53
19-AUG-2026,NSE,bulk_deals,BLEL,Behari Lal Engineering L,OM TRADING,BUY,258322,494.01
19-AUG-2026,NSE,bulk_deals,BLEL,Behari Lal Engineering L,SPRING VENTURES,BUY,260058,485.53
19-AUG-2026,NSE,bulk_deals,BLEL,Behari Lal Engineering L,NK SECURITIES RESEARCH PRIVATE LIMITED,BUY,1224112,494.51
19-AUG-2026,NSE,bulk_deals,BLEL,Behari Lal Engineering L,PURE BROKING PRIVATE LIMITED,BUY,799934,506.79
19-AUG-2026,NSE,bulk_deals,BLEL,Behari Lal Engineering L,TWO ROADS TRADING PRIVATE LIMITED,BUY,211741,507.47
19-AUG-2026,NSE,bulk_deals,BLEL,Behari Lal Engineering L,GRT STRATEGIC VENTURES LLP,BUY,1112105,502.28
19-AUG-2026,NSE,bulk_deals,BLEL,Behari Lal Engineering L,IRAGE BROKING SERVICES LLP,BUY,896492,495.94
19-AUG-2026,NSE,bulk_deals,BLEL,Behari Lal Engineering L,MARWADI CHANDARANA INTERMEDIARIES BROKERS PRIVATE LIMITED,BUY,282730,497.6
19-AUG-2026,NSE,bulk_deals,BLEL,Behari Lal Engineering L,JUNOMONETA FINSOL PRIVATE LIMITED,BUY,1534597,502.98
19-AUG-2026,NSE,bulk_deals,BLEL,Behari Lal Engineering L,MICROCURVES TRADING PRIVATE LIMITED,BUY,1241855,513.0
19-AUG-2026,NSE,bulk_deals,BLEL,Behari Lal Engineering L,BLITZQUANT RESEARCH LLP,BUY,432283,485.6
19-AUG-2026,NSE,bulk_deals,BLEL,Behari Lal Engineering L,KIFS  ENTERPRISE,BUY,261689,520.45
19-AUG-2026,NSE,bulk_deals,DAVANGERE,Davangere Sugar Company L,ARIHANT CAPITAL MARKETS LIMITED,BUY,8687879,3.13
19-AUG-2026,NSE,bulk_deals,EEPL,Eppeltone Engineers Ltd,JAINAM UDAY SHAH,BUY,75000,150.1
19-AUG-2026,NSE,bulk_deals,EXCELINDUS,Excel Industries Limited,NK SECURITIES RESEARCH PRIVATE LIMITED,BUY,64341,1112.42
19-AUG-2026,NSE,bulk_deals,GCSL,Gretex Corporate Services,MANSUKH SECURITIES & FINANCE LIMITED,BUY,91059,521.72
19-AUG-2026,NSE,bulk_deals,GRADIENTE,Gradiente Infotainment L,PINNAMANENI ESTATES PRIVATE LIMITED,BUY,2743422,2.91
19-AUG-2026,NSE,bulk_deals,HSCL,Himadri Speciality Chem L,VT CAPITAL MARKET PVT LTD,BUY,5668897,736.65
19-AUG-2026,NSE,bulk_deals,ISHANCH,Ishan Dyes N Chemicals L,ORION STOCKS LTD,BUY,147322,48.01
19-AUG-2026,NSE,bulk_deals,JAYESH,Jayesh Logistics Limited,GIRIJADHAVA VYAPAAR PRIVATE LIMITED,BUY,53000,140.03
19-AUG-2026,NSE,bulk_deals,JAYESH,Jayesh Logistics Limited,PROGNOSIS SECURITIES PVT. LTD,BUY,105000,139.3
19-AUG-2026,NSE,bulk_deals,JAYESH,Jayesh Logistics Limited,L7 HITECH PRIVATE LIMITED,BUY,52000,138.72
19-AUG-2026,NSE,bulk_deals,JINDRILL,Jindal Drilling And Indus,QE SECURITIES LLP,BUY,198479,642.85
19-AUG-2026,NSE,bulk_deals,JINDRILL,Jindal Drilling And Indus,JUNOMONETA FINSOL PRIVATE LIMITED,BUY,162883,645.28
19-AUG-2026,NSE,bulk_deals,KAMANWALA,Kamanwala Housing Const L,RAHUL GOEL,BUY,115117,19.4
19-AUG-2026,NSE,bulk_deals,KRITI,Kriti Industries Ind Ltd,NIK COMP PRIVATE LIMITED,BUY,283009,66.5
19-AUG-2026,NSE,bulk_deals,LAXMICOT,Laxmi Cotspin Limited,AMRITA JAIN,BUY,105711,15.82
19-AUG-2026,NSE,bulk_deals,LEAPIND,LEAP India Limited,BNP PARIBAS FINANCIAL MARKETS,BUY,4256469,164.11
19-AUG-2026,NSE,bulk_deals,MAHICKRA,Mahickra Chemical Limited,ORENDA ENTERPRISES LLP,BUY,75000,259.65
19-AUG-2026,NSE,bulk_deals,MOTISONS,Motisons Jewellers Ltd,HRTI PRIVATE LIMITED,BUY,5613306,16.82
19-AUG-2026,NSE,bulk_deals,MOTISONS,Motisons Jewellers Ltd,ARIHANT CAPITAL MARKETS LIMITED,BUY,16723676,16.84
19-AUG-2026,NSE,bulk_deals,OPTIMYSTIX,Optimystix Ent India Ltd,WEBRING GLOBAL SOLUTIONS PRIVATE LIMITED,BUY,276800,178.91
19-AUG-2026,NSE,bulk_deals,ORIENTHOT,Oriental Hotels Ltd,NK SECURITIES RESEARCH PRIVATE LIMITED,BUY,1603895,138.39
19-AUG-2026,NSE,bulk_deals,ORIENTHOT,Oriental Hotels Ltd,BLITZQUANT RESEARCH LLP,BUY,1623852,138.68
19-AUG-2026,NSE,bulk_deals,ORIENTHOT,Oriental Hotels Ltd,JUNOMONETA FINSOL PRIVATE LIMITED,BUY,1086367,137.81
19-AUG-2026,NSE,bulk_deals,ORIENTHOT,Oriental Hotels Ltd,MICROCURVES TRADING PRIVATE LIMITED,BUY,2750540,138.66
19-AUG-2026,NSE,bulk_deals,ORIENTHOT,Oriental Hotels Ltd,SILVERLEAF CAPITAL SERVICES PRIVATE LIMITED,BUY,1011297,137.36
19-AUG-2026,NSE,bulk_deals,ORIENTHOT,Oriental Hotels Ltd,QE SECURITIES LLP,BUY,910172,137.41
19-AUG-2026,NSE,bulk_deals,PRAMODINI,Pramodini Medicare Ltd,NIRAJ RAJNIKANT SHAH,BUY,946800,120.06
19-AUG-2026,NSE,bulk_deals,RATNAVEER,Ratnaveer Precision Eng L,ARIHANT CAPITAL MARKETS LIMITED,BUY,1207115,252.82
19-AUG-2026,NSE,bulk_deals,RATNAVEER,Ratnaveer Precision Eng L,QE SECURITIES LLP,BUY,508844,252.78
19-AUG-2026,NSE,bulk_deals,RELIABLE,Reliable Data Service Ltd,L7 HITECH PRIVATE LIMITED,BUY,66009,137.99
19-AUG-2026,NSE,bulk_deals,SBC,SBC Exports Limited,MORPHEUS ENTERPRISES PRIVATE LIMITED,BUY,2820000,38.76
19-AUG-2026,NSE,bulk_deals,SHIPROCKET,Shiprocket Limited,PURE BROKING PRIVATE LIMITED,BUY,4055202,142.65
19-AUG-2026,NSE,bulk_deals,SHIPROCKET,Shiprocket Limited,GOLDMAN SACHS FDS GOLDMAN SACHS INDIA EQ PORTFOLIO,BUY,4024040,131.0
19-AUG-2026,NSE,bulk_deals,SHIPROCKET,Shiprocket Limited,NK SECURITIES RESEARCH PRIVATE LIMITED,BUY,6782846,140.83
19-AUG-2026,NSE,bulk_deals,SHIPROCKET,Shiprocket Limited,MICROCURVES TRADING PRIVATE LIMITED,BUY,4126848,140.68
19-AUG-2026,NSE,bulk_deals,SHIPROCKET,Shiprocket Limited,GRT STRATEGIC VENTURES LLP,BUY,4777616,142.39
19-AUG-2026,NSE,bulk_deals,SHIPROCKET,Shiprocket Limited,IRAGE BROKING SERVICES LLP,BUY,5223596,142.57
19-AUG-2026,NSE,bulk_deals,SHIPROCKET,Shiprocket Limited,JUNOMONETA FINSOL PRIVATE LIMITED,BUY,5987354,143.08
19-AUG-2026,NSE,bulk_deals,SUBEXLTD,Subex Ltd,YUGA STOCKS AND COMMODITIES PRIVATE LIMITED,BUY,3699179,16.8
19-AUG-2026,NSE,bulk_deals,TECHNOCRAF,Technocraft Ventures Ltd,GOVIND JI GUPTA,BUY,200277,315.96
19-AUG-2026,NSE,bulk_deals,TECHNOCRAF,Technocraft Ventures Ltd,QE SECURITIES LLP,BUY,228389,314.97
19-AUG-2026,NSE,bulk_deals,TPHQ,Teamo Productions HQ Ltd,RAKESH KUMAR UPPAL AND SONS HUF,BUY,6070209,0.68
19-AUG-2026,NSE,bulk_deals,UDS,Updater Services Limited,SIS LIMITED,BUY,525000,216.37
19-AUG-2026,NSE,bulk_deals,WELINV,Welspun Inv & Comm Ltd,LLOYDS ENTERPRISES LIMITED,BUY,29960,1797.12
19-AUG-2026,NSE,bulk_deals,ZAGGLE,Zaggle Prepa Ocean Ser L,PARTH INFIN BROKERS PVT LTD,BUY,887979,184.98
19-AUG-2026,NSE,bulk_deals,ZAGGLE,Zaggle Prepa Ocean Ser L,CLT RESEARCH TECH PRIVATE LTD,BUY,673157,183.92
19-AUG-2026,NSE,bulk_deals,ZAGGLE,Zaggle Prepa Ocean Ser L,MUSIGMA SECURITIES,BUY,725129,185.77
19-AUG-2026,NSE,bulk_deals,ZAGGLE,Zaggle Prepa Ocean Ser L,IRAGE BROKING SERVICES LLP,BUY,632560,186.63
19-AUG-2026,NSE,bulk_deals,ZAGGLE,Zaggle Prepa Ocean Ser L,QE SECURITIES LLP,BUY,1761002,185.02
19-AUG-2026,NSE,bulk_deals,ZAGGLE,Zaggle Prepa Ocean Ser L,HRTI PRIVATE LIMITED,BUY,1340017,184.3
19-AUG-2026,NSE,bulk_deals,ZAGGLE,Zaggle Prepa Ocean Ser L,JUNOMONETA FINSOL PRIVATE LIMITED,BUY,1501664,185.13
19-AUG-2026,NSE,bulk_deals,ZAGGLE,Zaggle Prepa Ocean Ser L,MICROCURVES TRADING PRIVATE LIMITED,BUY,1264536,184.84
19-AUG-2026,NSE,bulk_deals,ABINFRA,A B Infrabuild Limited,ARIHANT CAPITAL MARKETS LIMITED,SELL,10899248,13.42
19-AUG-2026,NSE,bulk_deals,ABINFRA,A B Infrabuild Limited,JUNOMONETA FINSOL PRIVATE LIMITED,SELL,4426896,13.53
19-AUG-2026,NSE,bulk_deals,ABINFRA,A B Infrabuild Limited,NIRMALKUMAR PAREEK,SELL,1600000,13.64
19-AUG-2026,NSE,bulk_deals,ASTERDM,Aster DM Quality Care Ltd,CENTELLA MAURITIUS HOLDINGS LIMITED,SELL,58100000,766.17
19-AUG-2026,NSE,bulk_deals,ATALREAL,Atal Realtech Limited,JIAUM BROKING LLP,SELL,1135757,33.65
19-AUG-2026,NSE,bulk_deals,ATALREAL,Atal Realtech Limited,BULLPULSE MARKETEDGE PRIVATE LIMITED,SELL,1165804,33.8
19-AUG-2026,NSE,bulk_deals,ATALREAL,Atal Realtech Limited,ACME CAPITAL MARKET LIMITED,SELL,3471238,33.26
19-AUG-2026,NSE,bulk_deals,ATALREAL,Atal Realtech Limited,HJS SECURITIES PRIVATE LIMITED,SELL,671256,33.87
19-AUG-2026,NSE,bulk_deals,ATALREAL,Atal Realtech Limited,QE SECURITIES LLP,SELL,1015380,33.46
19-AUG-2026,NSE,bulk_deals,ATALREAL,Atal Realtech Limited,HRTI PRIVATE LIMITED,SELL,1126963,33.7
19-AUG-2026,NSE,bulk_deals,ATALREAL,Atal Realtech Limited,ALTIZEN VENTURES LLP,SELL,1571000,33.17
19-AUG-2026,NSE,bulk_deals,BI,Bilcare Ltd.,GUTTIKONDA VARA LAKSHMI,SELL,192861,96.96
19-AUG-2026,NSE,bulk_deals,BIKEWO,Bikewo Green Tech Limited,PUSHPA A MADRECHA,SELL,112000,112.62
19-AUG-2026,NSE,bulk_deals,BLEL,Behari Lal Engineering L,IRAGE BROKING SERVICES LLP,SELL,832570,499.34
19-AUG-2026,NSE,bulk_deals,BLEL,Behari Lal Engineering L,SIMPY PRUTHI,SELL,237566,509.16
19-AUG-2026,NSE,bulk_deals,BLEL,Behari Lal Engineering L,NK SECURITIES RESEARCH PRIVATE LIMITED,SELL,1224112,494.74
19-AUG-2026,NSE,bulk_deals,BLEL,Behari Lal Engineering L,PURE BROKING PRIVATE LIMITED,SELL,799334,507.42
19-AUG-2026,NSE,bulk_deals,BLEL,Behari Lal Engineering L,SPRING VENTURES,SELL,260058,483.76
19-AUG-2026,NSE,bulk_deals,BLEL,Behari Lal Engineering L,OM TRADING,SELL,258322,496.4
19-AUG-2026,NSE,bulk_deals,BLEL,Behari Lal Engineering L,MARWADI CHANDARANA INTERMEDIARIES BROKERS PRIVATE LIMITED,SELL,282730,502.54
19-AUG-2026,NSE,bulk_deals,BLEL,Behari Lal Engineering L,TWO ROADS TRADING PRIVATE LIMITED,SELL,211741,507.69
19-AUG-2026,NSE,bulk_deals,BLEL,Behari Lal Engineering L,KIFS  ENTERPRISE,SELL,151689,514.44
19-AUG-2026,NSE,bulk_deals,BLEL,Behari Lal Engineering L,PATRONUS TRADETECH LLP,SELL,286254,491.32
19-AUG-2026,NSE,bulk_deals,BLEL,Behari Lal Engineering L,GOLDMINE STOCKS PRIVATE LIMITED,SELL,663516,503.56
19-AUG-2026,NSE,bulk_deals,BLEL,Behari Lal Engineering L,BLITZQUANT RESEARCH LLP,SELL,432283,485.85
19-AUG-2026,NSE,bulk_deals,BLEL,Behari Lal Engineering L,DIPAN MEHTA COMMODITIES PRIVATE LIMITED,SELL,428408,509.87
19-AUG-2026,NSE,bulk_deals,BLEL,Behari Lal Engineering L,ELIXIR WEALTH MANAGEMENT PRIVATE LIMITED,SELL,467502,506.84
19-AUG-2026,NSE,bulk_deals,BLEL,Behari Lal Engineering L,MICROCURVES TRADING PRIVATE LIMITED,SELL,1241855,513.25
19-AUG-2026,NSE,bulk_deals,BLEL,Behari Lal Engineering L,INDUBEN VITHALBHAI KAPURIYA,SELL,216792,506.77
19-AUG-2026,NSE,bulk_deals,BLEL,Behari Lal Engineering L,JUNOMONETA FINSOL PRIVATE LIMITED,SELL,1539020,503.26
19-AUG-2026,NSE,bulk_deals,BLEL,Behari Lal Engineering L,GRT STRATEGIC VENTURES LLP,SELL,1112105,502.48
19-AUG-2026,NSE,bulk_deals,BLEL,Behari Lal Engineering L,SILVER LINE VENTURES PRIVATE LIMITED,SELL,352899,507.39
19-AUG-2026,NSE,bulk_deals,BLEL,Behari Lal Engineering L,YUGA STOCKS AND COMMODITIES PRIVATE LIMITED,SELL,217212,486.35
19-AUG-2026,NSE,bulk_deals,BLEL,Behari Lal Engineering L,PANKAJ RAMESHBHAI DOBARIYA,SELL,227530,514.89
19-AUG-2026,NSE,bulk_deals,BMLL,Bio Medica Laboratories L,MAHABIR TRADEVENTURES LLP,SELL,118000,159.6
19-AUG-2026,NSE,bulk_deals,CORDELIA,Waterways Leisure Tour L,BELGRAVE INVESTMENT FUND,SELL,698749,825.11
19-AUG-2026,NSE,bulk_deals,DAVANGERE,Davangere Sugar Company L,ARIHANT CAPITAL MARKETS LIMITED,SELL,17241201,3.13
19-AUG-2026,NSE,bulk_deals,EEPL,Eppeltone Engineers Ltd,JAINAM UDAY SHAH,SELL,27000,146.28
19-AUG-2026,NSE,bulk_deals,EXCELINDUS,Excel Industries Limited,NK SECURITIES RESEARCH PRIVATE LIMITED,SELL,64341,1113.23
19-AUG-2026,NSE,bulk_deals,GATECH,GACM Technologies Limited,PARIJATA TRADING PRIVATE LIMITED,SELL,10000000,0.84
19-AUG-2026,NSE,bulk_deals,GCSL,Gretex Corporate Services,MANSUKH SECURITIES & FINANCE LIMITED,SELL,185359,522.11
19-AUG-2026,NSE,bulk_deals,GRADIENTE,Gradiente Infotainment L,PINNAMANENI ESTATES PRIVATE LIMITED,SELL,1418601,2.88
19-AUG-2026,NSE,bulk_deals,GRADIENTE,Gradiente Infotainment L,MOHANA RAO VADLAMUDI,SELL,2500000,2.91
19-AUG-2026,NSE,bulk_deals,HAPPY,Happy Steels Limited,PESB ALPHA FUND,SELL,76000,71.05
19-AUG-2026,NSE,bulk_deals,HSCL,Himadri Speciality Chem L,VT CAPITAL MARKET PVT LTD,SELL,2463897,761.99
19-AUG-2026,NSE,bulk_deals,ISHANCH,Ishan Dyes N Chemicals L,ORION STOCKS LTD,SELL,148864,48.05
19-AUG-2026,NSE,bulk_deals,JAYESH,Jayesh Logistics Limited,PROGNOSIS SECURITIES PVT. LTD,SELL,71000,139.07
19-AUG-2026,NSE,bulk_deals,JAYESH,Jayesh Logistics Limited,GIRIJADHAVA VYAPAAR PRIVATE LIMITED,SELL,41000,139.06
19-AUG-2026,NSE,bulk_deals,JINDRILL,Jindal Drilling And Indus,QE SECURITIES LLP,SELL,195261,648.23
19-AUG-2026,NSE,bulk_deals,JINDRILL,Jindal Drilling And Indus,JUNOMONETA FINSOL PRIVATE LIMITED,SELL,163363,645.72
19-AUG-2026,NSE,bulk_deals,KAMANWALA,Kamanwala Housing Const L,RAHUL GOEL,SELL,115117,18.71
19-AUG-2026,NSE,bulk_deals,KRITI,Kriti Industries Ind Ltd,ANANT MOHTA,SELL,282298,66.5
19-AUG-2026,NSE,bulk_deals,LAXMICOT,Laxmi Cotspin Limited,AMRITA JAIN,SELL,61156,15.61
19-AUG-2026,NSE,bulk_deals,LEAPIND,LEAP India Limited,BNP PARIBAS FINANCIAL MARKETS,SELL,488256,158.7
19-AUG-2026,NSE,bulk_deals,MOTISONS,Motisons Jewellers Ltd,ARIHANT CAPITAL MARKETS LIMITED,SELL,16816639,16.82
19-AUG-2026,NSE,bulk_deals,MOTISONS,Motisons Jewellers Ltd,HRTI PRIVATE LIMITED,SELL,5733143,16.78
19-AUG-2026,NSE,bulk_deals,OPTIMYSTIX,Optimystix Ent India Ltd,NECTA BLOOM VCC - NECTA BLOOM ONE,SELL,276800,178.91
19-AUG-2026,NSE,bulk_deals,ORIENTHOT,Oriental Hotels Ltd,JUNOMONETA FINSOL PRIVATE LIMITED,SELL,1095073,137.84
19-AUG-2026,NSE,bulk_deals,ORIENTHOT,Oriental Hotels Ltd,QE SECURITIES LLP,SELL,923249,137.18
19-AUG-2026,NSE,bulk_deals,ORIENTHOT,Oriental Hotels Ltd,NK SECURITIES RESEARCH PRIVATE LIMITED,SELL,1603895,138.47
19-AUG-2026,NSE,bulk_deals,ORIENTHOT,Oriental Hotels Ltd,SILVERLEAF CAPITAL SERVICES PRIVATE LIMITED,SELL,1011297,137.39
19-AUG-2026,NSE,bulk_deals,ORIENTHOT,Oriental Hotels Ltd,BLITZQUANT RESEARCH LLP,SELL,1623852,138.75
19-AUG-2026,NSE,bulk_deals,ORIENTHOT,Oriental Hotels Ltd,MICROCURVES TRADING PRIVATE LIMITED,SELL,2750540,138.7
19-AUG-2026,NSE,bulk_deals,PRAMODINI,Pramodini Medicare Ltd,BEACON STONE CAPITAL VCC - BEACON STONE I,SELL,231600,119.32
19-AUG-2026,NSE,bulk_deals,PROPSHOP,Propshop Events and Exh L,NOVA GLOBAL OPPORTUNITIES FUND PCC - TOUCHSTONE,SELL,78000,69.79
19-AUG-2026,NSE,bulk_deals,RATNAVEER,Ratnaveer Precision Eng L,QE SECURITIES LLP,SELL,509695,252.39
19-AUG-2026,NSE,bulk_deals,RATNAVEER,Ratnaveer Precision Eng L,ARIHANT CAPITAL MARKETS LIMITED,SELL,1196920,253.17
19-AUG-2026,NSE,bulk_deals,SHIPROCKET,Shiprocket Limited,JUNOMONETA FINSOL PRIVATE LIMITED,SELL,6249089,143.0
19-AUG-2026,NSE,bulk_deals,SHIPROCKET,Shiprocket Limited,IRAGE BROKING SERVICES LLP,SELL,4716785,141.24
19-AUG-2026,NSE,bulk_deals,SHIPROCKET,Shiprocket Limited,MICROCURVES TRADING PRIVATE LIMITED,SELL,4126848,140.7
19-AUG-2026,NSE,bulk_deals,SHIPROCKET,Shiprocket Limited,GRT STRATEGIC VENTURES LLP,SELL,4777616,142.45
19-AUG-2026,NSE,bulk_deals,SHIPROCKET,Shiprocket Limited,PURE BROKING PRIVATE LIMITED,SELL,4001807,142.78
19-AUG-2026,NSE,bulk_deals,SHIPROCKET,Shiprocket Limited,NK SECURITIES RESEARCH PRIVATE LIMITED,SELL,6782846,140.9
19-AUG-2026,NSE,bulk_deals,SUBEXLTD,Subex Ltd,YUGA STOCKS AND COMMODITIES PRIVATE LIMITED,SELL,6165722,16.45
19-AUG-2026,NSE,bulk_deals,TECHNOCRAF,Technocraft Ventures Ltd,QE SECURITIES LLP,SELL,227722,315.53
19-AUG-2026,NSE,bulk_deals,TPHQ,Teamo Productions HQ Ltd,RAKESH KUMAR UPPAL AND SONS HUF,SELL,6200393,0.68
19-AUG-2026,NSE,bulk_deals,ZAGGLE,Zaggle Prepa Ocean Ser L,QE SECURITIES LLP,SELL,1693497,184.66
19-AUG-2026,NSE,bulk_deals,ZAGGLE,Zaggle Prepa Ocean Ser L,PARTH INFIN BROKERS PVT LTD,SELL,887979,185.34
19-AUG-2026,NSE,bulk_deals,ZAGGLE,Zaggle Prepa Ocean Ser L,CLT RESEARCH TECH PRIVATE LTD,SELL,673157,183.98
19-AUG-2026,NSE,bulk_deals,ZAGGLE,Zaggle Prepa Ocean Ser L,HRTI PRIVATE LIMITED,SELL,1340186,184.81
19-AUG-2026,NSE,bulk_deals,ZAGGLE,Zaggle Prepa Ocean Ser L,JUNOMONETA FINSOL PRIVATE LIMITED,SELL,1506996,185.34
19-AUG-2026,NSE,bulk_deals,ZAGGLE,Zaggle Prepa Ocean Ser L,MICROCURVES TRADING PRIVATE LIMITED,SELL,1264536,184.87
19-AUG-2026,NSE,bulk_deals,ZAGGLE,Zaggle Prepa Ocean Ser L,IRAGE BROKING SERVICES LLP,SELL,718112,185.89
19-AUG-2026,NSE,bulk_deals,ZAGGLE,Zaggle Prepa Ocean Ser L,MUSIGMA SECURITIES,SELL,725129,185.93
NO RECORDS,NSE,block_deals,nan,nan,nan,nan,nan,nan
19/08/2026,BSE,bulk,531533,ACCEDERE,MONEYPLANT GOLD & JEWELLERY TRADING L.L.C,S,39380.0,87.44
19/08/2026,BSE,bulk,531533,ACCEDERE,AARUSH  CHOPRA,B,3.0,87.36
19/08/2026,BSE,bulk,531533,ACCEDERE,AARUSH  CHOPRA,S,30371.0,87.5
19/08/2026,BSE,bulk,543377,ADISHAKTI,ARORA FIBRES LIMITED,S,190000.0,6.19
19/08/2026,BSE,bulk,544858,AEGEUS,VIPIN AGGARWAL,B,60000.0,173.75
19/08/2026,BSE,bulk,541702,ASHNI,SATISH JASHVANTBHAI MEJIYATAR,S,2570980.0,3.4
19/08/2026,BSE,bulk,541702,ASHNI,SAURABH MADHUSUDAN PATEL,B,2500000.0,3.4
19/08/2026,BSE,bulk,524516,BACPHAR,PRASHANT  GUPTA,S,82000.0,11.62
19/08/2026,BSE,bulk,524516,BACPHAR,PRASHANT  GUPTA,B,82000.0,11.3
19/08/2026,BSE,bulk,524516,BACPHAR,JR SEAMLESS PRIVATE LIMITED,B,526835.0,11.26
19/08/2026,BSE,bulk,524516,BACPHAR,YOGESH KIRTIBHAI PAREKH,B,100000.0,11.26
19/08/2026,BSE,bulk,524516,BACPHAR,PURSHOTTAM RAMESHWAR BOHRA,B,210445.0,11.26
19/08/2026,BSE,bulk,524516,BACPHAR,RAJESH HIRANI,B,70000.0,11.28
19/08/2026,BSE,bulk,524516,BACPHAR,DINESH ISHVARBHAI LALWANI,S,127448.0,11.44
19/08/2026,BSE,bulk,524516,BACPHAR,RAJESH HIRANI,S,140000.0,11.26
19/08/2026,BSE,bulk,524516,BACPHAR,JAGWANI MURLIDHAR,S,116478.0,11.38
19/08/2026,BSE,bulk,524516,BACPHAR,CHETVANI VINOD,S,120920.0,11.43
19/08/2026,BSE,bulk,524516,BACPHAR,UTTAMCHANDANI SANDIP M,S,87757.0,11.39
19/08/2026,BSE,bulk,524516,BACPHAR,MNM STOCK BROKING PVT. LTD.,B,37916.0,12.44
19/08/2026,BSE,bulk,524516,BACPHAR,SPEXTRA MULTIBIZ PRIVATE LIMITED,S,101129.0,11.31
19/08/2026,BSE,bulk,524516,BACPHAR,MNM STOCK BROKING PVT. LTD.,S,250000.0,11.26
19/08/2026,BSE,bulk,544870,BLEL,NK SECURITIES RESEARCH PVT. LTD.,S,332727.0,495.77
19/08/2026,BSE,bulk,544870,BLEL,NK SECURITIES RESEARCH PVT. LTD.,B,332727.0,495.09
19/08/2026,BSE,bulk,544870,BLEL,IRAGE BROKING SERVICES LLP,B,364532.0,502.77
19/08/2026,BSE,bulk,544870,BLEL,IRAGE BROKING SERVICES LLP,S,428454.0,495.93
19/08/2026,BSE,bulk,543516,DHYAANITR,PRINCE PRAKASHBHAI SHAH,B,120400.0,6.65
19/08/2026,BSE,bulk,531553,DRL,MAYA TEXTURISERS PRIVATE LIMITED,S,100000.0,32.27
19/08/2026,BSE,bulk,531553,DRL,KETAN P RANGA,B,99378.0,32.27
19/08/2026,BSE,bulk,521137,EUREKAI,AVULA SANDEEP MOHAN RAO,B,101650.0,5.9
19/08/2026,BSE,bulk,521137,EUREKAI,NIRYX CAPITAL,S,62410.0,5.9
19/08/2026,BSE,bulk,531911,GALAGEX,GIRIJADHAVA VYAPAAR PRIVATE LIMITED,S,368914.0,63.39
19/08/2026,BSE,bulk,531911,GALAGEX,GIRIJADHAVA VYAPAAR PRIVATE LIMITED,B,60658.0,68.16
19/08/2026,BSE,bulk,531911,GALAGEX,SMITAL SURESH THAKKAR,B,89909.0,63.0
19/08/2026,BSE,bulk,512443,GANONPRO,DARSHAN KIRAN WALKE,B,51767.0,7.71
19/08/2026,BSE,bulk,531723,GATECH,L7 HITECH PRIVATE LIMITED,B,10139944.0,0.84
19/08/2026,BSE,bulk,544759,GLPL,VIKASA INDIA EIF I FUND-SHARE CLASS P,S,114000.0,39.67
19/08/2026,BSE,bulk,544759,GLPL,ANIL KUMAR RELAN,B,60000.0,39.77
19/08/2026,BSE,bulk,544759,GLPL,ANIL KUMAR RELAN (HUF),B,120000.0,39.69
19/08/2026,BSE,bulk,544759,GLPL,VIKASA INDIA EIF I FUND - SHARE CLASS P,S,66000.0,39.79
19/08/2026,BSE,bulk,514386,GUJCOTEX,VAXFAB ENTERPRISES LIMITED,S,659001.0,3.58
19/08/2026,BSE,bulk,514386,GUJCOTEX,JAGID VANITABEN RAJENDRAPRASAD,S,1990616.0,3.58
19/08/2026,BSE,bulk,514386,GUJCOTEX,JAGID VANITABEN RAJENDRAPRASAD,B,1591969.0,3.58
19/08/2026,BSE,bulk,541627,GUJWIND,TATIA FINAANCIAL SERVICES LTD,B,32500.0,8.08
19/08/2026,BSE,bulk,543546,HEALTHYLIFE,PRATIMA AGRAWAL,S,258000.0,5.89
19/08/2026,BSE,bulk,531109,ISHANCH,ORION STOCKS LTD,S,140165.0,48.26
19/08/2026,BSE,bulk,531109,ISHANCH,ORION STOCKS LTD,B,131282.0,47.92
19/08/2026,BSE,bulk,534623,JUPITERIN,MAYURI RONAK VIRADIYA,B,51100.0,41.5
19/08/2026,BSE,bulk,539679,KAPILRAJ,AMISHA YADAV,S,2000000.0,1.55
19/08/2026,BSE,bulk,539679,KAPILRAJ,FAST TRACK FINSEC PRIVATE LIMITED,S,619057.0,1.58
19/08/2026,BSE,bulk,539679,KAPILRAJ,SACHIN  KUMAR,B,1100000.0,1.55
19/08/2026,BSE,bulk,539679,KAPILRAJ,VIJAY KUMAR JINDAL,B,750000.0,1.6
19/08/2026,BSE,bulk,539408,KUBERJI,PARESH DHIRAJLAL SHAH,B,23691.0,38.09
19/08/2026,BSE,bulk,544863,LAPL,F3 ADVISORS PRIVATE LIMITED,B,199200.0,117.5
19/08/2026,BSE,bulk,517320,MAGNUS,KARRONN NARESH BAJAJ,S,136010.0,35.83
19/08/2026,BSE,bulk,517320,MAGNUS,NEEL DAMJI BHANUSHALI,B,19000.0,35.83
19/08/2026,BSE,bulk,517320,MAGNUS,RAGHAVAREDDY  YERUVA,B,18000.0,35.83
19/08/2026,BSE,bulk,517320,MAGNUS,JAGID VANITABEN RAJENDRAPRASAD,B,50547.0,35.82
19/08/2026,BSE,bulk,544611,MAHALIFE,QAPLA INVESTMENTS,S,118800.0,190.0
19/08/2026,BSE,bulk,544611,MAHALIFE,KIFS  ENTERPRISE,B,250800.0,190.24
19/08/2026,BSE,bulk,544611,MAHALIFE,NIKHIL K S,B,262800.0,190.3
19/08/2026,BSE,bulk,531289,NATFIT,COUNTER CYCLICAL INVESTMENTS PRIVATE LIMITED,S,49500.0,180.0
19/08/2026,BSE,bulk,511644,OMEGAIN,SATISH MEJIYATAR,S,335495.0,31.21
19/08/2026,BSE,bulk,511644,OMEGAIN,SATISH MEJIYATAR,B,401954.0,31.2
19/08/2026,BSE,bulk,531254,OPTIFIN,KRISHNA N MEHTA HUF,S,432960.0,11.9
19/08/2026,BSE,bulk,531254,OPTIFIN,ARYAMAN BROKING LIMITED,B,432960.0,11.9
19/08/2026,BSE,bulk,536659,PVVINFRA,CTIL MEDIA PRIVATE LIMITED,S,1247508.0,3.4
19/08/2026,BSE,bulk,536659,PVVINFRA,CTIL MEDIA PRIVATE LIMITED,B,1274043.0,3.35
19/08/2026,BSE,bulk,536659,PVVINFRA,SAI ROSHNI CAPITAL PRIVATE LIMITED,B,1760000.0,3.39
19/08/2026,BSE,bulk,536659,PVVINFRA,NIKHIL PUTTA,S,1200000.0,3.35
19/08/2026,BSE,bulk,544872,QTFOODS,KAMAL KUMAR KABRA,B,43200.0,115.0
19/08/2026,BSE,bulk,544080,SHILINDORE,CENTURY 21 OFFICESPACE PRIVATE LIMITED,S,18471.0,1237.2
19/08/2026,BSE,bulk,544080,SHILINDORE,DEEPAK SINGH SANDHU,B,18597.0,1236.86
19/08/2026,BSE,bulk,544740,TIPCO,INTI CAPITAL VCC - INTI CAPITAL I,S,145600.0,192.0
19/08/2026,BSE,bulk,544740,TIPCO,360 ONE PRIME LIMITED,B,156800.0,192.28
19/08/2026,BSE,bulk,500421,TPINDIA,PARMANAND KEJRIWAL & SONS PRIVATE LIMITED,B,500000.0,22.44
19/08/2026,BSE,bulk,500421,TPINDIA,L7 HITECH PRIVATE LIMITED,B,303000.0,22.43
19/08/2026,BSE,bulk,500421,TPINDIA,L7 HITECH PRIVATE LIMITED,S,87059.0,22.44
19/08/2026,BSE,bulk,500421,TPINDIA,SHRENI SHARES LTD,S,500000.0,22.44
19/08/2026,BSE,bulk,500421,TPINDIA,JAGID VANITABEN RAJENDRAPRASAD,B,224026.0,22.35
19/08/2026,BSE,bulk,500421,TPINDIA,JAGID VANITABEN RAJENDRAPRASAD,S,224026.0,22.44
19/08/2026,BSE,bulk,544329,VANDU,SURESH RAKHECHA-HUF,S,100000.0,60.0
19/08/2026,BSE,bulk,544329,VANDU,DEEPAK SHANTILAL DOSHI,B,94000.0,60.0
19/08/2026,BSE,bulk,531257,VELLORA,SHYAMA SHAHI,B,33200.0,12.71
19/08/2026,BSE,bulk,523650,YASHINNO,PRATIKSHABEN SUBHASHBHAI THAKKAR,B,155000.0,34.88
17/08/2026,BSE,block,543542,KESAR,MINERVA VENTURES FUND,B,1178000.0,1265.0
17/08/2026,BSE,block,543542,KESAR,FORBES EMF,S,1178000.0,1265.0
17/08/2026,BSE,block,503811,SIYSIL,DPP ENTERPRISES LLP,B,582900.0,620.0
17/08/2026,BSE,block,503811,SIYSIL,HARSHIT SHRIKISHAN PODDAR,S,582900.0,620.0
20-AUG-2026,NSE,bulk_deals,AARTECH,Aartech Solonics Limited,KABRA KAILASH,BUY,1155,50.21
20-AUG-2026,NSE,bulk_deals,ABINFRA,A B Infrabuild Limited,ARIHANT CAPITAL MARKETS LIMITED,BUY,6849200,13.65
20-AUG-2026,NSE,bulk_deals,ASIANTILES,Asian Granito India Limit,THAKKAR NILESHKUMAR FARSHURAM HUF,BUY,2007440,45.41
20-AUG-2026,NSE,bulk_deals,ATALREAL,Atal Realtech Limited,ALTIZEN VENTURES LLP,BUY,698318,33.32
20-AUG-2026,NSE,bulk_deals,AVADHSUGAR,Avadh Sug & Energy Ltd,HRTI PRIVATE LIMITED,BUY,105843,798.35
20-AUG-2026,NSE,bulk_deals,AVADHSUGAR,Avadh Sug & Energy Ltd,QE SECURITIES LLP,BUY,99104,795.29
20-AUG-2026,NSE,bulk_deals,BALRAMCHIN,Balrampur Chini Mills,MICROCURVES TRADING PRIVATE LIMITED,BUY,1303610,740.38
20-AUG-2026,NSE,bulk_deals,BALRAMCHIN,Balrampur Chini Mills,JUNOMONETA FINSOL PRIVATE LIMITED,BUY,1082504,735.89
20-AUG-2026,NSE,bulk_deals,BALRAMCHIN,Balrampur Chini Mills,GRAVITON RESEARCH CAPITAL LLP,BUY,1074739,709.58
20-AUG-2026,NSE,bulk_deals,BALRAMCHIN,Balrampur Chini Mills,HRTI PRIVATE LIMITED,BUY,1334558,724.21
20-AUG-2026,NSE,bulk_deals,BLEL,Behari Lal Engineering L,GOLDMINE STOCKS PRIVATE LIMITED,BUY,391528,531.7
20-AUG-2026,NSE,bulk_deals,BLEL,Behari Lal Engineering L,MICROCURVES TRADING PRIVATE LIMITED,BUY,1206239,531.54
20-AUG-2026,NSE,bulk_deals,BLEL,Behari Lal Engineering L,JUNOMONETA FINSOL PRIVATE LIMITED,BUY,419187,532.47
20-AUG-2026,NSE,bulk_deals,BLEL,Behari Lal Engineering L,MARWADI CHANDARANA INTERMEDIARIES BROKERS PRIVATE LIMITED,BUY,446773,519.19
20-AUG-2026,NSE,bulk_deals,BLEL,Behari Lal Engineering L,JUMP TRADING FINANCIAL INDIA PRIVATE LIMITED,BUY,288492,530.98
20-AUG-2026,NSE,bulk_deals,BLEL,Behari Lal Engineering L,MATHISYS QUANTCAP LLP,BUY,331894,534.41
20-AUG-2026,NSE,bulk_deals,BLEL,Behari Lal Engineering L,IRAGE BROKING SERVICES LLP,BUY,625288,533.14
20-AUG-2026,NSE,bulk_deals,BLEL,Behari Lal Engineering L,PURE BROKING PRIVATE LIMITED,BUY,316055,532.04
20-AUG-2026,NSE,bulk_deals,BLEL,Behari Lal Engineering L,NK SECURITIES RESEARCH PRIVATE LIMITED,BUY,586717,531.58
20-AUG-2026,NSE,bulk_deals,BLEL,Behari Lal Engineering L,SILVER LINE VENTURES PRIVATE LIMITED,BUY,215910,523.35
20-AUG-2026,NSE,bulk_deals,BLEL,Behari Lal Engineering L,PLUTUS RESEARCH PRIVATE LIMITED,BUY,617434,529.14
20-AUG-2026,NSE,bulk_deals,BLEL,Behari Lal Engineering L,ELIXIR WEALTH MANAGEMENT PRIVATE LIMITED,BUY,452986,532.03
20-AUG-2026,NSE,bulk_deals,BLEL,Behari Lal Engineering L,DIPAN MEHTA COMMODITIES PRIVATE LIMITED,BUY,252672,534.16
20-AUG-2026,NSE,bulk_deals,CALSOFT,California Soft Ltd.,SHRI MUKTA SHARES,BUY,206471,27.26
20-AUG-2026,NSE,bulk_deals,CREDENT,Credent Connect N Care L,MOTILAL OSWAL FINANCIAL SERVICES LIMITED,BUY,298200,373.97
20-AUG-2026,NSE,bulk_deals,CREDENT,Credent Connect N Care L,OM TRADING,BUY,100200,359.1
20-AUG-2026,NSE,bulk_deals,DHAMPURSUG,Dhampur Sugar Mills Ltd,QE SECURITIES LLP,BUY,339889,187.18
20-AUG-2026,NSE,bulk_deals,DWARKESH,Dwarikesh Sugar Industrie,JUNOMONETA FINSOL PRIVATE LIMITED,BUY,2427910,54.07
20-AUG-2026,NSE,bulk_deals,DWARKESH,Dwarikesh Sugar Industrie,QE SECURITIES LLP,BUY,1537370,53.26
20-AUG-2026,NSE,bulk_deals,DWARKESH,Dwarikesh Sugar Industrie,ALPHAGREP SECURITIES PRIVATE LIMITED,BUY,988556,53.53
20-AUG-2026,NSE,bulk_deals,DWARKESH,Dwarikesh Sugar Industrie,NK SECURITIES RESEARCH PRIVATE LIMITED,BUY,1244624,54.48
20-AUG-2026,NSE,bulk_deals,GATECH,GACM Technologies Limited,L7 HITECH PRIVATE LIMITED,BUY,818316,0.86
20-AUG-2026,NSE,bulk_deals,GSMFOILS,GSM Foils Limited,LAKHTARIYA SHIVAM,BUY,75000,87.87
20-AUG-2026,NSE,bulk_deals,GSMFOILS,GSM Foils Limited,MEZZANINE EQUITY PRIVATE LIMITED,BUY,299000,85.64
20-AUG-2026,NSE,bulk_deals,GSMFOILS,GSM Foils Limited,ANAND MOHAN,BUY,75000,80.15
20-AUG-2026,NSE,bulk_deals,GSMFOILS,GSM Foils Limited,JOWIN WILSON,BUY,87500,83.64
20-AUG-2026,NSE,bulk_deals,GSMFOILS,GSM Foils Limited,KENIL JAYSUKHBHAI THATHAGAR,BUY,82500,86.26
20-AUG-2026,NSE,bulk_deals,GSMFOILS,GSM Foils Limited,SOHAM FINCARE INDIA LLP,BUY,99000,83.22
20-AUG-2026,NSE,bulk_deals,GSMFOILS,GSM Foils Limited,MATALIA STOCK BROKING PRIVATE LIMITED,BUY,71500,83.67
20-AUG-2026,NSE,bulk_deals,GSMFOILS,GSM Foils Limited,HI GROWTH CORPORATE SERVICES PVT LTD,BUY,75500,80.79
20-AUG-2026,NSE,bulk_deals,GSMFOILS,GSM Foils Limited,MULTIPLIER SHARE & STOCK ADVISORS PRIVATE LIMITED,BUY,578000,80.2
20-AUG-2026,NSE,bulk_deals,GSMFOILS,GSM Foils Limited,PRIJAL TRADEFIN LLP,BUY,82000,79.9
20-AUG-2026,NSE,bulk_deals,GSMFOILS,GSM Foils Limited,EPITOME TRADING AND INVESTMENTS,BUY,87000,79.85
20-AUG-2026,NSE,bulk_deals,GSMFOILS,GSM Foils Limited,JENIVA ANTONY EPHREM,BUY,200000,79.7
20-AUG-2026,NSE,bulk_deals,INDOBORAX,Indo Borax & Chemical Ltd,NK SECURITIES RESEARCH PRIVATE LIMITED,BUY,188589,489.26
20-AUG-2026,NSE,bulk_deals,INDOBORAX,Indo Borax & Chemical Ltd,HRTI PRIVATE LIMITED,BUY,256769,479.66
20-AUG-2026,NSE,bulk_deals,INDOBORAX,Indo Borax & Chemical Ltd,MICROCURVES TRADING PRIVATE LIMITED,BUY,300553,492.7
20-AUG-2026,NSE,bulk_deals,INDOBORAX,Indo Borax & Chemical Ltd,JUNOMONETA FINSOL PRIVATE LIMITED,BUY,318475,486.05
20-AUG-2026,NSE,bulk_deals,KFINTECH,Kfin Technologies Limited,MIRAE ASSET MUTUAL FUND,BUY,2562162,925.0
20-AUG-2026,NSE,bulk_deals,KFINTECH,Kfin Technologies Limited,KOTAK MAHINDRA MUTUAL FUND,BUY,2000000,925.0
20-AUG-2026,NSE,bulk_deals,KFINTECH,Kfin Technologies Limited,INVESCO MUTUAL FUND,BUY,4324324,925.0
20-AUG-2026,NSE,bulk_deals,KFINTECH,Kfin Technologies Limited,EDELWEISS MUTUAL FUND,BUY,1081081,925.0
20-AUG-2026,NSE,bulk_deals,KFINTECH,Kfin Technologies Limited,HSBC MUTUAL FUND,BUY,1783784,925.0
20-AUG-2026,NSE,bulk_deals,KFINTECH,Kfin Technologies Limited,MOTILAL OSWAL MUTUAL FUND,BUY,983784,925.0
20-AUG-2026,NSE,bulk_deals,KIRIINDUS,Kiri Industries Limited,MICROCURVES TRADING PRIVATE LIMITED,BUY,334847,469.27
20-AUG-2026,NSE,bulk_deals,KRONOX,Kronox Lab Sciences Ltd,NK SECURITIES RESEARCH PRIVATE LIMITED,BUY,196285,177.31
20-AUG-2026,NSE,bulk_deals,KRYSTAL,Krystal Integrated Ser L,RADIANT COMPUTECH PRIVATE LIMITED,BUY,115766,683.8
20-AUG-2026,NSE,bulk_deals,KRYSTAL,Krystal Integrated Ser L,JAGID VANITABEN RAJENDRAPRASAD,BUY,149454,633.31
20-AUG-2026,NSE,bulk_deals,MAHICKRA,Mahickra Chemical Limited,ORENDA ENTERPRISES LLP,BUY,125250,258.35
20-AUG-2026,NSE,bulk_deals,MARSONS,Marsons Limited,PSL LIMITED,BUY,1000000,109.77
20-AUG-2026,NSE,bulk_deals,MOREPENLAB,Morepan Laboratories Ltd.,HRTI PRIVATE LIMITED,BUY,3005655,93.44
20-AUG-2026,NSE,bulk_deals,MOREPENLAB,Morepan Laboratories Ltd.,QE SECURITIES LLP,BUY,2934639,93.91
20-AUG-2026,NSE,bulk_deals,MYSORPETRO,Mysore Petro Chemicals L,ARHAM SHARE PRIVATE LIMITED,BUY,28126,165.43
20-AUG-2026,NSE,bulk_deals,NXT-INFRA,Nxt-Infra Trust,KOTAK MAHINDRA BANK LIMITED,BUY,9550000,93.85
20-AUG-2026,NSE,bulk_deals,NXT-INFRA,Nxt-Infra Trust,LARSEN & TOUBRO LIMITED,BUY,9575000,93.85
20-AUG-2026,NSE,bulk_deals,PONNIERODE,Ponni Sugars (Erode) Limi,YACHNA BHATIA,BUY,55000,414.38
20-AUG-2026,NSE,bulk_deals,PROPSHOP,Propshop Events and Exh L,PREMIUM PRIORITY ZONE LLP,BUY,150000,69.5
20-AUG-2026,NSE,bulk_deals,RATNAVEER,Ratnaveer Precision Eng L,JUNOMONETA FINSOL PRIVATE LIMITED,BUY,509270,263.88
20-AUG-2026,NSE,bulk_deals,RATNAVEER,Ratnaveer Precision Eng L,ARIHANT CAPITAL MARKETS LIMITED,BUY,2170546,263.59
20-AUG-2026,NSE,bulk_deals,RATNAVEER,Ratnaveer Precision Eng L,QE SECURITIES LLP,BUY,737565,263.27
20-AUG-2026,NSE,bulk_deals,RATNAVEER,Ratnaveer Precision Eng L,HRTI PRIVATE LIMITED,BUY,553080,263.97
20-AUG-2026,NSE,bulk_deals,SANGINITA,Sanginita Chemicals Limit,NEO APEX SHARE BROKING SERVICES LLP,BUY,380000,60.93
20-AUG-2026,NSE,bulk_deals,SBC,SBC Exports Limited,DEEPIKA GUPTA,BUY,2617321,39.7
20-AUG-2026,NSE,bulk_deals,SHANTIGOLD,Shanti Gold Internation L,HRTI PRIVATE LIMITED,BUY,95580,248.13
20-AUG-2026,NSE,bulk_deals,SHIPROCKET,Shiprocket Limited,NK SECURITIES RESEARCH PRIVATE LIMITED,BUY,4234987,150.28
20-AUG-2026,NSE,bulk_deals,SHIPROCKET,Shiprocket Limited,MICROCURVES TRADING PRIVATE LIMITED,BUY,4025494,149.68
20-AUG-2026,NSE,bulk_deals,SIRCA,Sirca Paint India Limited,ACME CAPITAL MARKET LIMITED,BUY,305342,443.38
20-AUG-2026,NSE,bulk_deals,SOLARA,Solara Active Pha Sci Ltd,JUNOMONETA FINSOL PRIVATE LIMITED,BUY,283420,626.19
20-AUG-2026,NSE,bulk_deals,SUMEETINDS,Sumeet Ind Limited,ANKITA VISHAL SHAH,BUY,5422093,13.26
20-AUG-2026,NSE,bulk_deals,SUN-RE,Sunrest Life Ltd,RASHI ENTERPRISES,BUY,100800,2.1
20-AUG-2026,NSE,bulk_deals,TECHNOCRAF,Technocraft Ventures Ltd,JUNOMONETA FINSOL PRIVATE LIMITED,BUY,276651,327.9
20-AUG-2026,NSE,bulk_deals,TECHNOCRAF,Technocraft Ventures Ltd,QE SECURITIES LLP,BUY,208942,326.65
20-AUG-2026,NSE,bulk_deals,TFCILTD,Tourism Finance Corp,HRTI PRIVATE LIMITED,BUY,1022415,131.82
20-AUG-2026,NSE,bulk_deals,WELINV,Welspun Inv & Comm Ltd,LLOYDS ENTERPRISES LIMITED,BUY,22238,1851.0
20-AUG-2026,NSE,bulk_deals,ZAGGLE,Zaggle Prepa Ocean Ser L,QE SECURITIES LLP,BUY,1742168,194.05
20-AUG-2026,NSE,bulk_deals,ZAGGLE,Zaggle Prepa Ocean Ser L,MICROCURVES TRADING PRIVATE LIMITED,BUY,1035199,194.23
20-AUG-2026,NSE,bulk_deals,ZAGGLE,Zaggle Prepa Ocean Ser L,JUNOMONETA FINSOL PRIVATE LIMITED,BUY,977511,193.55
20-AUG-2026,NSE,bulk_deals,ZAGGLE,Zaggle Prepa Ocean Ser L,HRTI PRIVATE LIMITED,BUY,1292148,193.97
20-AUG-2026,NSE,bulk_deals,AARTECH,Aartech Solonics Limited,KABRA KAILASH,SELL,237155,49.61
20-AUG-2026,NSE,bulk_deals,ABINFRA,A B Infrabuild Limited,ARIHANT CAPITAL MARKETS LIMITED,SELL,5809228,13.73
20-AUG-2026,NSE,bulk_deals,AMRUTANJAN,Amrutajan Health Ltd,ENVISION INDIA FUND,SELL,213000,523.58
20-AUG-2026,NSE,bulk_deals,ASIANTILES,Asian Granito India Limit,THAKKAR NILESHKUMAR FARSHURAM HUF,SELL,20500,45.5
20-AUG-2026,NSE,bulk_deals,ATALREAL,Atal Realtech Limited,ALTIZEN VENTURES LLP,SELL,698318,33.48
20-AUG-2026,NSE,bulk_deals,AVADHSUGAR,Avadh Sug & Energy Ltd,HRTI PRIVATE LIMITED,SELL,98683,798.79
20-AUG-2026,NSE,bulk_deals,AVADHSUGAR,Avadh Sug & Energy Ltd,QE SECURITIES LLP,SELL,100852,792.36
20-AUG-2026,NSE,bulk_deals,BALRAMCHIN,Balrampur Chini Mills,GRAVITON RESEARCH CAPITAL LLP,SELL,1074739,712.08
20-AUG-2026,NSE,bulk_deals,BALRAMCHIN,Balrampur Chini Mills,HRTI PRIVATE LIMITED,SELL,1281792,737.36
20-AUG-2026,NSE,bulk_deals,BALRAMCHIN,Balrampur Chini Mills,JUNOMONETA FINSOL PRIVATE LIMITED,SELL,1090287,736.96
20-AUG-2026,NSE,bulk_deals,BALRAMCHIN,Balrampur Chini Mills,MICROCURVES TRADING PRIVATE LIMITED,SELL,1303610,740.89
20-AUG-2026,NSE,bulk_deals,BLBLIMITED,BLB Limited,ACN FINANCIAL SERVICES LTD,SELL,280615,16.05
20-AUG-2026,NSE,bulk_deals,BLEL,Behari Lal Engineering L,DIPAN MEHTA COMMODITIES PRIVATE LIMITED,SELL,253172,534.5
20-AUG-2026,NSE,bulk_deals,BLEL,Behari Lal Engineering L,ELIXIR WEALTH MANAGEMENT PRIVATE LIMITED,SELL,458606,532.55
20-AUG-2026,NSE,bulk_deals,BLEL,Behari Lal Engineering L,PLUTUS RESEARCH PRIVATE LIMITED,SELL,614052,529.41
20-AUG-2026,NSE,bulk_deals,BLEL,Behari Lal Engineering L,SILVER LINE VENTURES PRIVATE LIMITED,SELL,160910,527.59
20-AUG-2026,NSE,bulk_deals,BLEL,Behari Lal Engineering L,MICROCURVES TRADING PRIVATE LIMITED,SELL,1206239,531.76
20-AUG-2026,NSE,bulk_deals,BLEL,Behari Lal Engineering L,PURE BROKING PRIVATE LIMITED,SELL,316655,532.65
20-AUG-2026,NSE,bulk_deals,BLEL,Behari Lal Engineering L,IRAGE BROKING SERVICES LLP,SELL,635401,532.48
20-AUG-2026,NSE,bulk_deals,BLEL,Behari Lal Engineering L,MATHISYS QUANTCAP LLP,SELL,331894,534.15
20-AUG-2026,NSE,bulk_deals,BLEL,Behari Lal Engineering L,MARWADI CHANDARANA INTERMEDIARIES BROKERS PRIVATE LIMITED,SELL,446773,525.31
20-AUG-2026,NSE,bulk_deals,BLEL,Behari Lal Engineering L,JUMP TRADING FINANCIAL INDIA PRIVATE LIMITED,SELL,289287,531.49
20-AUG-2026,NSE,bulk_deals,BLEL,Behari Lal Engineering L,JUNOMONETA FINSOL PRIVATE LIMITED,SELL,424990,533.1
20-AUG-2026,NSE,bulk_deals,BLEL,Behari Lal Engineering L,GOLDMINE STOCKS PRIVATE LIMITED,SELL,391528,532.54
20-AUG-2026,NSE,bulk_deals,BLEL,Behari Lal Engineering L,NK SECURITIES RESEARCH PRIVATE LIMITED,SELL,586717,531.82
20-AUG-2026,NSE,bulk_deals,CALSOFT,California Soft Ltd.,SHRI MUKTA SHARES,SELL,207114,27.13
20-AUG-2026,NSE,bulk_deals,DHAMPURSUG,Dhampur Sugar Mills Ltd,QE SECURITIES LLP,SELL,341685,187.81
20-AUG-2026,NSE,bulk_deals,DWARKESH,Dwarikesh Sugar Industrie,ALPHAGREP SECURITIES PRIVATE LIMITED,SELL,988556,53.58
20-AUG-2026,NSE,bulk_deals,DWARKESH,Dwarikesh Sugar Industrie,JUNOMONETA FINSOL PRIVATE LIMITED,SELL,2441950,54.12
20-AUG-2026,NSE,bulk_deals,DWARKESH,Dwarikesh Sugar Industrie,QE SECURITIES LLP,SELL,1553999,53.5
20-AUG-2026,NSE,bulk_deals,DWARKESH,Dwarikesh Sugar Industrie,NK SECURITIES RESEARCH PRIVATE LIMITED,SELL,1244624,54.5
20-AUG-2026,NSE,bulk_deals,GATECH,GACM Technologies Limited,PARIJATA TRADING PRIVATE LIMITED,SELL,8000000,0.87
20-AUG-2026,NSE,bulk_deals,GATECH,GACM Technologies Limited,L7 HITECH PRIVATE LIMITED,SELL,12389026,0.87
20-AUG-2026,NSE,bulk_deals,GSMFOILS,GSM Foils Limited,IMRAN KHAN,SELL,424000,80.21
20-AUG-2026,NSE,bulk_deals,GSMFOILS,GSM Foils Limited,JOWIN WILSON,SELL,83500,84.25
20-AUG-2026,NSE,bulk_deals,GSMFOILS,GSM Foils Limited,MULTIPLIER SHARE & STOCK ADVISORS PRIVATE LIMITED,SELL,448000,86.45
20-AUG-2026,NSE,bulk_deals,GSMFOILS,GSM Foils Limited,JENIVA ANTONY EPHREM,SELL,1000,86.0
20-AUG-2026,NSE,bulk_deals,GSMFOILS,GSM Foils Limited,EPITOME TRADING AND INVESTMENTS,SELL,87000,86.2
20-AUG-2026,NSE,bulk_deals,GSMFOILS,GSM Foils Limited,PRIJAL TRADEFIN LLP,SELL,82000,79.88
20-AUG-2026,NSE,bulk_deals,GSMFOILS,GSM Foils Limited,HI GROWTH CORPORATE SERVICES PVT LTD,SELL,75500,82.58
20-AUG-2026,NSE,bulk_deals,GSMFOILS,GSM Foils Limited,SMART HORIZON OPPORTUNITY FUND,SELL,335000,86.44
20-AUG-2026,NSE,bulk_deals,GSMFOILS,GSM Foils Limited,MATALIA STOCK BROKING PRIVATE LIMITED,SELL,70500,84.15
20-AUG-2026,NSE,bulk_deals,GSMFOILS,GSM Foils Limited,SOHAM FINCARE INDIA LLP,SELL,99000,84.11
20-AUG-2026,NSE,bulk_deals,GSMFOILS,GSM Foils Limited,VIJAYA SHARMA,SELL,148500,83.97
20-AUG-2026,NSE,bulk_deals,INDOBORAX,Indo Borax & Chemical Ltd,NK SECURITIES RESEARCH PRIVATE LIMITED,SELL,188589,489.55
20-AUG-2026,NSE,bulk_deals,INDOBORAX,Indo Borax & Chemical Ltd,MICROCURVES TRADING PRIVATE LIMITED,SELL,300553,493.46
20-AUG-2026,NSE,bulk_deals,INDOBORAX,Indo Borax & Chemical Ltd,JUNOMONETA FINSOL PRIVATE LIMITED,SELL,312632,487.01
20-AUG-2026,NSE,bulk_deals,INDOBORAX,Indo Borax & Chemical Ltd,HRTI PRIVATE LIMITED,SELL,216327,481.44
20-AUG-2026,NSE,bulk_deals,KFINTECH,Kfin Technologies Limited,GENERAL ATLANTIC SINGAPORE FUND PTE LTD,SELL,15135135,925.0
20-AUG-2026,NSE,bulk_deals,KIRIINDUS,Kiri Industries Limited,MICROCURVES TRADING PRIVATE LIMITED,SELL,334850,469.47
20-AUG-2026,NSE,bulk_deals,KRONOX,Kronox Lab Sciences Ltd,NK SECURITIES RESEARCH PRIVATE LIMITED,SELL,197129,177.43
20-AUG-2026,NSE,bulk_deals,KRYSTAL,Krystal Integrated Ser L,JAGID VANITABEN RAJENDRAPRASAD,SELL,150705,626.54
20-AUG-2026,NSE,bulk_deals,MAHICKRA,Mahickra Chemical Limited,SAGAR PRAVINCHANDRA KHAKHARA,SELL,125250,258.35
20-AUG-2026,NSE,bulk_deals,MOREPENLAB,Morepan Laboratories Ltd.,HRTI PRIVATE LIMITED,SELL,3104810,93.72
20-AUG-2026,NSE,bulk_deals,MOREPENLAB,Morepan Laboratories Ltd.,QE SECURITIES LLP,SELL,2964621,93.39
20-AUG-2026,NSE,bulk_deals,MYSORPETRO,Mysore Petro Chemicals L,ARHAM SHARE PRIVATE LIMITED,SELL,38023,164.03
20-AUG-2026,NSE,bulk_deals,NXT-INFRA,Nxt-Infra Trust,ACTIS HIGHWAY INFRA LIMITED,SELL,19125000,93.85
20-AUG-2026,NSE,bulk_deals,PROPSHOP,Propshop Events and Exh L,NOVA GLOBAL OPPORTUNITIES FUND PCC - TOUCHSTONE,SELL,230000,69.51
20-AUG-2026,NSE,bulk_deals,RATNAVEER,Ratnaveer Precision Eng L,ARIHANT CAPITAL MARKETS LIMITED,SELL,2080278,264.62
20-AUG-2026,NSE,bulk_deals,RATNAVEER,Ratnaveer Precision Eng L,JUNOMONETA FINSOL PRIVATE LIMITED,SELL,473450,263.89
20-AUG-2026,NSE,bulk_deals,RATNAVEER,Ratnaveer Precision Eng L,HRTI PRIVATE LIMITED,SELL,456944,262.74
20-AUG-2026,NSE,bulk_deals,RATNAVEER,Ratnaveer Precision Eng L,QE SECURITIES LLP,SELL,743400,262.76
20-AUG-2026,NSE,bulk_deals,SANGINITA,Sanginita Chemicals Limit,GUTTIKONDA VARA LAKSHMI,SELL,850000,60.15
20-AUG-2026,NSE,bulk_deals,SANGINITA,Sanginita Chemicals Limit,GUTTIKONDA RAJASEKHAR,SELL,839970,62.03
20-AUG-2026,NSE,bulk_deals,SANGINITA,Sanginita Chemicals Limit,GUTTIKONDA VARA LAKSHMI,SELL,1117273,62.73
20-AUG-2026,NSE,bulk_deals,SHANTIGOLD,Shanti Gold Internation L,HRTI PRIVATE LIMITED,SELL,448798,248.74
20-AUG-2026,NSE,bulk_deals,SHIPROCKET,Shiprocket Limited,NK SECURITIES RESEARCH PRIVATE LIMITED,SELL,4234987,150.35
20-AUG-2026,NSE,bulk_deals,SHIPROCKET,Shiprocket Limited,MICROCURVES TRADING PRIVATE LIMITED,SELL,4025494,149.73
20-AUG-2026,NSE,bulk_deals,SIRCA,Sirca Paint India Limited,ACME CAPITAL MARKET LIMITED,SELL,305342,444.88
20-AUG-2026,NSE,bulk_deals,SOLARA,Solara Active Pha Sci Ltd,JUNOMONETA FINSOL PRIVATE LIMITED,SELL,282513,626.82
20-AUG-2026,NSE,bulk_deals,SUMEETINDS,Sumeet Ind Limited,ANKITA VISHAL SHAH,SELL,367218,12.99
20-AUG-2026,NSE,bulk_deals,SUN-RE,Sunrest Life Ltd,ASNANI STOCK BROKER PRIVATE LIMITED - ERROR ACCOUNT,SELL,40000,2.1
20-AUG-2026,NSE,bulk_deals,SUN-RE,Sunrest Life Ltd,PRAKASH GOURISANKAR JHUNJHUNWALA,SELL,48000,2.1
20-AUG-2026,NSE,bulk_deals,TECHNOCRAF,Technocraft Ventures Ltd,QE SECURITIES LLP,SELL,209264,325.74
20-AUG-2026,NSE,bulk_deals,TECHNOCRAF,Technocraft Ventures Ltd,JUNOMONETA FINSOL PRIVATE LIMITED,SELL,282937,327.95
20-AUG-2026,NSE,bulk_deals,TFCILTD,Tourism Finance Corp,HRTI PRIVATE LIMITED,SELL,2486357,131.44
20-AUG-2026,NSE,bulk_deals,TIJARIA,Tijaria Polypipes Ltd,GYANIRAM PATLE,SELL,146000,5.91
20-AUG-2026,NSE,bulk_deals,ZAGGLE,Zaggle Prepa Ocean Ser L,QE SECURITIES LLP,SELL,1746704,193.2
20-AUG-2026,NSE,bulk_deals,ZAGGLE,Zaggle Prepa Ocean Ser L,MICROCURVES TRADING PRIVATE LIMITED,SELL,1035199,194.33
20-AUG-2026,NSE,bulk_deals,ZAGGLE,Zaggle Prepa Ocean Ser L,JUNOMONETA FINSOL PRIVATE LIMITED,SELL,979048,193.59
20-AUG-2026,NSE,bulk_deals,ZAGGLE,Zaggle Prepa Ocean Ser L,HRTI PRIVATE LIMITED,SELL,1263871,193.54
20-AUG-2026,NSE,block_deals,KFINTECH,Kfin Technologies Limited,HSBC MUTUAL FUND,BUY,1783784,925.0
20-AUG-2026,NSE,block_deals,KFINTECH,Kfin Technologies Limited,MOTILAL OSWAL MUTUAL FUND,BUY,983784,925.0
20-AUG-2026,NSE,block_deals,KFINTECH,Kfin Technologies Limited,MORGAN STANLEY ASIA SINGAPORE PTE,BUY,270275,925.0
20-AUG-2026,NSE,block_deals,KFINTECH,Kfin Technologies Limited,MIRAE ASSET MUTUAL FUND,BUY,2562162,925.0
20-AUG-2026,NSE,block_deals,KFINTECH,Kfin Technologies Limited,BANDHAN MUTUAL FUND,BUY,518919,925.0
20-AUG-2026,NSE,block_deals,KFINTECH,Kfin Technologies Limited,CITIGROUP GLOBAL MARKETS SINGAPORE PTE LIMITED,BUY,270275,925.0
20-AUG-2026,NSE,block_deals,KFINTECH,Kfin Technologies Limited,EDELWEISS MUTUAL FUND,BUY,1081081,925.0
20-AUG-2026,NSE,block_deals,KFINTECH,Kfin Technologies Limited,SOCIETE GENERALE,BUY,518909,925.0
20-AUG-2026,NSE,block_deals,KFINTECH,Kfin Technologies Limited,ICICI LOMBARD GENERAL INSURANCE CO LTD,BUY,281081,925.0
20-AUG-2026,NSE,block_deals,KFINTECH,Kfin Technologies Limited,ICICI PRUDENTIAL LIFE INSURANCE COMPANY LIMITED,BUY,540541,925.0
20-AUG-2026,NSE,block_deals,KFINTECH,Kfin Technologies Limited,INVESCO MUTUAL FUND,BUY,4324324,925.0
20-AUG-2026,NSE,block_deals,KFINTECH,Kfin Technologies Limited,KOTAK MAHINDRA MUTUAL FUND,BUY,2000000,925.0
20-AUG-2026,NSE,block_deals,NXT-INFRA,Nxt-Infra Trust,LARSEN & TOUBRO LIMITED,BUY,9575000,93.85
20-AUG-2026,NSE,block_deals,NXT-INFRA,Nxt-Infra Trust,KOTAK MAHINDRA BANK LIMITED,BUY,9550000,93.85
20-AUG-2026,NSE,block_deals,KFINTECH,Kfin Technologies Limited,GENERAL ATLANTIC SINGAPORE FUND PTE LTD,SELL,15135135,925.0
20-AUG-2026,NSE,block_deals,NXT-INFRA,Nxt-Infra Trust,ACTIS HIGHWAY INFRA LIMITED,SELL,19125000,93.85
20/08/2026,BSE,bulk,531533,ACCEDERE,MONEYPLANT GOLD & JEWELLERY TRADING L.L.C,B,376.0,87.23
20/08/2026,BSE,bulk,531533,ACCEDERE,MONEYPLANT GOLD & JEWELLERY TRADING L.L.C,S,27598.0,85.42
20/08/2026,BSE,bulk,543377,ADISHAKTI,SACHINBHANUBHAIMANSETA,S,40000.0,5.98
20/08/2026,BSE,bulk,543377,ADISHAKTI,SACHINBHANUBHAIMANSETA,B,90000.0,6.74
20/08/2026,BSE,bulk,511463,ALEXANDER,TATIA FINAANCIAL SERVICES LTD,B,68371.0,7.76
20/08/2026,BSE,bulk,590006,AMRUTANJAN,DSP MUTUAL FUND,S,500000.0,500.01
20/08/2026,BSE,bulk,590006,AMRUTANJAN,"PARI WASHINGTON INDIA MASTER FUND, LTD.",B,583481.0,500.0
20/08/2026,BSE,bulk,544445,APL,SNEHLATA MANOJ KATHOTIA,B,67000.0,81.68
20/08/2026,BSE,bulk,544445,APL,VANITA ANILKUMAR KUMBHARE,S,70000.0,81.04
20/08/2026,BSE,bulk,531761,APOLLOPIPE,HR GLOBAL MANUFACTURING PRIVATE LIMITED,S,398500.0,589.86
20/08/2026,BSE,bulk,524516,BACPHAR,VISHAL MAHESH WAGHELA,S,80000.0,11.71
20/08/2026,BSE,bulk,538576,BHANDERI,KISHOR M PATEL,S,43200.0,140.0
20/08/2026,BSE,bulk,538576,BHANDERI,PLENITUDE ENTERPRISES PRIVATE LIMITED,B,52800.0,140.0
20/08/2026,BSE,bulk,544870,BLEL,NK SECURITIES RESEARCH PVT. LTD.,B,237239.0,532.29
20/08/2026,BSE,bulk,544870,BLEL,NK SECURITIES RESEARCH PVT. LTD.,S,237239.0,532.84
20/08/2026,BSE,bulk,544870,BLEL,IRAGE BROKING SERVICES LLP,S,320437.0,534.34
20/08/2026,BSE,bulk,544870,BLEL,IRAGE BROKING SERVICES LLP,B,330550.0,532.11
20/08/2026,BSE,bulk,539335,CALLISTA,ESPS CAPITAL ADVISORS PVT LTD,S,20000.0,158.15
20/08/2026,BSE,bulk,544854,DHAVAL,KIFS  ENTERPRISE,B,69600.0,134.03
20/08/2026,BSE,bulk,543516,DHYAANITR,PRINCE PRAKASHBHAI SHAH,B,89600.0,6.7
20/08/2026,BSE,bulk,521137,EUREKAI,AVULA SANDEEP MOHAN RAO HUF,B,45000.0,5.79
20/08/2026,BSE,bulk,521137,EUREKAI,EPITOME TRADING AND INVESTMENTS,S,120781.0,5.79
20/08/2026,BSE,bulk,521137,EUREKAI,NEO APEX SHARE BROKING SERVICES LLP,S,87790.0,5.79
20/08/2026,BSE,bulk,521137,EUREKAI,AVULA SANDEEP MOHAN RAO,B,103550.0,5.79
20/08/2026,BSE,bulk,544759,GLPL,UPSURGE OPPORTUNITIES FUND 1,S,51000.0,41.2
20/08/2026,BSE,bulk,537839,HBGHOTELS,BLACK HAWK PROPERTIES PRIVATE LIMITED,S,150000.0,82.5
20/08/2026,BSE,bulk,537839,HBGHOTELS,MUKESH BABU SECURITIES LIMITED,B,150000.0,82.5
20/08/2026,BSE,bulk,530853,HIPOLIN,KRISHNAM ENTERPRISE LLP LLP,B,290000.0,95.4
20/08/2026,BSE,bulk,530853,HIPOLIN,RAJASVEE SAGAR SHAH,S,289507.0,95.4
20/08/2026,BSE,bulk,544160,JAYKAILASH,ASHISH KUMAR SINGLA,B,40000.0,57.54
20/08/2026,BSE,bulk,544160,JAYKAILASH,MONEYPLANT GOLD & JEWELLERY TRADING L.L.C,S,57600.0,57.69
20/08/2026,BSE,bulk,544160,JAYKAILASH,MONEYPLANT GOLD & JEWELLERY TRADING L.L.C,B,4800.0,59.98
20/08/2026,BSE,bulk,539679,KAPILRAJ,VISHAL MAHESHKUMAR RANKA,B,600000.0,1.57
20/08/2026,BSE,bulk,539679,KAPILRAJ,AMISHA YADAV,S,1067050.0,1.55
20/08/2026,BSE,bulk,544835,MALA,BINOD KUMAR KEDIA,B,56000.0,71.0
20/08/2026,BSE,bulk,544835,MALA,GLOBALWORTH SECURITIES LIMITED,S,54000.0,70.62
20/08/2026,BSE,bulk,544400,MANOJJEWEL,SONAL LOHIA,S,48000.0,37.67
20/08/2026,BSE,bulk,531176,MEFCOMCAP,ANMOL FINPRO PRIVATE LIMITED,S,563932.0,9.9
20/08/2026,BSE,bulk,531176,MEFCOMCAP,FE SECURITIES PRIVATE LIMITED,B,563933.0,9.9
20/08/2026,BSE,bulk,532164,MINOLTAF,COMELY ELECTRICAL PRIVATE LIMITED,B,1132036.0,1.3
20/08/2026,BSE,bulk,500680,PFIZER,QUANT MUTUAL FUND,B,267864.0,4899.97
20/08/2026,BSE,bulk,513472,SIMPLEXCAS,MSB E TRADE SECURITIES LIMITED,S,205724.0,117.56
20/08/2026,BSE,bulk,513472,SIMPLEXCAS,MSB E TRADE SECURITIES LIMITED,B,205724.0,117.19
20/08/2026,BSE,bulk,539026,SSPNFIN,RAGHAVA RAM LAKHOTIA,B,28000.0,6.75
20/08/2026,BSE,bulk,511447,SYLPH,TRANSGLOBAL SECURITIES LTD.,S,7321742.0,0.23
20/08/2026,BSE,bulk,511447,SYLPH,TRANSGLOBAL SECURITIES LTD.,B,6408115.0,0.23
20/08/2026,BSE,bulk,511447,SYLPH,KREDENCE MULTI TRADING LIMITED,S,10000000.0,0.23
20/08/2026,BSE,bulk,543656,TECHNOPACK,ANUPAMA GOEL,S,56000.0,12.17
20/08/2026,BSE,bulk,543310,TIMESGREEN,RACHANA  SINGHI,B,40000.0,80.75
20/08/2026,BSE,bulk,543310,TIMESGREEN,ARYAMAN BROKING LIMITED,S,48000.0,81.08
20/08/2026,BSE,bulk,544740,TIPCO,GEETA CHETAN SHAH,S,192000.0,204.8
20/08/2026,BSE,bulk,531257,VELLORA,YERUVA VIJAY SAGAR REDDY,S,51000.0,13.8
20/08/2026,BSE,bulk,531257,VELLORA,SHYAMA SHAHI,B,51300.0,13.65
20/08/2026,BSE,bulk,505163,ZFSTEERING,DINESH HRACHAND MUNOT,B,87085.0,669.85
20/08/2026,BSE,bulk,505163,ZFSTEERING,PRAMILA AMOLCHAND MUNOT,S,105000.0,670.02
20/08/2026,BSE,bulk,503641,ZODIACVEN,SHILPA SUNIL MAJITHIA,B,2134388.0,1.57
20/08/2026,BSE,bulk,503641,ZODIACVEN,SUNIL SHANTIKUMAR MAJITHIA,S,2134388.0,1.57
17/08/2026,BSE,block,543542,KESAR,MINERVA VENTURES FUND,B,1178000.0,1265.0
17/08/2026,BSE,block,543542,KESAR,FORBES EMF,S,1178000.0,1265.0
17/08/2026,BSE,block,503811,SIYSIL,DPP ENTERPRISES LLP,B,582900.0,620.0
17/08/2026,BSE,block,503811,SIYSIL,HARSHIT SHRIKISHAN PODDAR,S,582900.0,620.0
21-AUG-2026,NSE,bulk_deals,AHIMSA,Ahimsa Industries Ltd.,BHANSALI VALUE CREATIONS PVT LTD,BUY,81000,28.5
21-AUG-2026,NSE,bulk_deals,ALLCARGO,Allcargo Logistics Ltd,HRTI PRIVATE LIMITED,BUY,6668362,11.67
21-AUG-2026,NSE,bulk_deals,AMAGI,Amagi Media Labs Limited,SBI MUTUAL FUND,BUY,3248305,560.0
21-AUG-2026,NSE,bulk_deals,AMAGI,Amagi Media Labs Limited,SBI MUTUAL FUND,BUY,1840979,560.0
21-AUG-2026,NSE,bulk_deals,AMAGI,Amagi Media Labs Limited,HDFC STANDARD LIFE INSURANCE COMPANY LTD,BUY,1785713,560.0
21-AUG-2026,NSE,bulk_deals,ATALREAL,Atal Realtech Limited,ACME CAPITAL MARKET LIMITED,BUY,2283786,33.72
21-AUG-2026,NSE,bulk_deals,ATALREAL,Atal Realtech Limited,HRTI PRIVATE LIMITED,BUY,1172196,33.7
21-AUG-2026,NSE,bulk_deals,ATALREAL,Atal Realtech Limited,ALTIZEN VENTURES LLP,BUY,1678324,33.59
21-AUG-2026,NSE,bulk_deals,ATALREAL,Atal Realtech Limited,CHAUBARA EATS PRIVATE LIMITED,BUY,895811,33.92
21-AUG-2026,NSE,bulk_deals,AVADHSUGAR,Avadh Sug & Energy Ltd,AMAN KUMAR SONTHALIA,BUY,120000,809.91
21-AUG-2026,NSE,bulk_deals,BLEL,Behari Lal Engineering L,QE SECURITIES LLP,BUY,218835,503.19
21-AUG-2026,NSE,bulk_deals,BLEL,Behari Lal Engineering L,MATHISYS QUANTCAP LLP,BUY,217647,504.66
21-AUG-2026,NSE,bulk_deals,CREDENT,Credent Connect N Care L,NEO APEX SHARE BROKING SERVICES LLP,BUY,144000,358.2
21-AUG-2026,NSE,bulk_deals,DAVANGERE,Davangere Sugar Company L,ARIHANT CAPITAL MARKETS LIMITED,BUY,6542597,3.0
21-AUG-2026,NSE,bulk_deals,DBSTOCKBRO,DB (Int) Stock Brokers,ORCHARD ROAD PROPERTIES PVT LT,BUY,220000,30.38
21-AUG-2026,NSE,bulk_deals,GSMFOILS,GSM Foils Limited,MULTIPLIER SHARE & STOCK ADVISORS PRIVATE LIMITED,BUY,14000,84.1
21-AUG-2026,NSE,bulk_deals,KRONOX,Kronox Lab Sciences Ltd,MUSIGMA SECURITIES,BUY,287649,210.97
21-AUG-2026,NSE,bulk_deals,KRONOX,Kronox Lab Sciences Ltd,CLT RESEARCH TECH PRIVATE LTD,BUY,418317,209.82
21-AUG-2026,NSE,bulk_deals,KRONOX,Kronox Lab Sciences Ltd,RAMDOOT REALTORS PVT LTD,BUY,404367,217.89
21-AUG-2026,NSE,bulk_deals,KRONOX,Kronox Lab Sciences Ltd,SILVERLEAF CAPITAL SERVICES PRIVATE LIMITED,BUY,228658,205.69
21-AUG-2026,NSE,bulk_deals,KRONOX,Kronox Lab Sciences Ltd,PUMA SECURITIES,BUY,230158,208.66
21-AUG-2026,NSE,bulk_deals,KRONOX,Kronox Lab Sciences Ltd,VINSUL MAKARDI LTD,BUY,250245,210.05
21-AUG-2026,NSE,bulk_deals,KRONOX,Kronox Lab Sciences Ltd,J4S FINANCIAL SOLUTIONS LLP,BUY,237220,208.34
21-AUG-2026,NSE,bulk_deals,KRONOX,Kronox Lab Sciences Ltd,MICROCURVES TRADING PRIVATE LIMITED,BUY,910038,209.54
21-AUG-2026,NSE,bulk_deals,KRONOX,Kronox Lab Sciences Ltd,JUNOMONETA FINSOL PRIVATE LIMITED,BUY,791172,209.22
21-AUG-2026,NSE,bulk_deals,KRONOX,Kronox Lab Sciences Ltd,JUMP TRADING FINANCIAL INDIA PRIVATE LIMITED,BUY,287808,209.61
21-AUG-2026,NSE,bulk_deals,KRONOX,Kronox Lab Sciences Ltd,HRTI PRIVATE LIMITED,BUY,209513,207.4
21-AUG-2026,NSE,bulk_deals,KRONOX,Kronox Lab Sciences Ltd,QE SECURITIES LLP,BUY,622248,206.81
21-AUG-2026,NSE,bulk_deals,KRONOX,Kronox Lab Sciences Ltd,IRAGE BROKING SERVICES LLP,BUY,402761,210.14
21-AUG-2026,NSE,bulk_deals,KRONOX,Kronox Lab Sciences Ltd,GRT STRATEGIC VENTURES LLP,BUY,269340,209.02
21-AUG-2026,NSE,bulk_deals,KRONOX,Kronox Lab Sciences Ltd,ALPHAGREP SECURITIES PRIVATE LIMITED,BUY,665501,207.29
21-AUG-2026,NSE,bulk_deals,KRONOX,Kronox Lab Sciences Ltd,NK SECURITIES RESEARCH PRIVATE LIMITED,BUY,1010563,210.92
21-AUG-2026,NSE,bulk_deals,KWIL,Kwality Wall's (India) L,JUNOMONETA FINSOL PRIVATE LIMITED,BUY,13326862,47.6
21-AUG-2026,NSE,bulk_deals,LAMOSAIC,Lamosaic India Limited,NOPEA CAPITAL SERVICES PRIVATE LIMITED,BUY,354000,56.0
21-AUG-2026,NSE,bulk_deals,MOTISONS,Motisons Jewellers Ltd,ARIHANT CAPITAL MARKETS LIMITED,BUY,12099523,16.98
21-AUG-2026,NSE,bulk_deals,NKIND,Nk Industries Ltd,AMRITA JAIN,BUY,105283,67.42
21-AUG-2026,NSE,bulk_deals,NKIND,Nk Industries Ltd,AGARWAL SUBHASH,BUY,1235,59.99
21-AUG-2026,NSE,bulk_deals,NXT-INFRA,Nxt-Infra Trust,LGT WEALTH INDIA PRIVATE LIMITED,BUY,3575000,94.1
21-AUG-2026,NSE,bulk_deals,NXT-INFRA,Nxt-Infra Trust,KOTAK MAHINDRA BANK LIMITED,BUY,8800000,93.85
21-AUG-2026,NSE,bulk_deals,NXT-INFRA,Nxt-Infra Trust,LARSEN & TOUBRO LIMITED,BUY,11700000,93.85
21-AUG-2026,NSE,bulk_deals,NXT-INFRA,Nxt-Infra Trust,KOTAK MAHINDRA INVESTMENTS LIMITED,BUY,5850000,93.85
21-AUG-2026,NSE,bulk_deals,PRSMJOHNSN,Prism Johnson LTD,SBI MUTUAL FUND,BUY,6176178,107.97
21-AUG-2026,NSE,bulk_deals,QUADFUTURE,Quadrant Future Tek Ltd,NEO APEX SHARE BROKING SERVICES LLP,BUY,296596,405.35
21-AUG-2026,NSE,bulk_deals,QUADFUTURE,Quadrant Future Tek Ltd,NK SECURITIES RESEARCH PRIVATE LIMITED,BUY,242956,387.01
21-AUG-2026,NSE,bulk_deals,QUADFUTURE,Quadrant Future Tek Ltd,JUMP TRADING FINANCIAL INDIA PRIVATE LIMITED,BUY,225213,386.12
21-AUG-2026,NSE,bulk_deals,QUADFUTURE,Quadrant Future Tek Ltd,MICROCURVES TRADING PRIVATE LIMITED,BUY,254341,390.23
21-AUG-2026,NSE,bulk_deals,RATNAVEER,Ratnaveer Precision Eng L,ARIHANT CAPITAL MARKETS LIMITED,BUY,1158388,273.33
21-AUG-2026,NSE,bulk_deals,RATNAVEER,Ratnaveer Precision Eng L,MATHISYS QUANTCAP LLP,BUY,346451,274.14
21-AUG-2026,NSE,bulk_deals,RATNAVEER,Ratnaveer Precision Eng L,HRTI PRIVATE LIMITED,BUY,795365,272.33
21-AUG-2026,NSE,bulk_deals,RATNAVEER,Ratnaveer Precision Eng L,JUNOMONETA FINSOL PRIVATE LIMITED,BUY,684572,273.25
21-AUG-2026,NSE,bulk_deals,RHETAN,Rhetan TMT Limited,JAGID VANITABEN RAJENDRAPRASAD,BUY,8909381,22.78
21-AUG-2026,NSE,bulk_deals,RIIL,Reliance Indl Infra Ltd,INFINITY DATA TECHNOLOGIES PRIVATE LIMITED,BUY,89915,793.07
21-AUG-2026,NSE,bulk_deals,SHANTIGEAR,Shanthi Gears Ltd,TUBE INVESTMENT OF INDIA LIMITED,BUY,2064713,375.3
21-AUG-2026,NSE,bulk_deals,SHIVAUM,Shiv Aum Steels Limited,ARIHANT CAPITAL MARKETS LIMITED,BUY,89293,444.99
21-AUG-2026,NSE,bulk_deals,SKYTECH,Skytech Infinite Platfm L,KAMAL KUMAR KABRA,BUY,134400,74.0
21-AUG-2026,NSE,bulk_deals,TBZ,Trib Bhimji Zaveri Ltd,JUNOMONETA FINSOL PRIVATE LIMITED,BUY,368884,280.24
21-AUG-2026,NSE,bulk_deals,VINEETLAB,Vineet Laboratories Ltd,SUJATA KUMARI JHA,BUY,109870,37.77
21-AUG-2026,NSE,bulk_deals,ZAGGLE,Zaggle Prepa Ocean Ser L,QE SECURITIES LLP,BUY,779444,200.12
21-AUG-2026,NSE,bulk_deals,AHIMSA,Ahimsa Industries Ltd.,ABHAY CHANDRAKANT LAKHANI,SELL,87000,28.5
21-AUG-2026,NSE,bulk_deals,ALLCARGO,Allcargo Logistics Ltd,HRTI PRIVATE LIMITED,SELL,7733215,11.75
21-AUG-2026,NSE,bulk_deals,AMAGI,Amagi Media Labs Limited,TRUDY HOLDINGS,SELL,3169073,560.0
21-AUG-2026,NSE,bulk_deals,AMAGI,Amagi Media Labs Limited,AVP I FUND,SELL,1864948,560.0
21-AUG-2026,NSE,bulk_deals,AMAGI,Amagi Media Labs Limited,ACCEL INDIA VI (MAURITIUS) LTD.,SELL,2727000,560.0
21-AUG-2026,NSE,bulk_deals,AMAGI,Amagi Media Labs Limited,ACCEL GROWTH VI HOLDINGS (MAURITIUS) LTD.,SELL,2727000,560.0
21-AUG-2026,NSE,bulk_deals,ATALREAL,Atal Realtech Limited,ACME CAPITAL MARKET LIMITED,SELL,2383786,33.57
21-AUG-2026,NSE,bulk_deals,ATALREAL,Atal Realtech Limited,HRTI PRIVATE LIMITED,SELL,1194149,33.73
21-AUG-2026,NSE,bulk_deals,ATALREAL,Atal Realtech Limited,ALTIZEN VENTURES LLP,SELL,895001,33.74
21-AUG-2026,NSE,bulk_deals,ATALREAL,Atal Realtech Limited,CHAUBARA EATS PRIVATE LIMITED,SELL,895811,33.87
21-AUG-2026,NSE,bulk_deals,AVADHSUGAR,Avadh Sug & Energy Ltd,AMAN KUMAR SONTHALIA,SELL,1000,850.0
21-AUG-2026,NSE,bulk_deals,BIOPOL,Biopol Chemicals Limited,BEACON STONE CAPITAL VCC - BEACON STONE I,SELL,118800,99.89
21-AUG-2026,NSE,bulk_deals,BLBLIMITED,BLB Limited,ACN FINANCIAL SERVICES LTD,SELL,290500,16.01
21-AUG-2026,NSE,bulk_deals,BLEL,Behari Lal Engineering L,QE SECURITIES LLP,SELL,228136,505.18
21-AUG-2026,NSE,bulk_deals,BLEL,Behari Lal Engineering L,MATHISYS QUANTCAP LLP,SELL,224914,505.11
21-AUG-2026,NSE,bulk_deals,CREDENT,Credent Connect N Care L,OM TRADING,SELL,100200,358.54
21-AUG-2026,NSE,bulk_deals,DAVANGERE,Davangere Sugar Company L,ARIHANT CAPITAL MARKETS LIMITED,SELL,7328617,3.0
21-AUG-2026,NSE,bulk_deals,DBSTOCKBRO,DB (Int) Stock Brokers,HI KLASS TRADING & INVESTMENT LIMITED,SELL,220000,30.38
21-AUG-2026,NSE,bulk_deals,GATECH,GACM Technologies Limited,MGO HIGH CONVICTION FUND INCORPORATED VCC SUB-FUND,SELL,18608589,0.91
21-AUG-2026,NSE,bulk_deals,GSMFOILS,GSM Foils Limited,JENIVA ANTONY EPHREM,SELL,199000,92.22
21-AUG-2026,NSE,bulk_deals,GSMFOILS,GSM Foils Limited,MULTIPLIER SHARE & STOCK ADVISORS PRIVATE LIMITED,SELL,99000,91.5
21-AUG-2026,NSE,bulk_deals,KONTOR,Kontor Space Limited,MANISH MUNDADA HUF,SELL,48600,54.97
21-AUG-2026,NSE,bulk_deals,KRONOX,Kronox Lab Sciences Ltd,JUMP TRADING FINANCIAL INDIA PRIVATE LIMITED,SELL,287808,209.87
21-AUG-2026,NSE,bulk_deals,KRONOX,Kronox Lab Sciences Ltd,MICROCURVES TRADING PRIVATE LIMITED,SELL,910038,209.65
21-AUG-2026,NSE,bulk_deals,KRONOX,Kronox Lab Sciences Ltd,JUNOMONETA FINSOL PRIVATE LIMITED,SELL,772632,209.32
21-AUG-2026,NSE,bulk_deals,KRONOX,Kronox Lab Sciences Ltd,VINSUL MAKARDI LTD,SELL,250245,210.03
21-AUG-2026,NSE,bulk_deals,KRONOX,Kronox Lab Sciences Ltd,HRTI PRIVATE LIMITED,SELL,220851,207.81
21-AUG-2026,NSE,bulk_deals,KRONOX,Kronox Lab Sciences Ltd,J4S FINANCIAL SOLUTIONS LLP,SELL,237220,208.56
21-AUG-2026,NSE,bulk_deals,KRONOX,Kronox Lab Sciences Ltd,MUSIGMA SECURITIES,SELL,287649,211.05
21-AUG-2026,NSE,bulk_deals,KRONOX,Kronox Lab Sciences Ltd,CLT RESEARCH TECH PRIVATE LTD,SELL,418317,209.9
21-AUG-2026,NSE,bulk_deals,KRONOX,Kronox Lab Sciences Ltd,NK SECURITIES RESEARCH PRIVATE LIMITED,SELL,1010563,211.05
21-AUG-2026,NSE,bulk_deals,KRONOX,Kronox Lab Sciences Ltd,RAMDOOT REALTORS PVT LTD,SELL,404367,217.5
21-AUG-2026,NSE,bulk_deals,KRONOX,Kronox Lab Sciences Ltd,ALPHAGREP SECURITIES PRIVATE LIMITED,SELL,665501,207.37
21-AUG-2026,NSE,bulk_deals,KRONOX,Kronox Lab Sciences Ltd,GRT STRATEGIC VENTURES LLP,SELL,269340,209.09
21-AUG-2026,NSE,bulk_deals,KRONOX,Kronox Lab Sciences Ltd,IRAGE BROKING SERVICES LLP,SELL,266283,208.49
21-AUG-2026,NSE,bulk_deals,KRONOX,Kronox Lab Sciences Ltd,SILVERLEAF CAPITAL SERVICES PRIVATE LIMITED,SELL,228658,205.67
21-AUG-2026,NSE,bulk_deals,KRONOX,Kronox Lab Sciences Ltd,QE SECURITIES LLP,SELL,627218,206.74
21-AUG-2026,NSE,bulk_deals,KRONOX,Kronox Lab Sciences Ltd,PUMA SECURITIES,SELL,230158,208.62
21-AUG-2026,NSE,bulk_deals,KWIL,Kwality Wall's (India) L,JUNOMONETA FINSOL PRIVATE LIMITED,SELL,13309156,47.64
21-AUG-2026,NSE,bulk_deals,LAMOSAIC,Lamosaic India Limited,EQUIRISE FINANCE AND CONSULTANCY,SELL,61200,56.0
21-AUG-2026,NSE,bulk_deals,LAMOSAIC,Lamosaic India Limited,ALTIZEN VENTURES LLP,SELL,403200,55.93
21-AUG-2026,NSE,bulk_deals,MANCREDIT,Mangal Credit N Fincorp L,KURJIBHAI PREMJIBHAI RUPARELIYA,SELL,110000,218.21
21-AUG-2026,NSE,bulk_deals,MOTISONS,Motisons Jewellers Ltd,ARIHANT CAPITAL MARKETS LIMITED,SELL,12099523,17.0
21-AUG-2026,NSE,bulk_deals,MOTISONS,Motisons Jewellers Ltd,NIRMALKUMAR PAREEK,SELL,6500000,16.96
21-AUG-2026,NSE,bulk_deals,MYSORPETRO,Mysore Petro Chemicals L,GYMKHANA PARTNERS L.P.,SELL,34500,173.29
21-AUG-2026,NSE,bulk_deals,NARMADA,Narmada Agrobase Limited,SILLENIUM INFRA PROJECT PRIVATE LIMITED,SELL,419434,13.72
21-AUG-2026,NSE,bulk_deals,NATIONSTD,National Stand (India) L,NARINDER PAL SINGH,SELL,144433,128.49
21-AUG-2026,NSE,bulk_deals,NKIND,Nk Industries Ltd,AGARWAL SUBHASH,SELL,41734,67.9
21-AUG-2026,NSE,bulk_deals,NKIND,Nk Industries Ltd,AMRITA JAIN,SELL,89852,67.12
21-AUG-2026,NSE,bulk_deals,NXT-INFRA,Nxt-Infra Trust,ACTIS HIGHWAY INFRA LIMITED,SELL,26350000,93.85
21-AUG-2026,NSE,bulk_deals,NXT-INFRA,Nxt-Infra Trust,ACTIS HIGHWAY INFRA LIMITED,SELL,6450000,94.4
21-AUG-2026,NSE,bulk_deals,PROPSHOP,Propshop Events and Exh L,NOVA GLOBAL OPPORTUNITIES FUND PCC - TOUCHSTONE,SELL,168000,69.46
21-AUG-2026,NSE,bulk_deals,PRSMJOHNSN,Prism Johnson LTD,SBI MUTUAL FUND,SELL,6180291,107.97
21-AUG-2026,NSE,bulk_deals,QUADFUTURE,Quadrant Future Tek Ltd,NEO APEX SHARE BROKING SERVICES LLP,SELL,250000,405.35
21-AUG-2026,NSE,bulk_deals,QUADFUTURE,Quadrant Future Tek Ltd,NK SECURITIES RESEARCH PRIVATE LIMITED,SELL,243262,387.21
21-AUG-2026,NSE,bulk_deals,QUADFUTURE,Quadrant Future Tek Ltd,JUMP TRADING FINANCIAL INDIA PRIVATE LIMITED,SELL,225213,386.28
21-AUG-2026,NSE,bulk_deals,QUADFUTURE,Quadrant Future Tek Ltd,MICROCURVES TRADING PRIVATE LIMITED,SELL,254341,390.63
21-AUG-2026,NSE,bulk_deals,RATNAVEER,Ratnaveer Precision Eng L,HRTI PRIVATE LIMITED,SELL,719793,272.39
21-AUG-2026,NSE,bulk_deals,RATNAVEER,Ratnaveer Precision Eng L,JUNOMONETA FINSOL PRIVATE LIMITED,SELL,647006,273.15
21-AUG-2026,NSE,bulk_deals,RATNAVEER,Ratnaveer Precision Eng L,ARIHANT CAPITAL MARKETS LIMITED,SELL,1160322,274.48
21-AUG-2026,NSE,bulk_deals,RATNAVEER,Ratnaveer Precision Eng L,MATHISYS QUANTCAP LLP,SELL,358257,274.57
21-AUG-2026,NSE,bulk_deals,RHETAN,Rhetan TMT Limited,JAGID VANITABEN RAJENDRAPRASAD,SELL,11087999,23.34
21-AUG-2026,NSE,bulk_deals,RIIL,Reliance Indl Infra Ltd,INFINITY DATA TECHNOLOGIES PRIVATE LIMITED,SELL,38873,797.8
21-AUG-2026,NSE,bulk_deals,SAFEENTP,Safe Enter Retail Fix Ltd,SHREESOMNIDHI INFRASOLUTIONS PRIVATE LIMITED,SELL,234000,250.04
21-AUG-2026,NSE,bulk_deals,SHANTIGEAR,Shanthi Gears Ltd,PACIFIC ASSETS TRUST PLC,SELL,2064713,375.3
21-AUG-2026,NSE,bulk_deals,SHIVAUM,Shiv Aum Steels Limited,ARYAMAN CAPITAL MARKETS LIMITED,SELL,88125,445.0
21-AUG-2026,NSE,bulk_deals,TBZ,Trib Bhimji Zaveri Ltd,JUNOMONETA FINSOL PRIVATE LIMITED,SELL,371592,280.42
21-AUG-2026,NSE,bulk_deals,VINEETLAB,Vineet Laboratories Ltd,ARJUN AGGARWAL,SELL,110587,37.83
21-AUG-2026,NSE,bulk_deals,ZAGGLE,Zaggle Prepa Ocean Ser L,QE SECURITIES LLP,SELL,743310,200.09
21-AUG-2026,NSE,block_deals,AMAGI,Amagi Media Labs Limited,UNIVERSITY OF NOTRE DAME DU LAC,BUY,142857,560.0
21-AUG-2026,NSE,block_deals,AMAGI,Amagi Media Labs Limited,SBI MUTUAL FUND,BUY,3248305,560.0
21-AUG-2026,NSE,block_deals,AMAGI,Amagi Media Labs Limited,SUSQUEHANNA PACIFIC PTY LTD,BUY,446429,560.0
21-AUG-2026,NSE,block_deals,AMAGI,Amagi Media Labs Limited,BOFA SECURITIES EUROPE SA,BUY,223231,560.0
21-AUG-2026,NSE,block_deals,AMAGI,Amagi Media Labs Limited,HDFC STANDARD LIFE INSURANCE COMPANY LTD,BUY,1785713,560.0
21-AUG-2026,NSE,block_deals,AMAGI,Amagi Media Labs Limited,ICICI PRUDENTIAL MUTUAL FUND,BUY,934444,560.0
21-AUG-2026,NSE,block_deals,AMAGI,Amagi Media Labs Limited,SBI MUTUAL FUND,BUY,1840979,560.0
21-AUG-2026,NSE,block_deals,AMAGI,Amagi Media Labs Limited,TATA MUTUAL FUND,BUY,446433,560.0
21-AUG-2026,NSE,block_deals,AMAGI,Amagi Media Labs Limited,BOFA SECURITIES EUROPE SA,BUY,223200,560.0
21-AUG-2026,NSE,block_deals,AMAGI,Amagi Media Labs Limited,GP EMERGING MARKETS STRATEGIES LP,BUY,98215,560.0
21-AUG-2026,NSE,block_deals,AMAGI,Amagi Media Labs Limited,EDELWEISS MUTUAL FUND,BUY,446429,560.0
21-AUG-2026,NSE,block_deals,AMAGI,Amagi Media Labs Limited,DT FUND,BUY,205357,560.0
21-AUG-2026,NSE,block_deals,AMAGI,Amagi Media Labs Limited,BARODA BNP PARIBAS MUTUAL FUND,BUY,446429,560.0
21-AUG-2026,NSE,block_deals,NXT-INFRA,Nxt-Infra Trust,LARSEN & TOUBRO LIMITED,BUY,11700000,93.85
21-AUG-2026,NSE,block_deals,NXT-INFRA,Nxt-Infra Trust,KOTAK MAHINDRA BANK LIMITED,BUY,8800000,93.85
21-AUG-2026,NSE,block_deals,NXT-INFRA,Nxt-Infra Trust,KOTAK MAHINDRA INVESTMENTS LIMITED,BUY,5850000,93.85
21-AUG-2026,NSE,block_deals,SHANTIGEAR,Shanthi Gears Ltd,TUBE INVESTMENT OF INDIA LIMITED,BUY,2064713,375.3
21-AUG-2026,NSE,block_deals,AMAGI,Amagi Media Labs Limited,TRUDY HOLDINGS,SELL,3169073,560.0
21-AUG-2026,NSE,block_deals,AMAGI,Amagi Media Labs Limited,AVP I FUND,SELL,1864948,560.0
21-AUG-2026,NSE,block_deals,AMAGI,Amagi Media Labs Limited,ACCEL GROWTH VI HOLDINGS (MAURITIUS) LTD.,SELL,2727000,560.0
21-AUG-2026,NSE,block_deals,AMAGI,Amagi Media Labs Limited,ACCEL INDIA VI (MAURITIUS) LTD.,SELL,2727000,560.0
21-AUG-2026,NSE,block_deals,NXT-INFRA,Nxt-Infra Trust,ACTIS HIGHWAY INFRA LIMITED,SELL,26350000,93.85
21-AUG-2026,NSE,block_deals,SHANTIGEAR,Shanthi Gears Ltd,PACIFIC ASSETS TRUST PLC,SELL,2064713,375.3
21/08/2026,BSE,bulk,511463,ALEXANDER,TATIA FINAANCIAL SERVICES LTD,B,55450.0,7.64
21/08/2026,BSE,bulk,517546,ALFATRAN,SHAH BHAVINBHAI ARVINDBHAI HUF,S,50000.0,35.36
21/08/2026,BSE,bulk,535916,ALSL,L7 HITECH PRIVATE LIMITED,S,236425.0,50.1
21/08/2026,BSE,bulk,544353,AMWILL,GLOBALWORTH SECURITIES LIMITED,S,100800.0,43.26
21/08/2026,BSE,bulk,539335,CALLISTA,ESPS CAPITAL ADVISORS PVT LTD,B,30000.0,162.0
21/08/2026,BSE,bulk,531553,DRL,AVIRAT ENTERPRISE,B,50000.0,35.33
21/08/2026,BSE,bulk,531553,DRL,DEEPTI PANKAJ CHHEDA,B,212606.0,34.76
21/08/2026,BSE,bulk,531553,DRL,DEEPTI PANKAJ CHHEDA,S,2606.0,35.57
21/08/2026,BSE,bulk,531553,DRL,KABRA COMMERCIAL LTD,S,200000.0,35.57
21/08/2026,BSE,bulk,531553,DRL,RAMAWTAR  KABRA,S,80000.0,35.57
21/08/2026,BSE,bulk,531553,DRL,DIPTI KETAN MEHTA,B,100000.0,35.57
21/08/2026,BSE,bulk,531553,DRL,MAYA TEXTURISERS PRIVATE LIMITED,S,195000.0,32.54
21/08/2026,BSE,bulk,531553,DRL,ASHWINI NIRAJ SINGH,B,150000.0,32.5
21/08/2026,BSE,bulk,544876,ENS,GOLDENDUNES BUILDERS AND DEVELOPERS PRIVATE LIMITED,B,142800.0,100.32
21/08/2026,BSE,bulk,544876,ENS,KIFS  ENTERPRISE,B,82800.0,96.39
21/08/2026,BSE,bulk,544876,ENS,VIKASA INDIA EIF I FUND - SHARE CLASS N,B,260400.0,96.0
21/08/2026,BSE,bulk,544876,ENS,RAJASTHAN GLOBAL SECURITIES PRIVATE LIMITED,S,253200.0,96.0
21/08/2026,BSE,bulk,544876,ENS,RGSL INVESTMENT LVF 1,S,172800.0,96.0
21/08/2026,BSE,bulk,544876,ENS,ORIENEDGE,B,264000.0,96.8
21/08/2026,BSE,bulk,521137,EUREKAI,AVULA SANDEEP MOHAN RAO,B,48000.0,5.7
21/08/2026,BSE,bulk,512443,GANONPRO,RIPPLE  GUPTA,S,47500.0,7.51
21/08/2026,BSE,bulk,531723,GATECH,L7 HITECH PRIVATE LIMITED,B,8077707.0,0.93
21/08/2026,BSE,bulk,543520,GLHRL,LALIT PRASAD,S,98000.0,9.85
21/08/2026,BSE,bulk,543520,GLHRL,YOGESHKUMAR RASIKLAL SANGHAVI,S,60000.0,10.46
21/08/2026,BSE,bulk,544759,GLPL,SAMURAI SECURITIES PVT LTD,B,51000.0,41.05
21/08/2026,BSE,bulk,544759,GLPL,SAMURAI SECURITIES PVT LTD,S,51000.0,40.89
21/08/2026,BSE,bulk,544759,GLPL,UPSURGE OPPORTUNITIES FUND 1,S,51000.0,41.05
21/08/2026,BSE,bulk,544759,GLPL,KAILASH KABRA,B,72000.0,41.01
21/08/2026,BSE,bulk,544759,GLPL,KAILASH KABRA,S,72000.0,41.03
21/08/2026,BSE,bulk,541627,GUJWIND,KREON FINNANCIAL SERVICES LIMITED,B,40000.0,8.91
21/08/2026,BSE,bulk,541627,GUJWIND,PANKAJ GUPTA,S,30000.0,8.9
21/08/2026,BSE,bulk,544834,GULFLLOYDS,F3 ADVISORS PRIVATE LIMITED,S,26400.0,42.67
21/08/2026,BSE,bulk,544834,GULFLLOYDS,F3 ADVISORS PRIVATE LIMITED,B,38400.0,42.51
21/08/2026,BSE,bulk,544834,GULFLLOYDS,BONANZA PORTFOLIO LIMITED,B,73200.0,42.42
21/08/2026,BSE,bulk,544834,GULFLLOYDS,BONANZA PORTFOLIO LIMITED,S,58800.0,42.33
21/08/2026,BSE,bulk,544834,GULFLLOYDS,GREEN PEAKS ENTERPRISES LLP,S,33600.0,42.52
21/08/2026,BSE,bulk,544834,GULFLLOYDS,GREEN PEAKS ENTERPRISES LLP,B,34800.0,42.4
21/08/2026,BSE,bulk,544834,GULFLLOYDS,IMRAN KHAN,B,12000.0,41.06
21/08/2026,BSE,bulk,544834,GULFLLOYDS,IMRAN KHAN,S,57600.0,42.67
21/08/2026,BSE,bulk,544160,JAYKAILASH,MAHAM HAMAJAKHAN MAHAM HANIFKHAN PATHAN,B,49600.0,60.45
21/08/2026,BSE,bulk,544160,JAYKAILASH,MONEYPLANT GOLD & JEWELLERY TRADING L.L.C,B,8000.0,62.78
21/08/2026,BSE,bulk,544160,JAYKAILASH,MONEYPLANT GOLD & JEWELLERY TRADING L.L.C,S,68800.0,59.88
21/08/2026,BSE,bulk,531780,KACL,FARAAZ IRFAN CHAPRA,B,350.0,6.15
21/08/2026,BSE,bulk,531780,KACL,FARAAZ IRFAN CHAPRA,S,350000.0,6.2
21/08/2026,BSE,bulk,531780,KACL,IRFAN ISMAIL CHAPRA,B,349750.0,6.2
21/08/2026,BSE,bulk,532054,KDDL,SETU SECURITIES PVT LTD,S,39701.0,3722.96
21/08/2026,BSE,bulk,532054,KDDL,SETU SECURITIES PVT LTD,B,72701.0,3650.05
21/08/2026,BSE,bulk,532054,KDDL,CLARUS CAPITAL 1,B,132086.0,3650.0
21/08/2026,BSE,bulk,532054,KDDL,PRANAV SHANKAR SABOO,S,246000.0,3650.81
21/08/2026,BSE,bulk,544187,KRONOX,IRAGE BROKING SERVICES LLP,B,209337.0,208.09
21/08/2026,BSE,bulk,544187,KRONOX,IRAGE BROKING SERVICES LLP,S,345815.0,210.44
21/08/2026,BSE,bulk,539408,KUBERJI,RV FINTECH,B,17437.0,41.98
21/08/2026,BSE,bulk,532164,MINOLTAF,COMELY ELECTRICAL PRIVATE LIMITED,B,600000.0,1.32
21/08/2026,BSE,bulk,532164,MINOLTAF,BETTER MERCANTILE PRIVATE LIMITED,S,640392.0,1.32
21/08/2026,BSE,bulk,544373,NAPSGLOBAL,RAJESH BHIMSEN SANGTANI,S,38400.0,46.39
21/08/2026,BSE,bulk,544373,NAPSGLOBAL,MANISH UPENDRA SHANGHVI,B,33600.0,46.3
21/08/2026,BSE,bulk,517554,NHCFOODS,VEER PRATAP SINGH,B,4295000.0,1.79
21/08/2026,BSE,bulk,544685,SHADOWFAX,QUALCOMM ASIA PACIFIC PTE LIMITED,S,7500000.0,245.13
21/08/2026,BSE,bulk,523309,SHRIGANG,SARVASHAKTIMAN TRADERS PVT LTD,S,152159.0,61.66
21/08/2026,BSE,bulk,513472,SIMPLEXCAS,MSB E TRADE SECURITIES LIMITED,S,296133.0,122.13
21/08/2026,BSE,bulk,513472,SIMPLEXCAS,MSB E TRADE SECURITIES LIMITED,B,296133.0,121.75
21/08/2026,BSE,bulk,511447,SYLPH,KREDENCE MULTI TRADING LIMITED,S,20700000.0,0.21
21/08/2026,BSE,bulk,544877,TECHNOCRAT,MC JAIN INFOSERVICES PRIVATE LIMITED,B,100000.0,230.0
21/08/2026,BSE,bulk,544877,TECHNOCRAT,SETU SECURITIES PVT LTD,B,180000.0,226.92
21/08/2026,BSE,bulk,544877,TECHNOCRAT,RCSPL SHARE BROKING PRIVATE LIMITED,B,1000.0,241.5
21/08/2026,BSE,bulk,544877,TECHNOCRAT,RCSPL SHARE BROKING PRIVATE LIMITED,S,116000.0,230.1
21/08/2026,BSE,bulk,544877,TECHNOCRAT,MLB STOCK BROKING PRIVATE LIMITED,B,180000.0,228.52
21/08/2026,BSE,bulk,543310,TIMESGREEN,RACHANA  SINGHI,S,36000.0,81.5
21/08/2026,BSE,bulk,543310,TIMESGREEN,ADARSH  SINGHI,B,36000.0,81.5
21/08/2026,BSE,bulk,544740,TIPCO,KHUSHBOO SIDDHARTH NAHAR,B,185600.0,206.3
21/08/2026,BSE,bulk,531257,VELLORA,SANJAY SADASHIVRAO SHINDE,B,40000.0,15.17
21/08/2026,BSE,bulk,532354,VIRGOGLOB,KAPADIA FINWEALTH LLP  .,S,84360.0,3.12
21/08/2026,BSE,bulk,532354,VIRGOGLOB,MICRO SPARK VENTURES LLP,B,100000.0,3.12
21/08/2026,BSE,bulk,532354,VIRGOGLOB,RAJ BREEDERS AND HATCHERIES PRIVATE LIMITED,B,100000.0,3.09
17/08/2026,BSE,block,543542,KESAR,MINERVA VENTURES FUND,B,1178000.0,1265.0
17/08/2026,BSE,block,543542,KESAR,FORBES EMF,S,1178000.0,1265.0
17/08/2026,BSE,block,503811,SIYSIL,DPP ENTERPRISES LLP,B,582900.0,620.0
17/08/2026,BSE,block,503811,SIYSIL,HARSHIT SHRIKISHAN PODDAR,S,582900.0,620.0
21-AUG-2026,NSE,bulk_deals,AHIMSA,Ahimsa Industries Ltd.,BHANSALI VALUE CREATIONS PVT LTD,BUY,81000,28.5
21-AUG-2026,NSE,bulk_deals,ALLCARGO,Allcargo Logistics Ltd,HRTI PRIVATE LIMITED,BUY,6668362,11.67
21-AUG-2026,NSE,bulk_deals,AMAGI,Amagi Media Labs Limited,SBI MUTUAL FUND,BUY,3248305,560.0
21-AUG-2026,NSE,bulk_deals,AMAGI,Amagi Media Labs Limited,SBI MUTUAL FUND,BUY,1840979,560.0
21-AUG-2026,NSE,bulk_deals,AMAGI,Amagi Media Labs Limited,HDFC STANDARD LIFE INSURANCE COMPANY LTD,BUY,1785713,560.0
21-AUG-2026,NSE,bulk_deals,ATALREAL,Atal Realtech Limited,ACME CAPITAL MARKET LIMITED,BUY,2283786,33.72
21-AUG-2026,NSE,bulk_deals,ATALREAL,Atal Realtech Limited,HRTI PRIVATE LIMITED,BUY,1172196,33.7
21-AUG-2026,NSE,bulk_deals,ATALREAL,Atal Realtech Limited,ALTIZEN VENTURES LLP,BUY,1678324,33.59
21-AUG-2026,NSE,bulk_deals,ATALREAL,Atal Realtech Limited,CHAUBARA EATS PRIVATE LIMITED,BUY,895811,33.92
21-AUG-2026,NSE,bulk_deals,AVADHSUGAR,Avadh Sug & Energy Ltd,AMAN KUMAR SONTHALIA,BUY,120000,809.91
21-AUG-2026,NSE,bulk_deals,BLEL,Behari Lal Engineering L,QE SECURITIES LLP,BUY,218835,503.19
21-AUG-2026,NSE,bulk_deals,BLEL,Behari Lal Engineering L,MATHISYS QUANTCAP LLP,BUY,217647,504.66
21-AUG-2026,NSE,bulk_deals,CREDENT,Credent Connect N Care L,NEO APEX SHARE BROKING SERVICES LLP,BUY,144000,358.2
21-AUG-2026,NSE,bulk_deals,DAVANGERE,Davangere Sugar Company L,ARIHANT CAPITAL MARKETS LIMITED,BUY,6542597,3.0
21-AUG-2026,NSE,bulk_deals,DBSTOCKBRO,DB (Int) Stock Brokers,ORCHARD ROAD PROPERTIES PVT LT,BUY,220000,30.38
21-AUG-2026,NSE,bulk_deals,GSMFOILS,GSM Foils Limited,MULTIPLIER SHARE & STOCK ADVISORS PRIVATE LIMITED,BUY,14000,84.1
21-AUG-2026,NSE,bulk_deals,KRONOX,Kronox Lab Sciences Ltd,MUSIGMA SECURITIES,BUY,287649,210.97
21-AUG-2026,NSE,bulk_deals,KRONOX,Kronox Lab Sciences Ltd,CLT RESEARCH TECH PRIVATE LTD,BUY,418317,209.82
21-AUG-2026,NSE,bulk_deals,KRONOX,Kronox Lab Sciences Ltd,RAMDOOT REALTORS PVT LTD,BUY,404367,217.89
21-AUG-2026,NSE,bulk_deals,KRONOX,Kronox Lab Sciences Ltd,SILVERLEAF CAPITAL SERVICES PRIVATE LIMITED,BUY,228658,205.69
21-AUG-2026,NSE,bulk_deals,KRONOX,Kronox Lab Sciences Ltd,PUMA SECURITIES,BUY,230158,208.66
21-AUG-2026,NSE,bulk_deals,KRONOX,Kronox Lab Sciences Ltd,VINSUL MAKARDI LTD,BUY,250245,210.05
21-AUG-2026,NSE,bulk_deals,KRONOX,Kronox Lab Sciences Ltd,J4S FINANCIAL SOLUTIONS LLP,BUY,237220,208.34
21-AUG-2026,NSE,bulk_deals,KRONOX,Kronox Lab Sciences Ltd,MICROCURVES TRADING PRIVATE LIMITED,BUY,910038,209.54
21-AUG-2026,NSE,bulk_deals,KRONOX,Kronox Lab Sciences Ltd,JUNOMONETA FINSOL PRIVATE LIMITED,BUY,791172,209.22
21-AUG-2026,NSE,bulk_deals,KRONOX,Kronox Lab Sciences Ltd,JUMP TRADING FINANCIAL INDIA PRIVATE LIMITED,BUY,287808,209.61
21-AUG-2026,NSE,bulk_deals,KRONOX,Kronox Lab Sciences Ltd,HRTI PRIVATE LIMITED,BUY,209513,207.4
21-AUG-2026,NSE,bulk_deals,KRONOX,Kronox Lab Sciences Ltd,QE SECURITIES LLP,BUY,622248,206.81
21-AUG-2026,NSE,bulk_deals,KRONOX,Kronox Lab Sciences Ltd,IRAGE BROKING SERVICES LLP,BUY,402761,210.14
21-AUG-2026,NSE,bulk_deals,KRONOX,Kronox Lab Sciences Ltd,GRT STRATEGIC VENTURES LLP,BUY,269340,209.02
21-AUG-2026,NSE,bulk_deals,KRONOX,Kronox Lab Sciences Ltd,ALPHAGREP SECURITIES PRIVATE LIMITED,BUY,665501,207.29
21-AUG-2026,NSE,bulk_deals,KRONOX,Kronox Lab Sciences Ltd,NK SECURITIES RESEARCH PRIVATE LIMITED,BUY,1010563,210.92
21-AUG-2026,NSE,bulk_deals,KWIL,Kwality Wall's (India) L,JUNOMONETA FINSOL PRIVATE LIMITED,BUY,13326862,47.6
21-AUG-2026,NSE,bulk_deals,LAMOSAIC,Lamosaic India Limited,NOPEA CAPITAL SERVICES PRIVATE LIMITED,BUY,354000,56.0
21-AUG-2026,NSE,bulk_deals,MOTISONS,Motisons Jewellers Ltd,ARIHANT CAPITAL MARKETS LIMITED,BUY,12099523,16.98
21-AUG-2026,NSE,bulk_deals,NKIND,Nk Industries Ltd,AMRITA JAIN,BUY,105283,67.42
21-AUG-2026,NSE,bulk_deals,NKIND,Nk Industries Ltd,AGARWAL SUBHASH,BUY,1235,59.99
21-AUG-2026,NSE,bulk_deals,NXT-INFRA,Nxt-Infra Trust,LGT WEALTH INDIA PRIVATE LIMITED,BUY,3575000,94.1
21-AUG-2026,NSE,bulk_deals,NXT-INFRA,Nxt-Infra Trust,KOTAK MAHINDRA BANK LIMITED,BUY,8800000,93.85
21-AUG-2026,NSE,bulk_deals,NXT-INFRA,Nxt-Infra Trust,LARSEN & TOUBRO LIMITED,BUY,11700000,93.85
21-AUG-2026,NSE,bulk_deals,NXT-INFRA,Nxt-Infra Trust,KOTAK MAHINDRA INVESTMENTS LIMITED,BUY,5850000,93.85
21-AUG-2026,NSE,bulk_deals,PRSMJOHNSN,Prism Johnson LTD,SBI MUTUAL FUND,BUY,6176178,107.97
21-AUG-2026,NSE,bulk_deals,QUADFUTURE,Quadrant Future Tek Ltd,NEO APEX SHARE BROKING SERVICES LLP,BUY,296596,405.35
21-AUG-2026,NSE,bulk_deals,QUADFUTURE,Quadrant Future Tek Ltd,NK SECURITIES RESEARCH PRIVATE LIMITED,BUY,242956,387.01
21-AUG-2026,NSE,bulk_deals,QUADFUTURE,Quadrant Future Tek Ltd,JUMP TRADING FINANCIAL INDIA PRIVATE LIMITED,BUY,225213,386.12
21-AUG-2026,NSE,bulk_deals,QUADFUTURE,Quadrant Future Tek Ltd,MICROCURVES TRADING PRIVATE LIMITED,BUY,254341,390.23
21-AUG-2026,NSE,bulk_deals,RATNAVEER,Ratnaveer Precision Eng L,ARIHANT CAPITAL MARKETS LIMITED,BUY,1158388,273.33
21-AUG-2026,NSE,bulk_deals,RATNAVEER,Ratnaveer Precision Eng L,MATHISYS QUANTCAP LLP,BUY,346451,274.14
21-AUG-2026,NSE,bulk_deals,RATNAVEER,Ratnaveer Precision Eng L,HRTI PRIVATE LIMITED,BUY,795365,272.33
21-AUG-2026,NSE,bulk_deals,RATNAVEER,Ratnaveer Precision Eng L,JUNOMONETA FINSOL PRIVATE LIMITED,BUY,684572,273.25
21-AUG-2026,NSE,bulk_deals,RHETAN,Rhetan TMT Limited,JAGID VANITABEN RAJENDRAPRASAD,BUY,8909381,22.78
21-AUG-2026,NSE,bulk_deals,RIIL,Reliance Indl Infra Ltd,INFINITY DATA TECHNOLOGIES PRIVATE LIMITED,BUY,89915,793.07
21-AUG-2026,NSE,bulk_deals,SHANTIGEAR,Shanthi Gears Ltd,TUBE INVESTMENT OF INDIA LIMITED,BUY,2064713,375.3
21-AUG-2026,NSE,bulk_deals,SHIVAUM,Shiv Aum Steels Limited,ARIHANT CAPITAL MARKETS LIMITED,BUY,89293,444.99
21-AUG-2026,NSE,bulk_deals,SKYTECH,Skytech Infinite Platfm L,KAMAL KUMAR KABRA,BUY,134400,74.0
21-AUG-2026,NSE,bulk_deals,TBZ,Trib Bhimji Zaveri Ltd,JUNOMONETA FINSOL PRIVATE LIMITED,BUY,368884,280.24
21-AUG-2026,NSE,bulk_deals,VINEETLAB,Vineet Laboratories Ltd,SUJATA KUMARI JHA,BUY,109870,37.77
21-AUG-2026,NSE,bulk_deals,ZAGGLE,Zaggle Prepa Ocean Ser L,QE SECURITIES LLP,BUY,779444,200.12
21-AUG-2026,NSE,bulk_deals,AHIMSA,Ahimsa Industries Ltd.,ABHAY CHANDRAKANT LAKHANI,SELL,87000,28.5
21-AUG-2026,NSE,bulk_deals,ALLCARGO,Allcargo Logistics Ltd,HRTI PRIVATE LIMITED,SELL,7733215,11.75
21-AUG-2026,NSE,bulk_deals,AMAGI,Amagi Media Labs Limited,TRUDY HOLDINGS,SELL,3169073,560.0
21-AUG-2026,NSE,bulk_deals,AMAGI,Amagi Media Labs Limited,AVP I FUND,SELL,1864948,560.0
21-AUG-2026,NSE,bulk_deals,AMAGI,Amagi Media Labs Limited,ACCEL INDIA VI (MAURITIUS) LTD.,SELL,2727000,560.0
21-AUG-2026,NSE,bulk_deals,AMAGI,Amagi Media Labs Limited,ACCEL GROWTH VI HOLDINGS (MAURITIUS) LTD.,SELL,2727000,560.0
21-AUG-2026,NSE,bulk_deals,ATALREAL,Atal Realtech Limited,ACME CAPITAL MARKET LIMITED,SELL,2383786,33.57
21-AUG-2026,NSE,bulk_deals,ATALREAL,Atal Realtech Limited,HRTI PRIVATE LIMITED,SELL,1194149,33.73
21-AUG-2026,NSE,bulk_deals,ATALREAL,Atal Realtech Limited,ALTIZEN VENTURES LLP,SELL,895001,33.74
21-AUG-2026,NSE,bulk_deals,ATALREAL,Atal Realtech Limited,CHAUBARA EATS PRIVATE LIMITED,SELL,895811,33.87
21-AUG-2026,NSE,bulk_deals,AVADHSUGAR,Avadh Sug & Energy Ltd,AMAN KUMAR SONTHALIA,SELL,1000,850.0
21-AUG-2026,NSE,bulk_deals,BIOPOL,Biopol Chemicals Limited,BEACON STONE CAPITAL VCC - BEACON STONE I,SELL,118800,99.89
21-AUG-2026,NSE,bulk_deals,BLBLIMITED,BLB Limited,ACN FINANCIAL SERVICES LTD,SELL,290500,16.01
21-AUG-2026,NSE,bulk_deals,BLEL,Behari Lal Engineering L,QE SECURITIES LLP,SELL,228136,505.18
21-AUG-2026,NSE,bulk_deals,BLEL,Behari Lal Engineering L,MATHISYS QUANTCAP LLP,SELL,224914,505.11
21-AUG-2026,NSE,bulk_deals,CREDENT,Credent Connect N Care L,OM TRADING,SELL,100200,358.54
21-AUG-2026,NSE,bulk_deals,DAVANGERE,Davangere Sugar Company L,ARIHANT CAPITAL MARKETS LIMITED,SELL,7328617,3.0
21-AUG-2026,NSE,bulk_deals,DBSTOCKBRO,DB (Int) Stock Brokers,HI KLASS TRADING & INVESTMENT LIMITED,SELL,220000,30.38
21-AUG-2026,NSE,bulk_deals,GATECH,GACM Technologies Limited,MGO HIGH CONVICTION FUND INCORPORATED VCC SUB-FUND,SELL,18608589,0.91
21-AUG-2026,NSE,bulk_deals,GSMFOILS,GSM Foils Limited,JENIVA ANTONY EPHREM,SELL,199000,92.22
21-AUG-2026,NSE,bulk_deals,GSMFOILS,GSM Foils Limited,MULTIPLIER SHARE & STOCK ADVISORS PRIVATE LIMITED,SELL,99000,91.5
21-AUG-2026,NSE,bulk_deals,KONTOR,Kontor Space Limited,MANISH MUNDADA HUF,SELL,48600,54.97
21-AUG-2026,NSE,bulk_deals,KRONOX,Kronox Lab Sciences Ltd,JUMP TRADING FINANCIAL INDIA PRIVATE LIMITED,SELL,287808,209.87
21-AUG-2026,NSE,bulk_deals,KRONOX,Kronox Lab Sciences Ltd,MICROCURVES TRADING PRIVATE LIMITED,SELL,910038,209.65
21-AUG-2026,NSE,bulk_deals,KRONOX,Kronox Lab Sciences Ltd,JUNOMONETA FINSOL PRIVATE LIMITED,SELL,772632,209.32
21-AUG-2026,NSE,bulk_deals,KRONOX,Kronox Lab Sciences Ltd,VINSUL MAKARDI LTD,SELL,250245,210.03
21-AUG-2026,NSE,bulk_deals,KRONOX,Kronox Lab Sciences Ltd,HRTI PRIVATE LIMITED,SELL,220851,207.81
21-AUG-2026,NSE,bulk_deals,KRONOX,Kronox Lab Sciences Ltd,J4S FINANCIAL SOLUTIONS LLP,SELL,237220,208.56
21-AUG-2026,NSE,bulk_deals,KRONOX,Kronox Lab Sciences Ltd,MUSIGMA SECURITIES,SELL,287649,211.05
21-AUG-2026,NSE,bulk_deals,KRONOX,Kronox Lab Sciences Ltd,CLT RESEARCH TECH PRIVATE LTD,SELL,418317,209.9
21-AUG-2026,NSE,bulk_deals,KRONOX,Kronox Lab Sciences Ltd,NK SECURITIES RESEARCH PRIVATE LIMITED,SELL,1010563,211.05
21-AUG-2026,NSE,bulk_deals,KRONOX,Kronox Lab Sciences Ltd,RAMDOOT REALTORS PVT LTD,SELL,404367,217.5
21-AUG-2026,NSE,bulk_deals,KRONOX,Kronox Lab Sciences Ltd,ALPHAGREP SECURITIES PRIVATE LIMITED,SELL,665501,207.37
21-AUG-2026,NSE,bulk_deals,KRONOX,Kronox Lab Sciences Ltd,GRT STRATEGIC VENTURES LLP,SELL,269340,209.09
21-AUG-2026,NSE,bulk_deals,KRONOX,Kronox Lab Sciences Ltd,IRAGE BROKING SERVICES LLP,SELL,266283,208.49
21-AUG-2026,NSE,bulk_deals,KRONOX,Kronox Lab Sciences Ltd,SILVERLEAF CAPITAL SERVICES PRIVATE LIMITED,SELL,228658,205.67
21-AUG-2026,NSE,bulk_deals,KRONOX,Kronox Lab Sciences Ltd,QE SECURITIES LLP,SELL,627218,206.74
21-AUG-2026,NSE,bulk_deals,KRONOX,Kronox Lab Sciences Ltd,PUMA SECURITIES,SELL,230158,208.62
21-AUG-2026,NSE,bulk_deals,KWIL,Kwality Wall's (India) L,JUNOMONETA FINSOL PRIVATE LIMITED,SELL,13309156,47.64
21-AUG-2026,NSE,bulk_deals,LAMOSAIC,Lamosaic India Limited,EQUIRISE FINANCE AND CONSULTANCY,SELL,61200,56.0
21-AUG-2026,NSE,bulk_deals,LAMOSAIC,Lamosaic India Limited,ALTIZEN VENTURES LLP,SELL,403200,55.93
21-AUG-2026,NSE,bulk_deals,MANCREDIT,Mangal Credit N Fincorp L,KURJIBHAI PREMJIBHAI RUPARELIYA,SELL,110000,218.21
21-AUG-2026,NSE,bulk_deals,MOTISONS,Motisons Jewellers Ltd,ARIHANT CAPITAL MARKETS LIMITED,SELL,12099523,17.0
21-AUG-2026,NSE,bulk_deals,MOTISONS,Motisons Jewellers Ltd,NIRMALKUMAR PAREEK,SELL,6500000,16.96
21-AUG-2026,NSE,bulk_deals,MYSORPETRO,Mysore Petro Chemicals L,GYMKHANA PARTNERS L.P.,SELL,34500,173.29
21-AUG-2026,NSE,bulk_deals,NARMADA,Narmada Agrobase Limited,SILLENIUM INFRA PROJECT PRIVATE LIMITED,SELL,419434,13.72
21-AUG-2026,NSE,bulk_deals,NATIONSTD,National Stand (India) L,NARINDER PAL SINGH,SELL,144433,128.49
21-AUG-2026,NSE,bulk_deals,NKIND,Nk Industries Ltd,AGARWAL SUBHASH,SELL,41734,67.9
21-AUG-2026,NSE,bulk_deals,NKIND,Nk Industries Ltd,AMRITA JAIN,SELL,89852,67.12
21-AUG-2026,NSE,bulk_deals,NXT-INFRA,Nxt-Infra Trust,ACTIS HIGHWAY INFRA LIMITED,SELL,26350000,93.85
21-AUG-2026,NSE,bulk_deals,NXT-INFRA,Nxt-Infra Trust,ACTIS HIGHWAY INFRA LIMITED,SELL,6450000,94.4
21-AUG-2026,NSE,bulk_deals,PROPSHOP,Propshop Events and Exh L,NOVA GLOBAL OPPORTUNITIES FUND PCC - TOUCHSTONE,SELL,168000,69.46
21-AUG-2026,NSE,bulk_deals,PRSMJOHNSN,Prism Johnson LTD,SBI MUTUAL FUND,SELL,6180291,107.97
21-AUG-2026,NSE,bulk_deals,QUADFUTURE,Quadrant Future Tek Ltd,NEO APEX SHARE BROKING SERVICES LLP,SELL,250000,405.35
21-AUG-2026,NSE,bulk_deals,QUADFUTURE,Quadrant Future Tek Ltd,NK SECURITIES RESEARCH PRIVATE LIMITED,SELL,243262,387.21
21-AUG-2026,NSE,bulk_deals,QUADFUTURE,Quadrant Future Tek Ltd,JUMP TRADING FINANCIAL INDIA PRIVATE LIMITED,SELL,225213,386.28
21-AUG-2026,NSE,bulk_deals,QUADFUTURE,Quadrant Future Tek Ltd,MICROCURVES TRADING PRIVATE LIMITED,SELL,254341,390.63
21-AUG-2026,NSE,bulk_deals,RATNAVEER,Ratnaveer Precision Eng L,HRTI PRIVATE LIMITED,SELL,719793,272.39
21-AUG-2026,NSE,bulk_deals,RATNAVEER,Ratnaveer Precision Eng L,JUNOMONETA FINSOL PRIVATE LIMITED,SELL,647006,273.15
21-AUG-2026,NSE,bulk_deals,RATNAVEER,Ratnaveer Precision Eng L,ARIHANT CAPITAL MARKETS LIMITED,SELL,1160322,274.48
21-AUG-2026,NSE,bulk_deals,RATNAVEER,Ratnaveer Precision Eng L,MATHISYS QUANTCAP LLP,SELL,358257,274.57
21-AUG-2026,NSE,bulk_deals,RHETAN,Rhetan TMT Limited,JAGID VANITABEN RAJENDRAPRASAD,SELL,11087999,23.34
21-AUG-2026,NSE,bulk_deals,RIIL,Reliance Indl Infra Ltd,INFINITY DATA TECHNOLOGIES PRIVATE LIMITED,SELL,38873,797.8
21-AUG-2026,NSE,bulk_deals,SAFEENTP,Safe Enter Retail Fix Ltd,SHREESOMNIDHI INFRASOLUTIONS PRIVATE LIMITED,SELL,234000,250.04
21-AUG-2026,NSE,bulk_deals,SHANTIGEAR,Shanthi Gears Ltd,PACIFIC ASSETS TRUST PLC,SELL,2064713,375.3
21-AUG-2026,NSE,bulk_deals,SHIVAUM,Shiv Aum Steels Limited,ARYAMAN CAPITAL MARKETS LIMITED,SELL,88125,445.0
21-AUG-2026,NSE,bulk_deals,TBZ,Trib Bhimji Zaveri Ltd,JUNOMONETA FINSOL PRIVATE LIMITED,SELL,371592,280.42
21-AUG-2026,NSE,bulk_deals,VINEETLAB,Vineet Laboratories Ltd,ARJUN AGGARWAL,SELL,110587,37.83
21-AUG-2026,NSE,bulk_deals,ZAGGLE,Zaggle Prepa Ocean Ser L,QE SECURITIES LLP,SELL,743310,200.09
21-AUG-2026,NSE,block_deals,AMAGI,Amagi Media Labs Limited,UNIVERSITY OF NOTRE DAME DU LAC,BUY,142857,560.0
21-AUG-2026,NSE,block_deals,AMAGI,Amagi Media Labs Limited,SBI MUTUAL FUND,BUY,3248305,560.0
21-AUG-2026,NSE,block_deals,AMAGI,Amagi Media Labs Limited,SUSQUEHANNA PACIFIC PTY LTD,BUY,446429,560.0
21-AUG-2026,NSE,block_deals,AMAGI,Amagi Media Labs Limited,BOFA SECURITIES EUROPE SA,BUY,223231,560.0
21-AUG-2026,NSE,block_deals,AMAGI,Amagi Media Labs Limited,HDFC STANDARD LIFE INSURANCE COMPANY LTD,BUY,1785713,560.0
21-AUG-2026,NSE,block_deals,AMAGI,Amagi Media Labs Limited,ICICI PRUDENTIAL MUTUAL FUND,BUY,934444,560.0
21-AUG-2026,NSE,block_deals,AMAGI,Amagi Media Labs Limited,SBI MUTUAL FUND,BUY,1840979,560.0
21-AUG-2026,NSE,block_deals,AMAGI,Amagi Media Labs Limited,TATA MUTUAL FUND,BUY,446433,560.0
21-AUG-2026,NSE,block_deals,AMAGI,Amagi Media Labs Limited,BOFA SECURITIES EUROPE SA,BUY,223200,560.0
21-AUG-2026,NSE,block_deals,AMAGI,Amagi Media Labs Limited,GP EMERGING MARKETS STRATEGIES LP,BUY,98215,560.0
21-AUG-2026,NSE,block_deals,AMAGI,Amagi Media Labs Limited,EDELWEISS MUTUAL FUND,BUY,446429,560.0
21-AUG-2026,NSE,block_deals,AMAGI,Amagi Media Labs Limited,DT FUND,BUY,205357,560.0
21-AUG-2026,NSE,block_deals,AMAGI,Amagi Media Labs Limited,BARODA BNP PARIBAS MUTUAL FUND,BUY,446429,560.0
21-AUG-2026,NSE,block_deals,NXT-INFRA,Nxt-Infra Trust,LARSEN & TOUBRO LIMITED,BUY,11700000,93.85
21-AUG-2026,NSE,block_deals,NXT-INFRA,Nxt-Infra Trust,KOTAK MAHINDRA BANK LIMITED,BUY,8800000,93.85
21-AUG-2026,NSE,block_deals,NXT-INFRA,Nxt-Infra Trust,KOTAK MAHINDRA INVESTMENTS LIMITED,BUY,5850000,93.85
21-AUG-2026,NSE,block_deals,SHANTIGEAR,Shanthi Gears Ltd,TUBE INVESTMENT OF INDIA LIMITED,BUY,2064713,375.3
21-AUG-2026,NSE,block_deals,AMAGI,Amagi Media Labs Limited,TRUDY HOLDINGS,SELL,3169073,560.0
21-AUG-2026,NSE,block_deals,AMAGI,Amagi Media Labs Limited,AVP I FUND,SELL,1864948,560.0
21-AUG-2026,NSE,block_deals,AMAGI,Amagi Media Labs Limited,ACCEL GROWTH VI HOLDINGS (MAURITIUS) LTD.,SELL,2727000,560.0
21-AUG-2026,NSE,block_deals,AMAGI,Amagi Media Labs Limited,ACCEL INDIA VI (MAURITIUS) LTD.,SELL,2727000,560.0
21-AUG-2026,NSE,block_deals,NXT-INFRA,Nxt-Infra Trust,ACTIS HIGHWAY INFRA LIMITED,SELL,26350000,93.85
21-AUG-2026,NSE,block_deals,SHANTIGEAR,Shanthi Gears Ltd,PACIFIC ASSETS TRUST PLC,SELL,2064713,375.3
21/08/2026,BSE,bulk,511463,ALEXANDER,TATIA FINAANCIAL SERVICES LTD,B,55450.0,7.64
21/08/2026,BSE,bulk,517546,ALFATRAN,SHAH BHAVINBHAI ARVINDBHAI HUF,S,50000.0,35.36
21/08/2026,BSE,bulk,535916,ALSL,L7 HITECH PRIVATE LIMITED,S,236425.0,50.1
21/08/2026,BSE,bulk,544353,AMWILL,GLOBALWORTH SECURITIES LIMITED,S,100800.0,43.26
21/08/2026,BSE,bulk,539335,CALLISTA,ESPS CAPITAL ADVISORS PVT LTD,B,30000.0,162.0
21/08/2026,BSE,bulk,531553,DRL,AVIRAT ENTERPRISE,B,50000.0,35.33
21/08/2026,BSE,bulk,531553,DRL,DEEPTI PANKAJ CHHEDA,B,212606.0,34.76
21/08/2026,BSE,bulk,531553,DRL,DEEPTI PANKAJ CHHEDA,S,2606.0,35.57
21/08/2026,BSE,bulk,531553,DRL,KABRA COMMERCIAL LTD,S,200000.0,35.57
21/08/2026,BSE,bulk,531553,DRL,RAMAWTAR  KABRA,S,80000.0,35.57
21/08/2026,BSE,bulk,531553,DRL,DIPTI KETAN MEHTA,B,100000.0,35.57
21/08/2026,BSE,bulk,531553,DRL,MAYA TEXTURISERS PRIVATE LIMITED,S,195000.0,32.54
21/08/2026,BSE,bulk,531553,DRL,ASHWINI NIRAJ SINGH,B,150000.0,32.5
21/08/2026,BSE,bulk,544876,ENS,GOLDENDUNES BUILDERS AND DEVELOPERS PRIVATE LIMITED,B,142800.0,100.32
21/08/2026,BSE,bulk,544876,ENS,KIFS  ENTERPRISE,B,82800.0,96.39
21/08/2026,BSE,bulk,544876,ENS,VIKASA INDIA EIF I FUND - SHARE CLASS N,B,260400.0,96.0
21/08/2026,BSE,bulk,544876,ENS,RAJASTHAN GLOBAL SECURITIES PRIVATE LIMITED,S,253200.0,96.0
21/08/2026,BSE,bulk,544876,ENS,RGSL INVESTMENT LVF 1,S,172800.0,96.0
21/08/2026,BSE,bulk,544876,ENS,ORIENEDGE,B,264000.0,96.8
21/08/2026,BSE,bulk,521137,EUREKAI,AVULA SANDEEP MOHAN RAO,B,48000.0,5.7
21/08/2026,BSE,bulk,512443,GANONPRO,RIPPLE  GUPTA,S,47500.0,7.51
21/08/2026,BSE,bulk,531723,GATECH,L7 HITECH PRIVATE LIMITED,B,8077707.0,0.93
21/08/2026,BSE,bulk,543520,GLHRL,LALIT PRASAD,S,98000.0,9.85
21/08/2026,BSE,bulk,543520,GLHRL,YOGESHKUMAR RASIKLAL SANGHAVI,S,60000.0,10.46
21/08/2026,BSE,bulk,544759,GLPL,SAMURAI SECURITIES PVT LTD,B,51000.0,41.05
21/08/2026,BSE,bulk,544759,GLPL,SAMURAI SECURITIES PVT LTD,S,51000.0,40.89
21/08/2026,BSE,bulk,544759,GLPL,UPSURGE OPPORTUNITIES FUND 1,S,51000.0,41.05
21/08/2026,BSE,bulk,544759,GLPL,KAILASH KABRA,B,72000.0,41.01
21/08/2026,BSE,bulk,544759,GLPL,KAILASH KABRA,S,72000.0,41.03
21/08/2026,BSE,bulk,541627,GUJWIND,KREON FINNANCIAL SERVICES LIMITED,B,40000.0,8.91
21/08/2026,BSE,bulk,541627,GUJWIND,PANKAJ GUPTA,S,30000.0,8.9
21/08/2026,BSE,bulk,544834,GULFLLOYDS,F3 ADVISORS PRIVATE LIMITED,S,26400.0,42.67
21/08/2026,BSE,bulk,544834,GULFLLOYDS,F3 ADVISORS PRIVATE LIMITED,B,38400.0,42.51
21/08/2026,BSE,bulk,544834,GULFLLOYDS,BONANZA PORTFOLIO LIMITED,B,73200.0,42.42
21/08/2026,BSE,bulk,544834,GULFLLOYDS,BONANZA PORTFOLIO LIMITED,S,58800.0,42.33
21/08/2026,BSE,bulk,544834,GULFLLOYDS,GREEN PEAKS ENTERPRISES LLP,S,33600.0,42.52
21/08/2026,BSE,bulk,544834,GULFLLOYDS,GREEN PEAKS ENTERPRISES LLP,B,34800.0,42.4
21/08/2026,BSE,bulk,544834,GULFLLOYDS,IMRAN KHAN,B,12000.0,41.06
21/08/2026,BSE,bulk,544834,GULFLLOYDS,IMRAN KHAN,S,57600.0,42.67
21/08/2026,BSE,bulk,544160,JAYKAILASH,MAHAM HAMAJAKHAN MAHAM HANIFKHAN PATHAN,B,49600.0,60.45
21/08/2026,BSE,bulk,544160,JAYKAILASH,MONEYPLANT GOLD & JEWELLERY TRADING L.L.C,B,8000.0,62.78
21/08/2026,BSE,bulk,544160,JAYKAILASH,MONEYPLANT GOLD & JEWELLERY TRADING L.L.C,S,68800.0,59.88
21/08/2026,BSE,bulk,531780,KACL,FARAAZ IRFAN CHAPRA,B,350.0,6.15
21/08/2026,BSE,bulk,531780,KACL,FARAAZ IRFAN CHAPRA,S,350000.0,6.2
21/08/2026,BSE,bulk,531780,KACL,IRFAN ISMAIL CHAPRA,B,349750.0,6.2
21/08/2026,BSE,bulk,532054,KDDL,SETU SECURITIES PVT LTD,S,39701.0,3722.96
21/08/2026,BSE,bulk,532054,KDDL,SETU SECURITIES PVT LTD,B,72701.0,3650.05
21/08/2026,BSE,bulk,532054,KDDL,CLARUS CAPITAL 1,B,132086.0,3650.0
21/08/2026,BSE,bulk,532054,KDDL,PRANAV SHANKAR SABOO,S,246000.0,3650.81
21/08/2026,BSE,bulk,544187,KRONOX,IRAGE BROKING SERVICES LLP,B,209337.0,208.09
21/08/2026,BSE,bulk,544187,KRONOX,IRAGE BROKING SERVICES LLP,S,345815.0,210.44
21/08/2026,BSE,bulk,539408,KUBERJI,RV FINTECH,B,17437.0,41.98
21/08/2026,BSE,bulk,532164,MINOLTAF,COMELY ELECTRICAL PRIVATE LIMITED,B,600000.0,1.32
21/08/2026,BSE,bulk,532164,MINOLTAF,BETTER MERCANTILE PRIVATE LIMITED,S,640392.0,1.32
21/08/2026,BSE,bulk,544373,NAPSGLOBAL,RAJESH BHIMSEN SANGTANI,S,38400.0,46.39
21/08/2026,BSE,bulk,544373,NAPSGLOBAL,MANISH UPENDRA SHANGHVI,B,33600.0,46.3
21/08/2026,BSE,bulk,517554,NHCFOODS,VEER PRATAP SINGH,B,4295000.0,1.79
21/08/2026,BSE,bulk,544685,SHADOWFAX,QUALCOMM ASIA PACIFIC PTE LIMITED,S,7500000.0,245.13
21/08/2026,BSE,bulk,523309,SHRIGANG,SARVASHAKTIMAN TRADERS PVT LTD,S,152159.0,61.66
21/08/2026,BSE,bulk,513472,SIMPLEXCAS,MSB E TRADE SECURITIES LIMITED,S,296133.0,122.13
21/08/2026,BSE,bulk,513472,SIMPLEXCAS,MSB E TRADE SECURITIES LIMITED,B,296133.0,121.75
21/08/2026,BSE,bulk,511447,SYLPH,KREDENCE MULTI TRADING LIMITED,S,20700000.0,0.21
21/08/2026,BSE,bulk,544877,TECHNOCRAT,MC JAIN INFOSERVICES PRIVATE LIMITED,B,100000.0,230.0
21/08/2026,BSE,bulk,544877,TECHNOCRAT,SETU SECURITIES PVT LTD,B,180000.0,226.92
21/08/2026,BSE,bulk,544877,TECHNOCRAT,RCSPL SHARE BROKING PRIVATE LIMITED,B,1000.0,241.5
21/08/2026,BSE,bulk,544877,TECHNOCRAT,RCSPL SHARE BROKING PRIVATE LIMITED,S,116000.0,230.1
21/08/2026,BSE,bulk,544877,TECHNOCRAT,MLB STOCK BROKING PRIVATE LIMITED,B,180000.0,228.52
21/08/2026,BSE,bulk,543310,TIMESGREEN,RACHANA  SINGHI,S,36000.0,81.5
21/08/2026,BSE,bulk,543310,TIMESGREEN,ADARSH  SINGHI,B,36000.0,81.5
21/08/2026,BSE,bulk,544740,TIPCO,KHUSHBOO SIDDHARTH NAHAR,B,185600.0,206.3
21/08/2026,BSE,bulk,531257,VELLORA,SANJAY SADASHIVRAO SHINDE,B,40000.0,15.17
21/08/2026,BSE,bulk,532354,VIRGOGLOB,KAPADIA FINWEALTH LLP  .,S,84360.0,3.12
21/08/2026,BSE,bulk,532354,VIRGOGLOB,MICRO SPARK VENTURES LLP,B,100000.0,3.12
21/08/2026,BSE,bulk,532354,VIRGOGLOB,RAJ BREEDERS AND HATCHERIES PRIVATE LIMITED,B,100000.0,3.09
17/08/2026,BSE,block,543542,KESAR,MINERVA VENTURES FUND,B,1178000.0,1265.0
17/08/2026,BSE,block,543542,KESAR,FORBES EMF,S,1178000.0,1265.0
17/08/2026,BSE,block,503811,SIYSIL,DPP ENTERPRISES LLP,B,582900.0,620.0
17/08/2026,BSE,block,503811,SIYSIL,HARSHIT SHRIKISHAN PODDAR,S,582900.0,620.0
21-AUG-2026,NSE,bulk_deals,AHIMSA,Ahimsa Industries Ltd.,BHANSALI VALUE CREATIONS PVT LTD,BUY,81000,28.5
21-AUG-2026,NSE,bulk_deals,ALLCARGO,Allcargo Logistics Ltd,HRTI PRIVATE LIMITED,BUY,6668362,11.67
21-AUG-2026,NSE,bulk_deals,AMAGI,Amagi Media Labs Limited,SBI MUTUAL FUND,BUY,3248305,560.0
21-AUG-2026,NSE,bulk_deals,AMAGI,Amagi Media Labs Limited,SBI MUTUAL FUND,BUY,1840979,560.0
21-AUG-2026,NSE,bulk_deals,AMAGI,Amagi Media Labs Limited,HDFC STANDARD LIFE INSURANCE COMPANY LTD,BUY,1785713,560.0
21-AUG-2026,NSE,bulk_deals,ATALREAL,Atal Realtech Limited,ACME CAPITAL MARKET LIMITED,BUY,2283786,33.72
21-AUG-2026,NSE,bulk_deals,ATALREAL,Atal Realtech Limited,HRTI PRIVATE LIMITED,BUY,1172196,33.7
21-AUG-2026,NSE,bulk_deals,ATALREAL,Atal Realtech Limited,ALTIZEN VENTURES LLP,BUY,1678324,33.59
21-AUG-2026,NSE,bulk_deals,ATALREAL,Atal Realtech Limited,CHAUBARA EATS PRIVATE LIMITED,BUY,895811,33.92
21-AUG-2026,NSE,bulk_deals,AVADHSUGAR,Avadh Sug & Energy Ltd,AMAN KUMAR SONTHALIA,BUY,120000,809.91
21-AUG-2026,NSE,bulk_deals,BLEL,Behari Lal Engineering L,QE SECURITIES LLP,BUY,218835,503.19
21-AUG-2026,NSE,bulk_deals,BLEL,Behari Lal Engineering L,MATHISYS QUANTCAP LLP,BUY,217647,504.66
21-AUG-2026,NSE,bulk_deals,CREDENT,Credent Connect N Care L,NEO APEX SHARE BROKING SERVICES LLP,BUY,144000,358.2
21-AUG-2026,NSE,bulk_deals,DAVANGERE,Davangere Sugar Company L,ARIHANT CAPITAL MARKETS LIMITED,BUY,6542597,3.0
21-AUG-2026,NSE,bulk_deals,DBSTOCKBRO,DB (Int) Stock Brokers,ORCHARD ROAD PROPERTIES PVT LT,BUY,220000,30.38
21-AUG-2026,NSE,bulk_deals,GSMFOILS,GSM Foils Limited,MULTIPLIER SHARE & STOCK ADVISORS PRIVATE LIMITED,BUY,14000,84.1
21-AUG-2026,NSE,bulk_deals,KRONOX,Kronox Lab Sciences Ltd,MUSIGMA SECURITIES,BUY,287649,210.97
21-AUG-2026,NSE,bulk_deals,KRONOX,Kronox Lab Sciences Ltd,CLT RESEARCH TECH PRIVATE LTD,BUY,418317,209.82
21-AUG-2026,NSE,bulk_deals,KRONOX,Kronox Lab Sciences Ltd,RAMDOOT REALTORS PVT LTD,BUY,404367,217.89
21-AUG-2026,NSE,bulk_deals,KRONOX,Kronox Lab Sciences Ltd,SILVERLEAF CAPITAL SERVICES PRIVATE LIMITED,BUY,228658,205.69
21-AUG-2026,NSE,bulk_deals,KRONOX,Kronox Lab Sciences Ltd,PUMA SECURITIES,BUY,230158,208.66
21-AUG-2026,NSE,bulk_deals,KRONOX,Kronox Lab Sciences Ltd,VINSUL MAKARDI LTD,BUY,250245,210.05
21-AUG-2026,NSE,bulk_deals,KRONOX,Kronox Lab Sciences Ltd,J4S FINANCIAL SOLUTIONS LLP,BUY,237220,208.34
21-AUG-2026,NSE,bulk_deals,KRONOX,Kronox Lab Sciences Ltd,MICROCURVES TRADING PRIVATE LIMITED,BUY,910038,209.54
21-AUG-2026,NSE,bulk_deals,KRONOX,Kronox Lab Sciences Ltd,JUNOMONETA FINSOL PRIVATE LIMITED,BUY,791172,209.22
21-AUG-2026,NSE,bulk_deals,KRONOX,Kronox Lab Sciences Ltd,JUMP TRADING FINANCIAL INDIA PRIVATE LIMITED,BUY,287808,209.61
21-AUG-2026,NSE,bulk_deals,KRONOX,Kronox Lab Sciences Ltd,HRTI PRIVATE LIMITED,BUY,209513,207.4
21-AUG-2026,NSE,bulk_deals,KRONOX,Kronox Lab Sciences Ltd,QE SECURITIES LLP,BUY,622248,206.81
21-AUG-2026,NSE,bulk_deals,KRONOX,Kronox Lab Sciences Ltd,IRAGE BROKING SERVICES LLP,BUY,402761,210.14
21-AUG-2026,NSE,bulk_deals,KRONOX,Kronox Lab Sciences Ltd,GRT STRATEGIC VENTURES LLP,BUY,269340,209.02
21-AUG-2026,NSE,bulk_deals,KRONOX,Kronox Lab Sciences Ltd,ALPHAGREP SECURITIES PRIVATE LIMITED,BUY,665501,207.29
21-AUG-2026,NSE,bulk_deals,KRONOX,Kronox Lab Sciences Ltd,NK SECURITIES RESEARCH PRIVATE LIMITED,BUY,1010563,210.92
21-AUG-2026,NSE,bulk_deals,KWIL,Kwality Wall's (India) L,JUNOMONETA FINSOL PRIVATE LIMITED,BUY,13326862,47.6
21-AUG-2026,NSE,bulk_deals,LAMOSAIC,Lamosaic India Limited,NOPEA CAPITAL SERVICES PRIVATE LIMITED,BUY,354000,56.0
21-AUG-2026,NSE,bulk_deals,MOTISONS,Motisons Jewellers Ltd,ARIHANT CAPITAL MARKETS LIMITED,BUY,12099523,16.98
21-AUG-2026,NSE,bulk_deals,NKIND,Nk Industries Ltd,AMRITA JAIN,BUY,105283,67.42
21-AUG-2026,NSE,bulk_deals,NKIND,Nk Industries Ltd,AGARWAL SUBHASH,BUY,1235,59.99
21-AUG-2026,NSE,bulk_deals,NXT-INFRA,Nxt-Infra Trust,LGT WEALTH INDIA PRIVATE LIMITED,BUY,3575000,94.1
21-AUG-2026,NSE,bulk_deals,NXT-INFRA,Nxt-Infra Trust,KOTAK MAHINDRA BANK LIMITED,BUY,8800000,93.85
21-AUG-2026,NSE,bulk_deals,NXT-INFRA,Nxt-Infra Trust,LARSEN & TOUBRO LIMITED,BUY,11700000,93.85
21-AUG-2026,NSE,bulk_deals,NXT-INFRA,Nxt-Infra Trust,KOTAK MAHINDRA INVESTMENTS LIMITED,BUY,5850000,93.85
21-AUG-2026,NSE,bulk_deals,PRSMJOHNSN,Prism Johnson LTD,SBI MUTUAL FUND,BUY,6176178,107.97
21-AUG-2026,NSE,bulk_deals,QUADFUTURE,Quadrant Future Tek Ltd,NEO APEX SHARE BROKING SERVICES LLP,BUY,296596,405.35
21-AUG-2026,NSE,bulk_deals,QUADFUTURE,Quadrant Future Tek Ltd,NK SECURITIES RESEARCH PRIVATE LIMITED,BUY,242956,387.01
21-AUG-2026,NSE,bulk_deals,QUADFUTURE,Quadrant Future Tek Ltd,JUMP TRADING FINANCIAL INDIA PRIVATE LIMITED,BUY,225213,386.12
21-AUG-2026,NSE,bulk_deals,QUADFUTURE,Quadrant Future Tek Ltd,MICROCURVES TRADING PRIVATE LIMITED,BUY,254341,390.23
21-AUG-2026,NSE,bulk_deals,RATNAVEER,Ratnaveer Precision Eng L,ARIHANT CAPITAL MARKETS LIMITED,BUY,1158388,273.33
21-AUG-2026,NSE,bulk_deals,RATNAVEER,Ratnaveer Precision Eng L,MATHISYS QUANTCAP LLP,BUY,346451,274.14
21-AUG-2026,NSE,bulk_deals,RATNAVEER,Ratnaveer Precision Eng L,HRTI PRIVATE LIMITED,BUY,795365,272.33
21-AUG-2026,NSE,bulk_deals,RATNAVEER,Ratnaveer Precision Eng L,JUNOMONETA FINSOL PRIVATE LIMITED,BUY,684572,273.25
21-AUG-2026,NSE,bulk_deals,RHETAN,Rhetan TMT Limited,JAGID VANITABEN RAJENDRAPRASAD,BUY,8909381,22.78
21-AUG-2026,NSE,bulk_deals,RIIL,Reliance Indl Infra Ltd,INFINITY DATA TECHNOLOGIES PRIVATE LIMITED,BUY,89915,793.07
21-AUG-2026,NSE,bulk_deals,SHANTIGEAR,Shanthi Gears Ltd,TUBE INVESTMENT OF INDIA LIMITED,BUY,2064713,375.3
21-AUG-2026,NSE,bulk_deals,SHIVAUM,Shiv Aum Steels Limited,ARIHANT CAPITAL MARKETS LIMITED,BUY,89293,444.99
21-AUG-2026,NSE,bulk_deals,SKYTECH,Skytech Infinite Platfm L,KAMAL KUMAR KABRA,BUY,134400,74.0
21-AUG-2026,NSE,bulk_deals,TBZ,Trib Bhimji Zaveri Ltd,JUNOMONETA FINSOL PRIVATE LIMITED,BUY,368884,280.24
21-AUG-2026,NSE,bulk_deals,VINEETLAB,Vineet Laboratories Ltd,SUJATA KUMARI JHA,BUY,109870,37.77
21-AUG-2026,NSE,bulk_deals,ZAGGLE,Zaggle Prepa Ocean Ser L,QE SECURITIES LLP,BUY,779444,200.12
21-AUG-2026,NSE,bulk_deals,AHIMSA,Ahimsa Industries Ltd.,ABHAY CHANDRAKANT LAKHANI,SELL,87000,28.5
21-AUG-2026,NSE,bulk_deals,ALLCARGO,Allcargo Logistics Ltd,HRTI PRIVATE LIMITED,SELL,7733215,11.75
21-AUG-2026,NSE,bulk_deals,AMAGI,Amagi Media Labs Limited,TRUDY HOLDINGS,SELL,3169073,560.0
21-AUG-2026,NSE,bulk_deals,AMAGI,Amagi Media Labs Limited,AVP I FUND,SELL,1864948,560.0
21-AUG-2026,NSE,bulk_deals,AMAGI,Amagi Media Labs Limited,ACCEL INDIA VI (MAURITIUS) LTD.,SELL,2727000,560.0
21-AUG-2026,NSE,bulk_deals,AMAGI,Amagi Media Labs Limited,ACCEL GROWTH VI HOLDINGS (MAURITIUS) LTD.,SELL,2727000,560.0
21-AUG-2026,NSE,bulk_deals,ATALREAL,Atal Realtech Limited,ACME CAPITAL MARKET LIMITED,SELL,2383786,33.57
21-AUG-2026,NSE,bulk_deals,ATALREAL,Atal Realtech Limited,HRTI PRIVATE LIMITED,SELL,1194149,33.73
21-AUG-2026,NSE,bulk_deals,ATALREAL,Atal Realtech Limited,ALTIZEN VENTURES LLP,SELL,895001,33.74
21-AUG-2026,NSE,bulk_deals,ATALREAL,Atal Realtech Limited,CHAUBARA EATS PRIVATE LIMITED,SELL,895811,33.87
21-AUG-2026,NSE,bulk_deals,AVADHSUGAR,Avadh Sug & Energy Ltd,AMAN KUMAR SONTHALIA,SELL,1000,850.0
21-AUG-2026,NSE,bulk_deals,BIOPOL,Biopol Chemicals Limited,BEACON STONE CAPITAL VCC - BEACON STONE I,SELL,118800,99.89
21-AUG-2026,NSE,bulk_deals,BLBLIMITED,BLB Limited,ACN FINANCIAL SERVICES LTD,SELL,290500,16.01
21-AUG-2026,NSE,bulk_deals,BLEL,Behari Lal Engineering L,QE SECURITIES LLP,SELL,228136,505.18
21-AUG-2026,NSE,bulk_deals,BLEL,Behari Lal Engineering L,MATHISYS QUANTCAP LLP,SELL,224914,505.11
21-AUG-2026,NSE,bulk_deals,CREDENT,Credent Connect N Care L,OM TRADING,SELL,100200,358.54
21-AUG-2026,NSE,bulk_deals,DAVANGERE,Davangere Sugar Company L,ARIHANT CAPITAL MARKETS LIMITED,SELL,7328617,3.0
21-AUG-2026,NSE,bulk_deals,DBSTOCKBRO,DB (Int) Stock Brokers,HI KLASS TRADING & INVESTMENT LIMITED,SELL,220000,30.38
21-AUG-2026,NSE,bulk_deals,GATECH,GACM Technologies Limited,MGO HIGH CONVICTION FUND INCORPORATED VCC SUB-FUND,SELL,18608589,0.91
21-AUG-2026,NSE,bulk_deals,GSMFOILS,GSM Foils Limited,JENIVA ANTONY EPHREM,SELL,199000,92.22
21-AUG-2026,NSE,bulk_deals,GSMFOILS,GSM Foils Limited,MULTIPLIER SHARE & STOCK ADVISORS PRIVATE LIMITED,SELL,99000,91.5
21-AUG-2026,NSE,bulk_deals,KONTOR,Kontor Space Limited,MANISH MUNDADA HUF,SELL,48600,54.97
21-AUG-2026,NSE,bulk_deals,KRONOX,Kronox Lab Sciences Ltd,JUMP TRADING FINANCIAL INDIA PRIVATE LIMITED,SELL,287808,209.87
21-AUG-2026,NSE,bulk_deals,KRONOX,Kronox Lab Sciences Ltd,MICROCURVES TRADING PRIVATE LIMITED,SELL,910038,209.65
21-AUG-2026,NSE,bulk_deals,KRONOX,Kronox Lab Sciences Ltd,JUNOMONETA FINSOL PRIVATE LIMITED,SELL,772632,209.32
21-AUG-2026,NSE,bulk_deals,KRONOX,Kronox Lab Sciences Ltd,VINSUL MAKARDI LTD,SELL,250245,210.03
21-AUG-2026,NSE,bulk_deals,KRONOX,Kronox Lab Sciences Ltd,HRTI PRIVATE LIMITED,SELL,220851,207.81
21-AUG-2026,NSE,bulk_deals,KRONOX,Kronox Lab Sciences Ltd,J4S FINANCIAL SOLUTIONS LLP,SELL,237220,208.56
21-AUG-2026,NSE,bulk_deals,KRONOX,Kronox Lab Sciences Ltd,MUSIGMA SECURITIES,SELL,287649,211.05
21-AUG-2026,NSE,bulk_deals,KRONOX,Kronox Lab Sciences Ltd,CLT RESEARCH TECH PRIVATE LTD,SELL,418317,209.9
21-AUG-2026,NSE,bulk_deals,KRONOX,Kronox Lab Sciences Ltd,NK SECURITIES RESEARCH PRIVATE LIMITED,SELL,1010563,211.05
21-AUG-2026,NSE,bulk_deals,KRONOX,Kronox Lab Sciences Ltd,RAMDOOT REALTORS PVT LTD,SELL,404367,217.5
21-AUG-2026,NSE,bulk_deals,KRONOX,Kronox Lab Sciences Ltd,ALPHAGREP SECURITIES PRIVATE LIMITED,SELL,665501,207.37
21-AUG-2026,NSE,bulk_deals,KRONOX,Kronox Lab Sciences Ltd,GRT STRATEGIC VENTURES LLP,SELL,269340,209.09
21-AUG-2026,NSE,bulk_deals,KRONOX,Kronox Lab Sciences Ltd,IRAGE BROKING SERVICES LLP,SELL,266283,208.49
21-AUG-2026,NSE,bulk_deals,KRONOX,Kronox Lab Sciences Ltd,SILVERLEAF CAPITAL SERVICES PRIVATE LIMITED,SELL,228658,205.67
21-AUG-2026,NSE,bulk_deals,KRONOX,Kronox Lab Sciences Ltd,QE SECURITIES LLP,SELL,627218,206.74
21-AUG-2026,NSE,bulk_deals,KRONOX,Kronox Lab Sciences Ltd,PUMA SECURITIES,SELL,230158,208.62
21-AUG-2026,NSE,bulk_deals,KWIL,Kwality Wall's (India) L,JUNOMONETA FINSOL PRIVATE LIMITED,SELL,13309156,47.64
21-AUG-2026,NSE,bulk_deals,LAMOSAIC,Lamosaic India Limited,EQUIRISE FINANCE AND CONSULTANCY,SELL,61200,56.0
21-AUG-2026,NSE,bulk_deals,LAMOSAIC,Lamosaic India Limited,ALTIZEN VENTURES LLP,SELL,403200,55.93
21-AUG-2026,NSE,bulk_deals,MANCREDIT,Mangal Credit N Fincorp L,KURJIBHAI PREMJIBHAI RUPARELIYA,SELL,110000,218.21
21-AUG-2026,NSE,bulk_deals,MOTISONS,Motisons Jewellers Ltd,ARIHANT CAPITAL MARKETS LIMITED,SELL,12099523,17.0
21-AUG-2026,NSE,bulk_deals,MOTISONS,Motisons Jewellers Ltd,NIRMALKUMAR PAREEK,SELL,6500000,16.96
21-AUG-2026,NSE,bulk_deals,MYSORPETRO,Mysore Petro Chemicals L,GYMKHANA PARTNERS L.P.,SELL,34500,173.29
21-AUG-2026,NSE,bulk_deals,NARMADA,Narmada Agrobase Limited,SILLENIUM INFRA PROJECT PRIVATE LIMITED,SELL,419434,13.72
21-AUG-2026,NSE,bulk_deals,NATIONSTD,National Stand (India) L,NARINDER PAL SINGH,SELL,144433,128.49
21-AUG-2026,NSE,bulk_deals,NKIND,Nk Industries Ltd,AGARWAL SUBHASH,SELL,41734,67.9
21-AUG-2026,NSE,bulk_deals,NKIND,Nk Industries Ltd,AMRITA JAIN,SELL,89852,67.12
21-AUG-2026,NSE,bulk_deals,NXT-INFRA,Nxt-Infra Trust,ACTIS HIGHWAY INFRA LIMITED,SELL,26350000,93.85
21-AUG-2026,NSE,bulk_deals,NXT-INFRA,Nxt-Infra Trust,ACTIS HIGHWAY INFRA LIMITED,SELL,6450000,94.4
21-AUG-2026,NSE,bulk_deals,PROPSHOP,Propshop Events and Exh L,NOVA GLOBAL OPPORTUNITIES FUND PCC - TOUCHSTONE,SELL,168000,69.46
21-AUG-2026,NSE,bulk_deals,PRSMJOHNSN,Prism Johnson LTD,SBI MUTUAL FUND,SELL,6180291,107.97
21-AUG-2026,NSE,bulk_deals,QUADFUTURE,Quadrant Future Tek Ltd,NEO APEX SHARE BROKING SERVICES LLP,SELL,250000,405.35
21-AUG-2026,NSE,bulk_deals,QUADFUTURE,Quadrant Future Tek Ltd,NK SECURITIES RESEARCH PRIVATE LIMITED,SELL,243262,387.21
21-AUG-2026,NSE,bulk_deals,QUADFUTURE,Quadrant Future Tek Ltd,JUMP TRADING FINANCIAL INDIA PRIVATE LIMITED,SELL,225213,386.28
21-AUG-2026,NSE,bulk_deals,QUADFUTURE,Quadrant Future Tek Ltd,MICROCURVES TRADING PRIVATE LIMITED,SELL,254341,390.63
21-AUG-2026,NSE,bulk_deals,RATNAVEER,Ratnaveer Precision Eng L,HRTI PRIVATE LIMITED,SELL,719793,272.39
21-AUG-2026,NSE,bulk_deals,RATNAVEER,Ratnaveer Precision Eng L,JUNOMONETA FINSOL PRIVATE LIMITED,SELL,647006,273.15
21-AUG-2026,NSE,bulk_deals,RATNAVEER,Ratnaveer Precision Eng L,ARIHANT CAPITAL MARKETS LIMITED,SELL,1160322,274.48
21-AUG-2026,NSE,bulk_deals,RATNAVEER,Ratnaveer Precision Eng L,MATHISYS QUANTCAP LLP,SELL,358257,274.57
21-AUG-2026,NSE,bulk_deals,RHETAN,Rhetan TMT Limited,JAGID VANITABEN RAJENDRAPRASAD,SELL,11087999,23.34
21-AUG-2026,NSE,bulk_deals,RIIL,Reliance Indl Infra Ltd,INFINITY DATA TECHNOLOGIES PRIVATE LIMITED,SELL,38873,797.8
21-AUG-2026,NSE,bulk_deals,SAFEENTP,Safe Enter Retail Fix Ltd,SHREESOMNIDHI INFRASOLUTIONS PRIVATE LIMITED,SELL,234000,250.04
21-AUG-2026,NSE,bulk_deals,SHANTIGEAR,Shanthi Gears Ltd,PACIFIC ASSETS TRUST PLC,SELL,2064713,375.3
21-AUG-2026,NSE,bulk_deals,SHIVAUM,Shiv Aum Steels Limited,ARYAMAN CAPITAL MARKETS LIMITED,SELL,88125,445.0
21-AUG-2026,NSE,bulk_deals,TBZ,Trib Bhimji Zaveri Ltd,JUNOMONETA FINSOL PRIVATE LIMITED,SELL,371592,280.42
21-AUG-2026,NSE,bulk_deals,VINEETLAB,Vineet Laboratories Ltd,ARJUN AGGARWAL,SELL,110587,37.83
21-AUG-2026,NSE,bulk_deals,ZAGGLE,Zaggle Prepa Ocean Ser L,QE SECURITIES LLP,SELL,743310,200.09
21-AUG-2026,NSE,block_deals,AMAGI,Amagi Media Labs Limited,UNIVERSITY OF NOTRE DAME DU LAC,BUY,142857,560.0
21-AUG-2026,NSE,block_deals,AMAGI,Amagi Media Labs Limited,SBI MUTUAL FUND,BUY,3248305,560.0
21-AUG-2026,NSE,block_deals,AMAGI,Amagi Media Labs Limited,SUSQUEHANNA PACIFIC PTY LTD,BUY,446429,560.0
21-AUG-2026,NSE,block_deals,AMAGI,Amagi Media Labs Limited,BOFA SECURITIES EUROPE SA,BUY,223231,560.0
21-AUG-2026,NSE,block_deals,AMAGI,Amagi Media Labs Limited,HDFC STANDARD LIFE INSURANCE COMPANY LTD,BUY,1785713,560.0
21-AUG-2026,NSE,block_deals,AMAGI,Amagi Media Labs Limited,ICICI PRUDENTIAL MUTUAL FUND,BUY,934444,560.0
21-AUG-2026,NSE,block_deals,AMAGI,Amagi Media Labs Limited,SBI MUTUAL FUND,BUY,1840979,560.0
21-AUG-2026,NSE,block_deals,AMAGI,Amagi Media Labs Limited,TATA MUTUAL FUND,BUY,446433,560.0
21-AUG-2026,NSE,block_deals,AMAGI,Amagi Media Labs Limited,BOFA SECURITIES EUROPE SA,BUY,223200,560.0
21-AUG-2026,NSE,block_deals,AMAGI,Amagi Media Labs Limited,GP EMERGING MARKETS STRATEGIES LP,BUY,98215,560.0
21-AUG-2026,NSE,block_deals,AMAGI,Amagi Media Labs Limited,EDELWEISS MUTUAL FUND,BUY,446429,560.0
21-AUG-2026,NSE,block_deals,AMAGI,Amagi Media Labs Limited,DT FUND,BUY,205357,560.0
21-AUG-2026,NSE,block_deals,AMAGI,Amagi Media Labs Limited,BARODA BNP PARIBAS MUTUAL FUND,BUY,446429,560.0
21-AUG-2026,NSE,block_deals,NXT-INFRA,Nxt-Infra Trust,LARSEN & TOUBRO LIMITED,BUY,11700000,93.85
21-AUG-2026,NSE,block_deals,NXT-INFRA,Nxt-Infra Trust,KOTAK MAHINDRA BANK LIMITED,BUY,8800000,93.85
21-AUG-2026,NSE,block_deals,NXT-INFRA,Nxt-Infra Trust,KOTAK MAHINDRA INVESTMENTS LIMITED,BUY,5850000,93.85
21-AUG-2026,NSE,block_deals,SHANTIGEAR,Shanthi Gears Ltd,TUBE INVESTMENT OF INDIA LIMITED,BUY,2064713,375.3
21-AUG-2026,NSE,block_deals,AMAGI,Amagi Media Labs Limited,TRUDY HOLDINGS,SELL,3169073,560.0
21-AUG-2026,NSE,block_deals,AMAGI,Amagi Media Labs Limited,AVP I FUND,SELL,1864948,560.0
21-AUG-2026,NSE,block_deals,AMAGI,Amagi Media Labs Limited,ACCEL GROWTH VI HOLDINGS (MAURITIUS) LTD.,SELL,2727000,560.0
21-AUG-2026,NSE,block_deals,AMAGI,Amagi Media Labs Limited,ACCEL INDIA VI (MAURITIUS) LTD.,SELL,2727000,560.0
21-AUG-2026,NSE,block_deals,NXT-INFRA,Nxt-Infra Trust,ACTIS HIGHWAY INFRA LIMITED,SELL,26350000,93.85
21-AUG-2026,NSE,block_deals,SHANTIGEAR,Shanthi Gears Ltd,PACIFIC ASSETS TRUST PLC,SELL,2064713,375.3
21/08/2026,BSE,bulk,511463,ALEXANDER,TATIA FINAANCIAL SERVICES LTD,B,55450.0,7.64
21/08/2026,BSE,bulk,517546,ALFATRAN,SHAH BHAVINBHAI ARVINDBHAI HUF,S,50000.0,35.36
21/08/2026,BSE,bulk,535916,ALSL,L7 HITECH PRIVATE LIMITED,S,236425.0,50.1
21/08/2026,BSE,bulk,544353,AMWILL,GLOBALWORTH SECURITIES LIMITED,S,100800.0,43.26
21/08/2026,BSE,bulk,539335,CALLISTA,ESPS CAPITAL ADVISORS PVT LTD,B,30000.0,162.0
21/08/2026,BSE,bulk,531553,DRL,AVIRAT ENTERPRISE,B,50000.0,35.33
21/08/2026,BSE,bulk,531553,DRL,DEEPTI PANKAJ CHHEDA,B,212606.0,34.76
21/08/2026,BSE,bulk,531553,DRL,DEEPTI PANKAJ CHHEDA,S,2606.0,35.57
21/08/2026,BSE,bulk,531553,DRL,KABRA COMMERCIAL LTD,S,200000.0,35.57
21/08/2026,BSE,bulk,531553,DRL,RAMAWTAR  KABRA,S,80000.0,35.57
21/08/2026,BSE,bulk,531553,DRL,DIPTI KETAN MEHTA,B,100000.0,35.57
21/08/2026,BSE,bulk,531553,DRL,MAYA TEXTURISERS PRIVATE LIMITED,S,195000.0,32.54
21/08/2026,BSE,bulk,531553,DRL,ASHWINI NIRAJ SINGH,B,150000.0,32.5
21/08/2026,BSE,bulk,544876,ENS,GOLDENDUNES BUILDERS AND DEVELOPERS PRIVATE LIMITED,B,142800.0,100.32
21/08/2026,BSE,bulk,544876,ENS,KIFS  ENTERPRISE,B,82800.0,96.39
21/08/2026,BSE,bulk,544876,ENS,VIKASA INDIA EIF I FUND - SHARE CLASS N,B,260400.0,96.0
21/08/2026,BSE,bulk,544876,ENS,RAJASTHAN GLOBAL SECURITIES PRIVATE LIMITED,S,253200.0,96.0
21/08/2026,BSE,bulk,544876,ENS,RGSL INVESTMENT LVF 1,S,172800.0,96.0
21/08/2026,BSE,bulk,544876,ENS,ORIENEDGE,B,264000.0,96.8
21/08/2026,BSE,bulk,521137,EUREKAI,AVULA SANDEEP MOHAN RAO,B,48000.0,5.7
21/08/2026,BSE,bulk,512443,GANONPRO,RIPPLE  GUPTA,S,47500.0,7.51
21/08/2026,BSE,bulk,531723,GATECH,L7 HITECH PRIVATE LIMITED,B,8077707.0,0.93
21/08/2026,BSE,bulk,543520,GLHRL,LALIT PRASAD,S,98000.0,9.85
21/08/2026,BSE,bulk,543520,GLHRL,YOGESHKUMAR RASIKLAL SANGHAVI,S,60000.0,10.46
21/08/2026,BSE,bulk,544759,GLPL,SAMURAI SECURITIES PVT LTD,B,51000.0,41.05
21/08/2026,BSE,bulk,544759,GLPL,SAMURAI SECURITIES PVT LTD,S,51000.0,40.89
21/08/2026,BSE,bulk,544759,GLPL,UPSURGE OPPORTUNITIES FUND 1,S,51000.0,41.05
21/08/2026,BSE,bulk,544759,GLPL,KAILASH KABRA,B,72000.0,41.01
21/08/2026,BSE,bulk,544759,GLPL,KAILASH KABRA,S,72000.0,41.03
21/08/2026,BSE,bulk,541627,GUJWIND,KREON FINNANCIAL SERVICES LIMITED,B,40000.0,8.91
21/08/2026,BSE,bulk,541627,GUJWIND,PANKAJ GUPTA,S,30000.0,8.9
21/08/2026,BSE,bulk,544834,GULFLLOYDS,F3 ADVISORS PRIVATE LIMITED,S,26400.0,42.67
21/08/2026,BSE,bulk,544834,GULFLLOYDS,F3 ADVISORS PRIVATE LIMITED,B,38400.0,42.51
21/08/2026,BSE,bulk,544834,GULFLLOYDS,BONANZA PORTFOLIO LIMITED,B,73200.0,42.42
21/08/2026,BSE,bulk,544834,GULFLLOYDS,BONANZA PORTFOLIO LIMITED,S,58800.0,42.33
21/08/2026,BSE,bulk,544834,GULFLLOYDS,GREEN PEAKS ENTERPRISES LLP,S,33600.0,42.52
21/08/2026,BSE,bulk,544834,GULFLLOYDS,GREEN PEAKS ENTERPRISES LLP,B,34800.0,42.4
21/08/2026,BSE,bulk,544834,GULFLLOYDS,IMRAN KHAN,B,12000.0,41.06
21/08/2026,BSE,bulk,544834,GULFLLOYDS,IMRAN KHAN,S,57600.0,42.67
21/08/2026,BSE,bulk,544160,JAYKAILASH,MAHAM HAMAJAKHAN MAHAM HANIFKHAN PATHAN,B,49600.0,60.45
21/08/2026,BSE,bulk,544160,JAYKAILASH,MONEYPLANT GOLD & JEWELLERY TRADING L.L.C,B,8000.0,62.78
21/08/2026,BSE,bulk,544160,JAYKAILASH,MONEYPLANT GOLD & JEWELLERY TRADING L.L.C,S,68800.0,59.88
21/08/2026,BSE,bulk,531780,KACL,FARAAZ IRFAN CHAPRA,B,350.0,6.15
21/08/2026,BSE,bulk,531780,KACL,FARAAZ IRFAN CHAPRA,S,350000.0,6.2
21/08/2026,BSE,bulk,531780,KACL,IRFAN ISMAIL CHAPRA,B,349750.0,6.2
21/08/2026,BSE,bulk,532054,KDDL,SETU SECURITIES PVT LTD,S,39701.0,3722.96
21/08/2026,BSE,bulk,532054,KDDL,SETU SECURITIES PVT LTD,B,72701.0,3650.05
21/08/2026,BSE,bulk,532054,KDDL,CLARUS CAPITAL 1,B,132086.0,3650.0
21/08/2026,BSE,bulk,532054,KDDL,PRANAV SHANKAR SABOO,S,246000.0,3650.81
21/08/2026,BSE,bulk,544187,KRONOX,IRAGE BROKING SERVICES LLP,B,209337.0,208.09
21/08/2026,BSE,bulk,544187,KRONOX,IRAGE BROKING SERVICES LLP,S,345815.0,210.44
21/08/2026,BSE,bulk,539408,KUBERJI,RV FINTECH,B,17437.0,41.98
21/08/2026,BSE,bulk,532164,MINOLTAF,COMELY ELECTRICAL PRIVATE LIMITED,B,600000.0,1.32
21/08/2026,BSE,bulk,532164,MINOLTAF,BETTER MERCANTILE PRIVATE LIMITED,S,640392.0,1.32
21/08/2026,BSE,bulk,544373,NAPSGLOBAL,RAJESH BHIMSEN SANGTANI,S,38400.0,46.39
21/08/2026,BSE,bulk,544373,NAPSGLOBAL,MANISH UPENDRA SHANGHVI,B,33600.0,46.3
21/08/2026,BSE,bulk,517554,NHCFOODS,VEER PRATAP SINGH,B,4295000.0,1.79
21/08/2026,BSE,bulk,544685,SHADOWFAX,QUALCOMM ASIA PACIFIC PTE LIMITED,S,7500000.0,245.13
21/08/2026,BSE,bulk,523309,SHRIGANG,SARVASHAKTIMAN TRADERS PVT LTD,S,152159.0,61.66
21/08/2026,BSE,bulk,513472,SIMPLEXCAS,MSB E TRADE SECURITIES LIMITED,S,296133.0,122.13
21/08/2026,BSE,bulk,513472,SIMPLEXCAS,MSB E TRADE SECURITIES LIMITED,B,296133.0,121.75
21/08/2026,BSE,bulk,511447,SYLPH,KREDENCE MULTI TRADING LIMITED,S,20700000.0,0.21
21/08/2026,BSE,bulk,544877,TECHNOCRAT,MC JAIN INFOSERVICES PRIVATE LIMITED,B,100000.0,230.0
21/08/2026,BSE,bulk,544877,TECHNOCRAT,SETU SECURITIES PVT LTD,B,180000.0,226.92
21/08/2026,BSE,bulk,544877,TECHNOCRAT,RCSPL SHARE BROKING PRIVATE LIMITED,B,1000.0,241.5
21/08/2026,BSE,bulk,544877,TECHNOCRAT,RCSPL SHARE BROKING PRIVATE LIMITED,S,116000.0,230.1
21/08/2026,BSE,bulk,544877,TECHNOCRAT,MLB STOCK BROKING PRIVATE LIMITED,B,180000.0,228.52
21/08/2026,BSE,bulk,543310,TIMESGREEN,RACHANA  SINGHI,S,36000.0,81.5
21/08/2026,BSE,bulk,543310,TIMESGREEN,ADARSH  SINGHI,B,36000.0,81.5
21/08/2026,BSE,bulk,544740,TIPCO,KHUSHBOO SIDDHARTH NAHAR,B,185600.0,206.3
21/08/2026,BSE,bulk,531257,VELLORA,SANJAY SADASHIVRAO SHINDE,B,40000.0,15.17
21/08/2026,BSE,bulk,532354,VIRGOGLOB,KAPADIA FINWEALTH LLP  .,S,84360.0,3.12
21/08/2026,BSE,bulk,532354,VIRGOGLOB,MICRO SPARK VENTURES LLP,B,100000.0,3.12
21/08/2026,BSE,bulk,532354,VIRGOGLOB,RAJ BREEDERS AND HATCHERIES PRIVATE LIMITED,B,100000.0,3.09
17/08/2026,BSE,block,543542,KESAR,MINERVA VENTURES FUND,B,1178000.0,1265.0
17/08/2026,BSE,block,543542,KESAR,FORBES EMF,S,1178000.0,1265.0
17/08/2026,BSE,block,503811,SIYSIL,DPP ENTERPRISES LLP,B,582900.0,620.0
17/08/2026,BSE,block,503811,SIYSIL,HARSHIT SHRIKISHAN PODDAR,S,582900.0,620.0
24-AUG-2026,NSE,bulk_deals,ALLCARGO,Allcargo Logistics Ltd,JUNOMONETA FINSOL PRIVATE LIMITED,BUY,8218545,13.21
24-AUG-2026,NSE,bulk_deals,ALLCARGO,Allcargo Logistics Ltd,HRTI PRIVATE LIMITED,BUY,9047556,13.21
24-AUG-2026,NSE,bulk_deals,ASIANTILES,Asian Granito India Limit,ARTHKUMBH VENTURES LLP,BUY,2460212,46.15
24-AUG-2026,NSE,bulk_deals,ATALREAL,Atal Realtech Limited,BULLPULSE MARKETEDGE PRIVATE LIMITED,BUY,650000,33.15
24-AUG-2026,NSE,bulk_deals,ATALREAL,Atal Realtech Limited,JIAUM BROKING LLP,BUY,900000,33.08
24-AUG-2026,NSE,bulk_deals,ATALREAL,Atal Realtech Limited,ACME CAPITAL MARKET LIMITED,BUY,2002787,33.44
24-AUG-2026,NSE,bulk_deals,ATALREAL,Atal Realtech Limited,CHAUBARA EATS PRIVATE LIMITED,BUY,1500000,33.1
24-AUG-2026,NSE,bulk_deals,ATALREAL,Atal Realtech Limited,ALTIZEN VENTURES LLP,BUY,751757,33.13
24-AUG-2026,NSE,bulk_deals,ATALREAL,Atal Realtech Limited,L7 HITECH PRIVATE LIMITED,BUY,250000,33.69
24-AUG-2026,NSE,bulk_deals,ATALREAL,Atal Realtech Limited,QE SECURITIES LLP,BUY,675203,33.29
24-AUG-2026,NSE,bulk_deals,ATALREAL,Atal Realtech Limited,VISHAL MAHESH WAGHELA,BUY,720000,33.23
24-AUG-2026,NSE,bulk_deals,ATALREAL,Atal Realtech Limited,HJS SECURITIES PRIVATE LIMITED,BUY,760032,33.08
24-AUG-2026,NSE,bulk_deals,ATALREAL,Atal Realtech Limited,HRTI PRIVATE LIMITED,BUY,897490,33.31
24-AUG-2026,NSE,bulk_deals,BALUFORGE,Balu Forge Industries Ltd,JUNOMONETA FINSOL PRIVATE LIMITED,BUY,607118,620.96
24-AUG-2026,NSE,bulk_deals,BALUFORGE,Balu Forge Industries Ltd,RAMDOOT REALTORS PVT LTD,BUY,653765,617.55
24-AUG-2026,NSE,bulk_deals,BALUFORGE,Balu Forge Industries Ltd,HRTI PRIVATE LIMITED,BUY,636768,619.15
24-AUG-2026,NSE,bulk_deals,BIOFILCHEM,Biofil Chemicals & Pharm,ORION STOCKS LTD,BUY,33463,32.45
24-AUG-2026,NSE,bulk_deals,BIOFILCHEM,Biofil Chemicals & Pharm,IRAGE BROKING SERVICES LLP,BUY,198862,32.15
24-AUG-2026,NSE,bulk_deals,COMSYN,Commercial Syn Bags Ltd,ARIHANT CAPITAL MARKETS LIMITED,BUY,41760,282.4
24-AUG-2026,NSE,bulk_deals,CORALFINAC,Coral India Fin & Hous Lt,ORION STOCKS LTD,BUY,23670,35.26
24-AUG-2026,NSE,bulk_deals,CORALFINAC,Coral India Fin & Hous Lt,IRAGE BROKING SERVICES LLP,BUY,203639,34.63
24-AUG-2026,NSE,bulk_deals,DAVANGERE,Davangere Sugar Company L,ARIHANT CAPITAL MARKETS LIMITED,BUY,3391625,3.0
24-AUG-2026,NSE,bulk_deals,DHAMPURSUG,Dhampur Sugar Mills Ltd,JUNOMONETA FINSOL PRIVATE LIMITED,BUY,325830,192.6
24-AUG-2026,NSE,bulk_deals,DJML,DJ Mediaprint & Log Ltd,D3 STOCK VISION LLP,BUY,185758,87.99
24-AUG-2026,NSE,bulk_deals,DJML,DJ Mediaprint & Log Ltd,MSB E TRADE SECURITIES LIMITED,BUY,388395,107.65
24-AUG-2026,NSE,bulk_deals,DWARKESH,Dwarikesh Sugar Industrie,QE SECURITIES LLP,BUY,1301348,57.86
24-AUG-2026,NSE,bulk_deals,DWARKESH,Dwarikesh Sugar Industrie,JUNOMONETA FINSOL PRIVATE LIMITED,BUY,1638479,57.37
24-AUG-2026,NSE,bulk_deals,DWARKESH,Dwarikesh Sugar Industrie,HRTI PRIVATE LIMITED,BUY,1512252,57.37
24-AUG-2026,NSE,bulk_deals,FASCINATE,Fascinate Textiles Ltd,MADHAV STOCK VISION PVT LTD,BUY,72000,120.13
24-AUG-2026,NSE,bulk_deals,FASCINATE,Fascinate Textiles Ltd,KANODIA STOCK BROKING PVT.LTD.,BUY,100000,120.8
24-AUG-2026,NSE,bulk_deals,GATECH,GACM Technologies Limited,L7 HITECH PRIVATE LIMITED,BUY,2158037,0.94
24-AUG-2026,NSE,bulk_deals,GCSL,Gretex Corporate Services,L7 HITECH PRIVATE LIMITED,BUY,208110,505.63
24-AUG-2026,NSE,bulk_deals,GCSL,Gretex Corporate Services,MANSUKH SECURITIES & FINANCE LIMITED,BUY,80892,508.5
24-AUG-2026,NSE,bulk_deals,GRADIENTE,Gradiente Infotainment L,PINNAMANENI ESTATES PRIVATE LIMITED,BUY,326008,2.98
24-AUG-2026,NSE,bulk_deals,GRADIENTE,Gradiente Infotainment L,SAI ROSHNI CAPITAL PRIVATE LIMITED,BUY,3180000,3.0
24-AUG-2026,NSE,bulk_deals,KSR,KSR Footwear Limited,ASHA MAHESH MEHTA,BUY,100001,28.58
24-AUG-2026,NSE,bulk_deals,LALITHAA,Lalithaa Jewellery Mart L,NK SECURITIES RESEARCH PRIVATE LIMITED,BUY,6691599,265.59
24-AUG-2026,NSE,bulk_deals,LAMBODHARA,Lambodhara Textiles Ltd.,RAJIV INDUR DADLANI,BUY,90000,128.86
24-AUG-2026,NSE,bulk_deals,LAMBODHARA,Lambodhara Textiles Ltd.,BHAVNA RAJIV DADLANI,BUY,70000,138.05
24-AUG-2026,NSE,bulk_deals,LTFOODS,LT Foods Limited,MICROCURVES TRADING PRIVATE LIMITED,BUY,2057535,469.11
24-AUG-2026,NSE,bulk_deals,MOBILISE,Mobilise App Lab Limited,ASHUTOSH DHIRENDRAKUMAR MANIAR,BUY,48000,102.91
24-AUG-2026,NSE,bulk_deals,MOTISONS,Motisons Jewellers Ltd,ARIHANT CAPITAL MARKETS LIMITED,BUY,12539752,17.15
24-AUG-2026,NSE,bulk_deals,PCJEWELLER,PC Jeweller Ltd,JUMP TRADING FINANCIAL INDIA PRIVATE LIMITED,BUY,61171696,10.87
24-AUG-2026,NSE,bulk_deals,PCJEWELLER,PC Jeweller Ltd,HRTI PRIVATE LIMITED,BUY,51075955,10.88
24-AUG-2026,NSE,bulk_deals,QUADFUTURE,Quadrant Future Tek Ltd,JUMP TRADING FINANCIAL INDIA PRIVATE LIMITED,BUY,871189,447.47
24-AUG-2026,NSE,bulk_deals,QUADFUTURE,Quadrant Future Tek Ltd,HRTI PRIVATE LIMITED,BUY,324481,438.88
24-AUG-2026,NSE,bulk_deals,QUADFUTURE,Quadrant Future Tek Ltd,QE SECURITIES LLP,BUY,495126,437.6
24-AUG-2026,NSE,bulk_deals,QUADFUTURE,Quadrant Future Tek Ltd,IRAGE BROKING SERVICES LLP,BUY,655722,448.16
24-AUG-2026,NSE,bulk_deals,QUADFUTURE,Quadrant Future Tek Ltd,ALPHAGREP SECURITIES PRIVATE LIMITED,BUY,384910,437.76
24-AUG-2026,NSE,bulk_deals,QUADFUTURE,Quadrant Future Tek Ltd,MICROCURVES TRADING PRIVATE LIMITED,BUY,1729167,448.02
24-AUG-2026,NSE,bulk_deals,QUADFUTURE,Quadrant Future Tek Ltd,NK SECURITIES RESEARCH PRIVATE LIMITED,BUY,335079,449.49
24-AUG-2026,NSE,bulk_deals,QUADFUTURE,Quadrant Future Tek Ltd,JUNOMONETA FINSOL PRIVATE LIMITED,BUY,1281176,444.46
24-AUG-2026,NSE,bulk_deals,QUADFUTURE,Quadrant Future Tek Ltd,SILVERLEAF CAPITAL SERVICES PRIVATE LIMITED,BUY,232121,442.09
24-AUG-2026,NSE,bulk_deals,QUADFUTURE,Quadrant Future Tek Ltd,ELIXIR WEALTH MANAGEMENT PRIVATE LIMITED,BUY,540049,447.8
24-AUG-2026,NSE,bulk_deals,QUADFUTURE,Quadrant Future Tek Ltd,DIPAN MEHTA COMMODITIES PRIVATE LIMITED,BUY,251780,450.74
24-AUG-2026,NSE,bulk_deals,RAMBHAJO,Advit Jewels Limited,NAVRATRI SHARE TRADING PRIVATE LIMITED .,BUY,400000,211.38
24-AUG-2026,NSE,bulk_deals,RAMBHAJO,Advit Jewels Limited,L7 HITECH PRIVATE LIMITED,BUY,376847,208.59
24-AUG-2026,NSE,bulk_deals,RATNAVEER,Ratnaveer Precision Eng L,CRABEL VINTRADE PRIVATE LIMITED,BUY,450000,262.78
24-AUG-2026,NSE,bulk_deals,RATNAVEER,Ratnaveer Precision Eng L,THAKKAR NILESHKUMAR FARSHURAM HUF,BUY,950000,262.95
24-AUG-2026,NSE,bulk_deals,RATNAVEER,Ratnaveer Precision Eng L,JUNOMONETA FINSOL PRIVATE LIMITED,BUY,387750,261.13
24-AUG-2026,NSE,bulk_deals,RATNAVEER,Ratnaveer Precision Eng L,ARIHANT CAPITAL MARKETS LIMITED,BUY,1878152,262.24
24-AUG-2026,NSE,bulk_deals,RATNAVEER,Ratnaveer Precision Eng L,HRTI PRIVATE LIMITED,BUY,401759,264.34
24-AUG-2026,NSE,bulk_deals,RFBL,RFBL Flexi Pack Limited,RIDDHI SIDDHI INTERNATIONAL,BUY,222000,99.5
24-AUG-2026,NSE,bulk_deals,RFBL,RFBL Flexi Pack Limited,JAGID VANITABEN RAJENDRAPRASAD,BUY,36000,95.45
24-AUG-2026,NSE,bulk_deals,RHETAN,Rhetan TMT Limited,JAGID VANITABEN RAJENDRAPRASAD,BUY,4399674,21.97
24-AUG-2026,NSE,bulk_deals,SANGINITA,Sanginita Chemicals Limit,NEO APEX SHARE BROKING SERVICES LLP,BUY,525000,53.6
24-AUG-2026,NSE,bulk_deals,SENCO,Senco Gold Limited,VISION AHEAD SERVICES PRIVATE LIMITED,BUY,1000064,365.66
24-AUG-2026,NSE,bulk_deals,SHANTIGEAR,Shanthi Gears Ltd,NK SECURITIES RESEARCH PRIVATE LIMITED,BUY,431846,527.3
24-AUG-2026,NSE,bulk_deals,SHANTIGEAR,Shanthi Gears Ltd,JUNOMONETA FINSOL PRIVATE LIMITED,BUY,665791,530.0
24-AUG-2026,NSE,bulk_deals,SHANTIGEAR,Shanthi Gears Ltd,MICROCURVES TRADING PRIVATE LIMITED,BUY,558406,529.05
24-AUG-2026,NSE,bulk_deals,SHIVAUM,Shiv Aum Steels Limited,ARIHANT CAPITAL MARKETS LIMITED,BUY,130187,445.0
24-AUG-2026,NSE,bulk_deals,STRIDERS,Striders Impex Limited,ANISH RAMJI SHAH,BUY,153600,62.8
24-AUG-2026,NSE,bulk_deals,ALLCARGO,Allcargo Logistics Ltd,JUNOMONETA FINSOL PRIVATE LIMITED,SELL,8222011,13.22
24-AUG-2026,NSE,bulk_deals,ALLCARGO,Allcargo Logistics Ltd,HRTI PRIVATE LIMITED,SELL,9701203,13.2
24-AUG-2026,NSE,bulk_deals,ARIS,Arisinfra Solutions Ltd,NEW BERRY ADVISORS LTD,SELL,745000,146.21
24-AUG-2026,NSE,bulk_deals,ARIS,Arisinfra Solutions Ltd,VIRTI ENTERPRISE,SELL,504479,140.5
24-AUG-2026,NSE,bulk_deals,ATALREAL,Atal Realtech Limited,HJS SECURITIES PRIVATE LIMITED,SELL,760032,33.08
24-AUG-2026,NSE,bulk_deals,ATALREAL,Atal Realtech Limited,VISHAL MAHESH WAGHELA,SELL,720000,33.63
24-AUG-2026,NSE,bulk_deals,ATALREAL,Atal Realtech Limited,L7 HITECH PRIVATE LIMITED,SELL,625000,33.5
24-AUG-2026,NSE,bulk_deals,ATALREAL,Atal Realtech Limited,CHAUBARA EATS PRIVATE LIMITED,SELL,1500000,33.08
24-AUG-2026,NSE,bulk_deals,ATALREAL,Atal Realtech Limited,BULLPULSE MARKETEDGE PRIVATE LIMITED,SELL,650000,33.44
24-AUG-2026,NSE,bulk_deals,ATALREAL,Atal Realtech Limited,QE SECURITIES LLP,SELL,604711,33.42
24-AUG-2026,NSE,bulk_deals,ATALREAL,Atal Realtech Limited,HRTI PRIVATE LIMITED,SELL,308674,33.33
24-AUG-2026,NSE,bulk_deals,ATALREAL,Atal Realtech Limited,ACME CAPITAL MARKET LIMITED,SELL,2002787,33.05
24-AUG-2026,NSE,bulk_deals,ATALREAL,Atal Realtech Limited,JIAUM BROKING LLP,SELL,900000,33.15
24-AUG-2026,NSE,bulk_deals,ATALREAL,Atal Realtech Limited,ALTIZEN VENTURES LLP,SELL,1206757,33.35
24-AUG-2026,NSE,bulk_deals,BALUFORGE,Balu Forge Industries Ltd,HRTI PRIVATE LIMITED,SELL,541670,622.13
24-AUG-2026,NSE,bulk_deals,BALUFORGE,Balu Forge Industries Ltd,RAMDOOT REALTORS PVT LTD,SELL,652265,620.0
24-AUG-2026,NSE,bulk_deals,BALUFORGE,Balu Forge Industries Ltd,JUNOMONETA FINSOL PRIVATE LIMITED,SELL,611226,621.42
24-AUG-2026,NSE,bulk_deals,BIOFILCHEM,Biofil Chemicals & Pharm,IRAGE BROKING SERVICES LLP,SELL,17689,32.43
24-AUG-2026,NSE,bulk_deals,BIOFILCHEM,Biofil Chemicals & Pharm,ORION STOCKS LTD,SELL,250488,32.29
24-AUG-2026,NSE,bulk_deals,BIOPOL,Biopol Chemicals Limited,CRAFT EMERGING MARKET FUND PCC-CITADEL CAPITAL FUND,SELL,120000,98.9
24-AUG-2026,NSE,bulk_deals,COMSYN,Commercial Syn Bags Ltd,ARIHANT CAPITAL MARKETS LIMITED,SELL,293361,272.84
24-AUG-2026,NSE,bulk_deals,CORALFINAC,Coral India Fin & Hous Lt,IRAGE BROKING SERVICES LLP,SELL,34819,35.21
24-AUG-2026,NSE,bulk_deals,CORALFINAC,Coral India Fin & Hous Lt,ORION STOCKS LTD,SELL,208088,34.6
24-AUG-2026,NSE,bulk_deals,DAVANGERE,Davangere Sugar Company L,ARIHANT CAPITAL MARKETS LIMITED,SELL,10705503,2.96
24-AUG-2026,NSE,bulk_deals,DHAMPURSUG,Dhampur Sugar Mills Ltd,JUNOMONETA FINSOL PRIVATE LIMITED,SELL,324592,192.82
24-AUG-2026,NSE,bulk_deals,DJML,DJ Mediaprint & Log Ltd,MSB E TRADE SECURITIES LIMITED,SELL,388508,103.52
24-AUG-2026,NSE,bulk_deals,DJML,DJ Mediaprint & Log Ltd,HARENDRA M PARIKH,SELL,174000,87.62
24-AUG-2026,NSE,bulk_deals,DJML,DJ Mediaprint & Log Ltd,D3 STOCK VISION LLP,SELL,48364,88.82
24-AUG-2026,NSE,bulk_deals,DWARKESH,Dwarikesh Sugar Industrie,JUNOMONETA FINSOL PRIVATE LIMITED,SELL,1638455,57.37
24-AUG-2026,NSE,bulk_deals,DWARKESH,Dwarikesh Sugar Industrie,HRTI PRIVATE LIMITED,SELL,1454086,57.49
24-AUG-2026,NSE,bulk_deals,DWARKESH,Dwarikesh Sugar Industrie,QE SECURITIES LLP,SELL,1300461,57.26
24-AUG-2026,NSE,bulk_deals,GATECH,GACM Technologies Limited,L7 HITECH PRIVATE LIMITED,SELL,8027492,0.94
24-AUG-2026,NSE,bulk_deals,GATECH,GACM Technologies Limited,MGO HIGH CONVICTION FUND INCORPORATED VCC SUB-FUND,SELL,52000000,0.94
24-AUG-2026,NSE,bulk_deals,GATECH,GACM Technologies Limited,EBISU GLOBAL OPPORTUNITIES FUND LIMITED,SELL,10500000,0.94
24-AUG-2026,NSE,bulk_deals,GCSL,Gretex Corporate Services,L7 HITECH PRIVATE LIMITED,SELL,51610,508.29
24-AUG-2026,NSE,bulk_deals,GCSL,Gretex Corporate Services,MANSUKH SECURITIES & FINANCE LIMITED,SELL,169451,505.39
24-AUG-2026,NSE,bulk_deals,GRADIENTE,Gradiente Infotainment L,PINNAMANENI ESTATES PRIVATE LIMITED,SELL,3718260,3.0
24-AUG-2026,NSE,bulk_deals,GULFPETRO,GP Petroleums Limited,AIO GROWTH CAPITAL FUND SPC,SELL,1170564,67.03
24-AUG-2026,NSE,bulk_deals,LALITHAA,Lalithaa Jewellery Mart L,NK SECURITIES RESEARCH PRIVATE LIMITED,SELL,6691599,265.74
24-AUG-2026,NSE,bulk_deals,LTFOODS,LT Foods Limited,MICROCURVES TRADING PRIVATE LIMITED,SELL,2057535,469.39
24-AUG-2026,NSE,bulk_deals,MOBILISE,Mobilise App Lab Limited,BHANSALI VALUE CREATIONS PVT LTD,SELL,48000,102.91
24-AUG-2026,NSE,bulk_deals,MOTISONS,Motisons Jewellers Ltd,ARIHANT CAPITAL MARKETS LIMITED,SELL,12539752,17.17
24-AUG-2026,NSE,bulk_deals,PCJEWELLER,PC Jeweller Ltd,JUMP TRADING FINANCIAL INDIA PRIVATE LIMITED,SELL,61171696,10.86
24-AUG-2026,NSE,bulk_deals,PCJEWELLER,PC Jeweller Ltd,HRTI PRIVATE LIMITED,SELL,31859427,10.87
24-AUG-2026,NSE,bulk_deals,QUADFUTURE,Quadrant Future Tek Ltd,DIPAN MEHTA COMMODITIES PRIVATE LIMITED,SELL,243780,452.49
24-AUG-2026,NSE,bulk_deals,QUADFUTURE,Quadrant Future Tek Ltd,ELIXIR WEALTH MANAGEMENT PRIVATE LIMITED,SELL,525401,449.29
24-AUG-2026,NSE,bulk_deals,QUADFUTURE,Quadrant Future Tek Ltd,SILVERLEAF CAPITAL SERVICES PRIVATE LIMITED,SELL,232121,441.9
24-AUG-2026,NSE,bulk_deals,QUADFUTURE,Quadrant Future Tek Ltd,NK SECURITIES RESEARCH PRIVATE LIMITED,SELL,335079,449.81
24-AUG-2026,NSE,bulk_deals,QUADFUTURE,Quadrant Future Tek Ltd,ALPHAGREP SECURITIES PRIVATE LIMITED,SELL,384910,437.91
24-AUG-2026,NSE,bulk_deals,QUADFUTURE,Quadrant Future Tek Ltd,MICROCURVES TRADING PRIVATE LIMITED,SELL,1729167,448.28
24-AUG-2026,NSE,bulk_deals,QUADFUTURE,Quadrant Future Tek Ltd,QE SECURITIES LLP,SELL,492637,435.55
24-AUG-2026,NSE,bulk_deals,QUADFUTURE,Quadrant Future Tek Ltd,HRTI PRIVATE LIMITED,SELL,337873,435.15
24-AUG-2026,NSE,bulk_deals,QUADFUTURE,Quadrant Future Tek Ltd,JUMP TRADING FINANCIAL INDIA PRIVATE LIMITED,SELL,871189,447.61
24-AUG-2026,NSE,bulk_deals,QUADFUTURE,Quadrant Future Tek Ltd,JUNOMONETA FINSOL PRIVATE LIMITED,SELL,1279475,444.69
24-AUG-2026,NSE,bulk_deals,QUADFUTURE,Quadrant Future Tek Ltd,IRAGE BROKING SERVICES LLP,SELL,443972,446.7
24-AUG-2026,NSE,bulk_deals,RAMBHAJO,Advit Jewels Limited,L7 HITECH PRIVATE LIMITED,SELL,83847,211.62
24-AUG-2026,NSE,bulk_deals,RATNAVEER,Ratnaveer Precision Eng L,ARIHANT CAPITAL MARKETS LIMITED,SELL,1823033,263.35
24-AUG-2026,NSE,bulk_deals,RATNAVEER,Ratnaveer Precision Eng L,NITN  KAPOOR,SELL,400000,260.26
24-AUG-2026,NSE,bulk_deals,RATNAVEER,Ratnaveer Precision Eng L,JUNOMONETA FINSOL PRIVATE LIMITED,SELL,384940,261.04
24-AUG-2026,NSE,bulk_deals,RATNAVEER,Ratnaveer Precision Eng L,HRTI PRIVATE LIMITED,SELL,595597,262.42
24-AUG-2026,NSE,bulk_deals,RFBL,RFBL Flexi Pack Limited,JAGID VANITABEN RAJENDRAPRASAD,SELL,156000,99.5
24-AUG-2026,NSE,bulk_deals,RHETAN,Rhetan TMT Limited,JAGID VANITABEN RAJENDRAPRASAD,SELL,2718488,22.14
24-AUG-2026,NSE,bulk_deals,SANGINITA,Sanginita Chemicals Limit,NEO APEX SHARE BROKING SERVICES LLP,SELL,203643,53.6
24-AUG-2026,NSE,bulk_deals,SETL,Standard Engng Tcnlgy Ltd,AMANSA INVESTMENTS LIMITED,SELL,1508000,312.55
24-AUG-2026,NSE,bulk_deals,SHANTIGEAR,Shanthi Gears Ltd,MICROCURVES TRADING PRIVATE LIMITED,SELL,558410,529.13
24-AUG-2026,NSE,bulk_deals,SHANTIGEAR,Shanthi Gears Ltd,NK SECURITIES RESEARCH PRIVATE LIMITED,SELL,430867,527.49
24-AUG-2026,NSE,bulk_deals,SHANTIGEAR,Shanthi Gears Ltd,JUNOMONETA FINSOL PRIVATE LIMITED,SELL,663357,529.86
24-AUG-2026,NSE,bulk_deals,SHIVAUM,Shiv Aum Steels Limited,ARYAMAN CAPITAL MARKETS LIMITED,SELL,126000,445.0
24-AUG-2026,NSE,bulk_deals,STRIDERS,Striders Impex Limited,UPSURGE OPPORTUNITIES FUND 1,SELL,139200,62.8
24-AUG-2026,NSE,block_deals,MEESHO,Meesho Limited,AAGAM INVESTMENTS,BUY,1250001,200.01
24-AUG-2026,NSE,block_deals,MEESHO,Meesho Limited,BAJAJ LIFE INSURANCE LIMITED,BUY,1250001,200.01
24-AUG-2026,NSE,block_deals,MEESHO,Meesho Limited,VIRIDIAN ASIA OPPORTUNITIES MASTER FUND,BUY,1250002,200.01
24-AUG-2026,NSE,block_deals,MEESHO,Meesho Limited,SOCIETE GENERALE,BUY,2375002,200.01
24-AUG-2026,NSE,block_deals,MEESHO,Meesho Limited,BNP PARIBAS FINANCIAL MARKETS,BUY,1500002,200.01
24-AUG-2026,NSE,block_deals,MEESHO,Meesho Limited,BOFA SECURITIES EUROPE SA,BUY,1250002,200.01
24-AUG-2026,NSE,block_deals,MEESHO,Meesho Limited,CANARA ROBECO MUTUAL FUND,BUY,1500002,200.01
24-AUG-2026,NSE,block_deals,MEESHO,Meesho Limited,CITIGROUP GLOBAL MARKETS MAURITIUS PRIVATE LIMITED,BUY,1500002,200.01
24-AUG-2026,NSE,block_deals,MEESHO,Meesho Limited,EDELWEISS MUTUAL FUND,BUY,3470553,200.01
24-AUG-2026,NSE,block_deals,MEESHO,Meesho Limited,FRANKLIN TEMPLETON INVESTMENT FUNDS - FRANKLIN INDIA FUND,BUY,1500002,200.01
24-AUG-2026,NSE,block_deals,MEESHO,Meesho Limited,FRANKLIN TEMPLETON MUTUAL FUND,BUY,2500001,200.01
24-AUG-2026,NSE,block_deals,MEESHO,Meesho Limited,GHISALLO MASTER FUND LP,BUY,1250002,200.01
24-AUG-2026,NSE,block_deals,MEESHO,Meesho Limited,GOLDMAN SACHS BANK EUROPE SE,BUY,1425002,200.01
24-AUG-2026,NSE,block_deals,MEESHO,Meesho Limited,GOLDMAN SACHS INVESTMENTS MAURITIUS I LIMITED,BUY,1250002,200.01
24-AUG-2026,NSE,block_deals,MEESHO,Meesho Limited,HDFC STANDARD LIFE INSURANCE COMPANY LTD,BUY,7500003,200.01
24-AUG-2026,NSE,block_deals,MEESHO,Meesho Limited,HSBC MUTUAL FUND,BUY,1500001,200.01
24-AUG-2026,NSE,block_deals,MEESHO,Meesho Limited,INTEGRATED CORE STRATEGIES (ASIA) PTE.LTD.,BUY,1750002,200.01
24-AUG-2026,NSE,block_deals,MEESHO,Meesho Limited,KOTAK SECURITIES LIMITED,BUY,1,200.01
24-AUG-2026,NSE,block_deals,MEESHO,Meesho Limited,KUWAIT INVESTMENT AUTHORITY,BUY,976998,200.01
24-AUG-2026,NSE,block_deals,MEESHO,Meesho Limited,MORGAN STANLEY ASIA SINGAPORE PTE,BUY,1258752,200.01
24-AUG-2026,NSE,block_deals,MEESHO,Meesho Limited,MORGAN STANLEY ASIA SINGAPORE PTE,BUY,1700002,200.01
24-AUG-2026,NSE,block_deals,MEESHO,Meesho Limited,NIPPON INDIA MUTUAL FUND,BUY,10000002,200.01
24-AUG-2026,NSE,block_deals,MEESHO,Meesho Limited,ROBECO CAPITAL GROWTH FUNDS,BUY,523004,200.01
24-AUG-2026,NSE,block_deals,MEESHO,Meesho Limited,Y COMBINATOR CONTINUITY HOLDINGS I LLC,SELL,23027687,200.01
24-AUG-2026,NSE,block_deals,MEESHO,Meesho Limited,YCS16 HOLDINGS LLC,SELL,20603720,200.01
24-AUG-2026,NSE,block_deals,MEESHO,Meesho Limited,YCVC FUND I L.P.,SELL,4847934,200.01
24/08/2026,BSE,bulk,517356,ACIIN,RAJ BREEDERS AND HATCHERIES PRIVATE LIMITED,B,600000.0,2.41
24/08/2026,BSE,bulk,517356,ACIIN,SACHIN  SINGH,S,726643.0,2.46
24/08/2026,BSE,bulk,517356,ACIIN,TEENA JOSE,B,893768.0,2.46
24/08/2026,BSE,bulk,517356,ACIIN,NEO APEX SHARE BROKING SERVICES LLP,B,750000.0,2.46
24/08/2026,BSE,bulk,538556,ARMAN,PRINCE KUMAR SINGH,S,38966.0,114.13
24/08/2026,BSE,bulk,538576,BHANDERI,PLENITUDE ENTERPRISES PRIVATE LIMITED,B,48000.0,135.0
24/08/2026,BSE,bulk,538576,BHANDERI,KISHOR M PATEL,S,14400.0,135.0
24/08/2026,BSE,bulk,538576,BHANDERI,PRAVINBHAI LABHUBHAI VAGHASIYA,S,24000.0,135.0
24/08/2026,BSE,bulk,524396,BIOFILCHEM,IRAGE BROKING SERVICES LLP,S,198320.0,31.99
24/08/2026,BSE,bulk,524396,BIOFILCHEM,IRAGE BROKING SERVICES LLP,B,17147.0,32.49
24/08/2026,BSE,bulk,524396,BIOFILCHEM,ORION STOCKS LTD,S,17903.0,32.62
24/08/2026,BSE,bulk,524396,BIOFILCHEM,ORION STOCKS LTD,B,234928.0,32.04
24/08/2026,BSE,bulk,531556,CORALFINAC,ORION STOCKS LTD,S,31878.0,35.49
24/08/2026,BSE,bulk,531556,CORALFINAC,ORION STOCKS LTD,B,216296.0,34.55
24/08/2026,BSE,bulk,523105,CROPSTER,PRUTHVIRAJ CHHANABHAI ZALA,S,16600000.0,4.77
24/08/2026,BSE,bulk,523105,CROPSTER,SHIVANG NAVINCHANDRA NAYAK,S,4746080.0,4.54
24/08/2026,BSE,bulk,538868,CSL,AKASH SARAOGI,B,170237.0,22.56
24/08/2026,BSE,bulk,538868,CSL,AKASH SARAOGI,S,95455.0,22.41
24/08/2026,BSE,bulk,543193,DJML,PRATIBHA HARENDRA PARIKH,S,184000.0,87.59
24/08/2026,BSE,bulk,544876,ENS,ACME CAPITAL MARKET LIMITED,S,1200.0,105.84
24/08/2026,BSE,bulk,544876,ENS,ACME CAPITAL MARKET LIMITED,B,96000.0,101.52
24/08/2026,BSE,bulk,544876,ENS,GOLDENDUNES BUILDERS AND DEVELOPERS PRIVATE LIMITED,B,75600.0,105.45
24/08/2026,BSE,bulk,544122,ENTERO,PRASID UNO FAMILY TRUST,S,1088500.0,1377.8
24/08/2026,BSE,bulk,544122,ENTERO,3P INDIA EQUITY FUND 1M,B,326500.0,1377.8
24/08/2026,BSE,bulk,544122,ENTERO,3P INDIA EQUITY FUND 1,B,762000.0,1377.8
24/08/2026,BSE,bulk,544759,GLPL,UPSURGE OPPORTUNITIES FUND 1,S,51000.0,38.9
24/08/2026,BSE,bulk,544759,GLPL,CUMULATIVE CAPITAL PRIVATE LIMITED,B,51000.0,38.9
24/08/2026,BSE,bulk,541627,GUJWIND,UMESH  NARAYAN,B,30250.0,9.33
24/08/2026,BSE,bulk,541627,GUJWIND,RAJ BREEDERS AND HATCHERIES PRIVATE LIMITED,B,28708.0,9.33
24/08/2026,BSE,bulk,544600,LENSKART,SOCIETE GENERALE  ODI,B,10735000.0,641.75
24/08/2026,BSE,bulk,544600,LENSKART,SVF II LIGHTBULB (CAYMAN) LIMITED,S,45000000.0,641.75
24/08/2026,BSE,bulk,531680,MAYUR,SUBRAMANIAN SANGEETHA,S,26549.0,26.97
24/08/2026,BSE,bulk,517554,NHCFOODS,TIRUPATI FINCORP LIMITED,S,4000000.0,1.87
24/08/2026,BSE,bulk,511644,OMEGAIN,BHAVISHYA ECOMMERCE PRIVATE LIMITED,S,299612.0,36.12
24/08/2026,BSE,bulk,511644,OMEGAIN,BHAVISHYA ECOMMERCE PRIVATE LIMITED,B,395565.0,36.12
24/08/2026,BSE,bulk,530173,OSCARGLO,NILESHBHAI GORDHANBHAI  JASOLIYA,S,19189.0,21.6
24/08/2026,BSE,bulk,530173,OSCARGLO,NIRYX CAPITAL,B,19611.0,21.6
24/08/2026,BSE,bulk,540359,PARMAX,RAJESH  JOSEPH,B,20000.0,131.15
24/08/2026,BSE,bulk,526490,PRATIK,DEEPTI GHANSHYAM GAVALI,S,500000.0,4.35
24/08/2026,BSE,bulk,538647,PURSHOTTAM,V.S.NETWORK SOLUTIONS PVT.LTD.,S,294300.0,35.5
24/08/2026,BSE,bulk,538647,PURSHOTTAM,PRANIDHI VENTURES PRIVATE LIMITED,B,295675.0,35.49
24/08/2026,BSE,bulk,536659,PVVINFRA,LUCA INFRASTRUCTURES PRIVATE LIMITED,B,1283172.0,3.22
24/08/2026,BSE,bulk,536659,PVVINFRA,BYTE DEVELOPERS PRIVATE LIMITED,B,1138912.0,3.19
24/08/2026,BSE,bulk,536659,PVVINFRA,BYTE DEVELOPERS PRIVATE LIMITED,S,30000.0,3.3
24/08/2026,BSE,bulk,536659,PVVINFRA,SAI ROSHNI CAPITAL PRIVATE LIMITED,S,2748435.0,3.19
24/08/2026,BSE,bulk,544336,QUADFUTURE,IRAGE BROKING SERVICES LLP,S,536560.0,448.65
24/08/2026,BSE,bulk,544336,QUADFUTURE,IRAGE BROKING SERVICES LLP,B,324810.0,445.95
24/08/2026,BSE,bulk,539309,RAMASTEEL,MINERVA VENTURES FUND,B,22500000.0,4.08
24/08/2026,BSE,bulk,539017,STARHFL,ANOOP  SAXENA,S,408706.0,5.22
24/08/2026,BSE,bulk,539017,STARHFL,HINA  RASTOGI,B,572080.0,5.22
24/08/2026,BSE,bulk,544877,TECHNOCRAT,KAMAL KUMAR DUGAR AND CO ( PROP : KAMAL KUMAR DUGAR),B,100000.0,253.42
24/08/2026,BSE,bulk,531628,TEJASSVI,T & I PROJECTS PRIVATE LIMITED,B,41698.0,58.64
24/08/2026,BSE,bulk,544740,TIPCO,EMERGE CAPITAL OPPORTUNITIES SCHEME,B,212800.0,225.7
24/08/2026,BSE,block,544122,ENTERO,3P INDIA EQUITY FUND 1,B,762000.0,1377.8
24/08/2026,BSE,block,544122,ENTERO,3P INDIA EQUITY FUND 1M,B,326500.0,1377.8
24/08/2026,BSE,block,544122,ENTERO,PRASID UNO FAMILY TRUST,S,326500.0,1377.8
24/08/2026,BSE,block,544122,ENTERO,PRASID UNO FAMILY TRUST,S,762000.0,1377.8
24/08/2026,BSE,block,544600,LENSKART,KUWAIT INVESTMENT AUTHORITY,B,333000.0,641.75
24/08/2026,BSE,block,544600,LENSKART,NIPPON INDIA INVESTMENT UNIT TRUST - NIPPON INDIA SMALL AND MID-CAP EF,B,14000.0,641.75
24/08/2026,BSE,block,544600,LENSKART,NIPPON INDIA INVESTMENT UNIT TRUST - NIPPON INDIA EQUITY FUND,B,100000.0,641.75
24/08/2026,BSE,block,544600,LENSKART,FRANKLIN TEMPLETON MUTUAL FUND,B,745000.0,641.75
24/08/2026,BSE,block,544600,LENSKART,HDFC MUTUAL FUND,B,2212000.0,641.75
24/08/2026,BSE,block,544600,LENSKART,HSBC MUTUAL FUND,B,281762.0,641.75
24/08/2026,BSE,block,544600,LENSKART,HSBC MUTUAL FUND,B,774847.0,641.75
24/08/2026,BSE,block,544600,LENSKART,HSBC MUTUAL FUND,B,722137.0,641.75
24/08/2026,BSE,block,544600,LENSKART,HSBC MUTUAL FUND,B,1127051.0,641.75
24/08/2026,BSE,block,544600,LENSKART,HSBC MUTUAL FUND,B,352203.0,641.75
24/08/2026,BSE,block,544600,LENSKART,ICICI PRUDENTIAL MUTUAL FUND,B,558750.0,641.75
24/08/2026,BSE,block,544600,LENSKART,ICICI PRUDENTIAL MUTUAL FUND,B,186250.0,641.75
24/08/2026,BSE,block,544600,LENSKART,KOTAK MAHINDRA MUTUAL FUND,B,467000.0,641.75
24/08/2026,BSE,block,544600,LENSKART,MOTILAL OSWAL MUTUAL FUND,B,4771000.0,641.75
24/08/2026,BSE,block,544600,LENSKART,INTEGRATED CORE STRATEGIES (ASIA) PTE. LTD.,B,2240000.0,641.75
24/08/2026,BSE,block,544600,LENSKART,SUNDARAM MUTUAL FUND,B,447000.0,641.75
24/08/2026,BSE,block,544600,LENSKART,SBI MUTUAL FUND,B,779000.0,641.75
24/08/2026,BSE,block,544600,LENSKART,SOCIETE GENERALE  ODI,B,10735000.0,641.75
24/08/2026,BSE,block,544600,LENSKART,VANGUARD FTSE ALL WORLD EX US FUND A SERIES OF VIEIF,B,207144.0,641.75
24/08/2026,BSE,block,544600,LENSKART,VANGUARD FUNDS PUBLIC LIMITED COMPANY VANGUARD FTSE ALL WORLD ETF,B,83974.0,641.75
24/08/2026,BSE,block,544600,LENSKART,VANGUARD FUNDS PUBLIC LIMITED COMPANY VANGUARD FTSE EMERGING MARKETS ETF,B,49373.0,641.75
24/08/2026,BSE,block,544600,LENSKART,VANGUARD ASIA EX JAPAN SHARES INDEX FUND,B,3204.0,641.75
24/08/2026,BSE,block,544600,LENSKART,VFTC - INSTITUTIONAL TOTAL INTERNATIONAL STOCK MARKET INDEX TRUST II,B,652744.0,641.75
24/08/2026,BSE,block,544600,LENSKART,VANGUARD EMERGING MARKETS STOCK INDEX FUND A SERIES OF VIEIF,B,1240771.0,641.75
24/08/2026,BSE,block,544600,LENSKART,VFTC - INSTITUTIONAL TOTAL INTERNATIONAL STOCK MARKET INDEX TRUST,B,108883.0,641.75
24/08/2026,BSE,block,544600,LENSKART,VANGUARD TOTAL INTERNATIONAL STOCK INDEX FUND,B,1290657.0,641.75
24/08/2026,BSE,block,544600,LENSKART,VANGUARD EMERGING MARKETS EX-CHINA ETF,B,2981.0,641.75
24/08/2026,BSE,block,544600,LENSKART,VANGUARD INVESTMENTS FUNDS ICVCVANGUARD FTSE GLOBAL ALL CAP INDEX FUND,B,16503.0,641.75
24/08/2026,BSE,block,544600,LENSKART,VANGUARD TOTAL WORLD STOCK INDEX FUND,B,71766.0,641.75
24/08/2026,BSE,block,544600,LENSKART,WASATCH ADVISORS INC. A/C WASATCH EMERGING MARKETS SMALL CAP CIT,B,28639.0,641.75
24/08/2026,BSE,block,544600,LENSKART,WASATCH ADVISORS LP,B,455.0,641.75
24/08/2026,BSE,block,544600,LENSKART,TEACHERS RETIREMENT SYSTEM OF THE STATE OF ILLINOIS,B,223510.0,641.75
24/08/2026,BSE,block,544600,LENSKART,COMMONWEALTH OF PENNSYLVANIA PUBLIC SCHOOL EMPLOYEES RETIREMENT SYSTEM,B,78685.0,641.75
24/08/2026,BSE,block,544600,LENSKART,APT UNIVERSAL FONDS,B,11605.0,641.75
24/08/2026,BSE,block,544600,LENSKART,WASATCH ADVISORS INC A/C WASATCH EMERGING MARKETS SMALL CAP FUND,B,50106.0,641.75
24/08/2026,BSE,block,544600,LENSKART,EDELWEISS MUTUAL FUND,B,393000.0,641.75
24/08/2026,BSE,block,544600,LENSKART,NATIONAL PENSION SYSTEM (NPS) TRUST,B,2337000.0,641.75
24/08/2026,BSE,block,544600,LENSKART,BNP PARIBAS FINANCIAL MARKETS,B,393000.0,641.75
24/08/2026,BSE,block,544600,LENSKART,GHISALLO MASTER FUND LP,B,596000.0,641.75
24/08/2026,BSE,block,544600,LENSKART,GOLDMAN SACHS INVESTMENTS MAURITIUS I LIMITED,B,2240000.0,641.75
24/08/2026,BSE,block,544600,LENSKART,GOLDMAN SACHS BANK EUROPE SE,B,6191000.0,641.75
24/08/2026,BSE,block,544600,LENSKART,ICICI PRUDENTIAL LIFE INSURANCE COMPANY LIMITED,B,596000.0,641.75
24/08/2026,BSE,block,544600,LENSKART,MORGAN STANLEY ASIA SINGAPORE PTE,B,393000.0,641.75
24/08/2026,BSE,block,544600,LENSKART,NRSGVCC,B,894000.0,641.75
24/08/2026,BSE,block,544600,LENSKART,SVF II LIGHTBULB (CAYMAN) LIMITED,S,393000.0,641.75
24/08/2026,BSE,block,544600,LENSKART,SVF II LIGHTBULB (CAYMAN) LIMITED,S,393000.0,641.75
24/08/2026,BSE,block,544600,LENSKART,SVF II LIGHTBULB (CAYMAN) LIMITED,S,393000.0,641.75
24/08/2026,BSE,block,544600,LENSKART,SVF II LIGHTBULB (CAYMAN) LIMITED,S,393000.0,641.75
24/08/2026,BSE,block,544600,LENSKART,SVF II LIGHTBULB (CAYMAN) LIMITED,S,447000.0,641.75
24/08/2026,BSE,block,544600,LENSKART,SVF II LIGHTBULB (CAYMAN) LIMITED,S,447000.0,641.75
24/08/2026,BSE,block,544600,LENSKART,SVF II LIGHTBULB (CAYMAN) LIMITED,S,467000.0,641.75
24/08/2026,BSE,block,544600,LENSKART,SVF II LIGHTBULB (CAYMAN) LIMITED,S,596000.0,641.75
24/08/2026,BSE,block,544600,LENSKART,SVF II LIGHTBULB (CAYMAN) LIMITED,S,596000.0,641.75
24/08/2026,BSE,block,544600,LENSKART,SVF II LIGHTBULB (CAYMAN) LIMITED,S,745000.0,641.75
24/08/2026,BSE,block,544600,LENSKART,SVF II LIGHTBULB (CAYMAN) LIMITED,S,745000.0,641.75
24/08/2026,BSE,block,544600,LENSKART,SVF II LIGHTBULB (CAYMAN) LIMITED,S,779000.0,641.75
24/08/2026,BSE,block,544600,LENSKART,SVF II LIGHTBULB (CAYMAN) LIMITED,S,894000.0,641.75
24/08/2026,BSE,block,544600,LENSKART,SVF II LIGHTBULB (CAYMAN) LIMITED,S,2212000.0,641.75
24/08/2026,BSE,block,544600,LENSKART,SVF II LIGHTBULB (CAYMAN) LIMITED,S,2240000.0,641.75
24/08/2026,BSE,block,544600,LENSKART,SVF II LIGHTBULB (CAYMAN) LIMITED,S,2240000.0,641.75
24/08/2026,BSE,block,544600,LENSKART,SVF II LIGHTBULB (CAYMAN) LIMITED,S,2337000.0,641.75
24/08/2026,BSE,block,544600,LENSKART,SVF II LIGHTBULB (CAYMAN) LIMITED,S,3258000.0,641.75
24/08/2026,BSE,block,544600,LENSKART,SVF II LIGHTBULB (CAYMAN) LIMITED,S,3728000.0,641.75
24/08/2026,BSE,block,544600,LENSKART,SVF II LIGHTBULB (CAYMAN) LIMITED,S,4771000.0,641.75
24/08/2026,BSE,block,544600,LENSKART,SVF II LIGHTBULB (CAYMAN) LIMITED,S,6191000.0,641.75
24/08/2026,BSE,block,544600,LENSKART,SVF II LIGHTBULB (CAYMAN) LIMITED,S,10735000.0,641.75
25-AUG-2026,NSE,bulk_deals,ASPIRE,Aspire & Innovative Adv L,EXMARK DISTRIBUTORS PRIVATE LIMITED,BUY,98000,13.55
25-AUG-2026,NSE,bulk_deals,ATALREAL,Atal Realtech Limited,VISHAL MAHESH WAGHELA,BUY,1153000,34.07
25-AUG-2026,NSE,bulk_deals,ATALREAL,Atal Realtech Limited,ALTIZEN VENTURES LLP,BUY,637220,33.86
25-AUG-2026,NSE,bulk_deals,ATALREAL,Atal Realtech Limited,VIMLA DEVI PRATAPMAL JAIN,BUY,730000,33.58
25-AUG-2026,NSE,bulk_deals,ATALREAL,Atal Realtech Limited,VISHAL MAHESH WAGHELA,BUY,630004,34.04
25-AUG-2026,NSE,bulk_deals,BANG,Bang Overseas Limited,ORION STOCKS LTD,BUY,96167,35.07
25-AUG-2026,NSE,bulk_deals,BANG,Bang Overseas Limited,IRAGE BROKING SERVICES LLP,BUY,302235,35.23
25-AUG-2026,NSE,bulk_deals,BIOFILCHEM,Biofil Chemicals & Pharm,ORION STOCKS LTD,BUY,59108,32.69
25-AUG-2026,NSE,bulk_deals,BIOFILCHEM,Biofil Chemicals & Pharm,IRAGE BROKING SERVICES LLP,BUY,247278,32.97
25-AUG-2026,NSE,bulk_deals,BOROLTD,Borosil Limited,MICROCURVES TRADING PRIVATE LIMITED,BUY,826313,273.45
25-AUG-2026,NSE,bulk_deals,BOROLTD,Borosil Limited,NK SECURITIES RESEARCH PRIVATE LIMITED,BUY,1069036,273.23
25-AUG-2026,NSE,bulk_deals,BURNPUR,Burnpur Cement Limited,PRITHVI  FINMART  PRIVATE LIMITED,BUY,97099,12.67
25-AUG-2026,NSE,bulk_deals,CREDENT,Credent Connect N Care L,PRIJAL TRADEFIN LLP,BUY,92400,338.46
25-AUG-2026,NSE,bulk_deals,DJML,DJ Mediaprint & Log Ltd,NEO APEX SHARE BROKING SERVICES LLP,BUY,200000,72.99
25-AUG-2026,NSE,bulk_deals,DURLAX,Durlax Top Surface Ltd,ARYAMAN CAPITAL MARKETS LIMITED,BUY,146000,67.45
25-AUG-2026,NSE,bulk_deals,FASCINATE,Fascinate Textiles Ltd,ZAMAIRA DEVELOPERS LLP,BUY,137600,109.1
25-AUG-2026,NSE,bulk_deals,FMGOETZE,Federal-Mogul Goetze (I),JUNOMONETA FINSOL PRIVATE LIMITED,BUY,584257,541.11
25-AUG-2026,NSE,bulk_deals,FMGOETZE,Federal-Mogul Goetze (I),CLT RESEARCH TECH PRIVATE LTD,BUY,340075,542.85
25-AUG-2026,NSE,bulk_deals,FMGOETZE,Federal-Mogul Goetze (I),SILVERLEAF CAPITAL SERVICES PRIVATE LIMITED,BUY,290873,539.05
25-AUG-2026,NSE,bulk_deals,FMGOETZE,Federal-Mogul Goetze (I),QE SECURITIES LLP,BUY,294437,538.11
25-AUG-2026,NSE,bulk_deals,FMGOETZE,Federal-Mogul Goetze (I),BLITZQUANT RESEARCH LLP,BUY,326658,539.85
25-AUG-2026,NSE,bulk_deals,FMGOETZE,Federal-Mogul Goetze (I),IRAGE BROKING SERVICES LLP,BUY,405490,541.91
25-AUG-2026,NSE,bulk_deals,FMGOETZE,Federal-Mogul Goetze (I),MICROCURVES TRADING PRIVATE LIMITED,BUY,988649,541.17
25-AUG-2026,NSE,bulk_deals,FMGOETZE,Federal-Mogul Goetze (I),NK SECURITIES RESEARCH PRIVATE LIMITED,BUY,1022846,540.96
25-AUG-2026,NSE,bulk_deals,GANGAFORGE,Ganga Forging Limited,NEO APEX SHARE BROKING SERVICES LLP,BUY,10448169,1.86
25-AUG-2026,NSE,bulk_deals,GENESYS,Genesys International Cor,NEO APEX SHARE BROKING SERVICES LLP,BUY,184051,214.22
25-AUG-2026,NSE,bulk_deals,LAMBODHARA,Lambodhara Textiles Ltd.,INDUR THANWERDAS DADLANI,BUY,83266,140.19
25-AUG-2026,NSE,bulk_deals,MANYAVAR,Vedant Fashions Limited,SBI MUTUAL FUND,BUY,3630820,536.5
25-AUG-2026,NSE,bulk_deals,MEDIASSIST,Medi Assist Health Ser L,NTASIAN DISCOVERY MASTER FUND,BUY,400000,356.76
25-AUG-2026,NSE,bulk_deals,NARMADA,Narmada Agrobase Limited,MSB E TRADE SECURITIES LIMITED,BUY,518763,14.6
25-AUG-2026,NSE,bulk_deals,NIMBSPROJ,Nimbus Projects Limited,NIVL LEARNING EDUCATION PRIVATE LIMITED,BUY,70000,173.07
25-AUG-2026,NSE,bulk_deals,NIMBSPROJ,Nimbus Projects Limited,URJA  INVESTMENT PTE LTD,BUY,149255,174.09
25-AUG-2026,NSE,bulk_deals,NIMBSPROJ,Nimbus Projects Limited,NIVL IT SERVICES PRIVATE LIMITED,BUY,72209,172.84
25-AUG-2026,NSE,bulk_deals,ONIXSOLAR,Onix Solar Energy Ltd.,ONIX RENEWABLE LIMITED,BUY,640000,276.15
25-AUG-2026,NSE,bulk_deals,PARSVNATH,Parsvnath Developers Limi,NEO APEX SHARE BROKING SERVICES LLP,BUY,5955399,1.35
25-AUG-2026,NSE,bulk_deals,PCJEWELLER,PC Jeweller Ltd,JUMP TRADING FINANCIAL INDIA PRIVATE LIMITED,BUY,53487454,11.14
25-AUG-2026,NSE,bulk_deals,QUADFUTURE,Quadrant Future Tek Ltd,QE SECURITIES LLP,BUY,320359,424.75
25-AUG-2026,NSE,bulk_deals,QUADFUTURE,Quadrant Future Tek Ltd,JUNOMONETA FINSOL PRIVATE LIMITED,BUY,299306,425.82
25-AUG-2026,NSE,bulk_deals,RAMBHAJO,Advit Jewels Limited,JUNOMONETA FINSOL PRIVATE LIMITED,BUY,456397,225.2
25-AUG-2026,NSE,bulk_deals,RAMBHAJO,Advit Jewels Limited,NK SECURITIES RESEARCH PRIVATE LIMITED,BUY,267034,226.05
25-AUG-2026,NSE,bulk_deals,RAMBHAJO,Advit Jewels Limited,HRTI PRIVATE LIMITED,BUY,324507,223.62
25-AUG-2026,NSE,bulk_deals,RAMBHAJO,Advit Jewels Limited,QE SECURITIES LLP,BUY,459706,225.47
25-AUG-2026,NSE,bulk_deals,RAMBHAJO,Advit Jewels Limited,YUGA STOCKS AND COMMODITIES PRIVATE LIMITED,BUY,181525,237.46
25-AUG-2026,NSE,bulk_deals,RAMBHAJO,Advit Jewels Limited,MICROCURVES TRADING PRIVATE LIMITED,BUY,268316,228.81
25-AUG-2026,NSE,bulk_deals,RATNAVEER,Ratnaveer Precision Eng L,ARIHANT CAPITAL MARKETS LIMITED,BUY,260890,267.06
25-AUG-2026,NSE,bulk_deals,RATNAVEER,Ratnaveer Precision Eng L,HRTI PRIVATE LIMITED,BUY,226584,269.01
25-AUG-2026,NSE,bulk_deals,SHAH,Shah Metacorp Limited,DHANJIT REAL TRADE LLP,BUY,14523951,3.48
25-AUG-2026,NSE,bulk_deals,SHANKESH,Shankesh Jewellers Ltd,GOLDMINE STOCKS PRIVATE LIMITED,BUY,1562217,102.62
25-AUG-2026,NSE,bulk_deals,SHANKESH,Shankesh Jewellers Ltd,NIRAJ RAJNIKANT SHAH,BUY,2300000,99.86
25-AUG-2026,NSE,bulk_deals,SHANKESH,Shankesh Jewellers Ltd,KABRA KAILASH,BUY,916784,100.81
25-AUG-2026,NSE,bulk_deals,SHANKESH,Shankesh Jewellers Ltd,DIPAN MEHTA COMMODITIES PRIVATE LIMITED,BUY,1868213,100.72
25-AUG-2026,NSE,bulk_deals,SHANKESH,Shankesh Jewellers Ltd,ELIXIR WEALTH MANAGEMENT PRIVATE LIMITED,BUY,1046426,101.76
25-AUG-2026,NSE,bulk_deals,SHANKESH,Shankesh Jewellers Ltd,PEER GLOBAL TRADE PRIVATE LIMITED,BUY,881726,101.25
25-AUG-2026,NSE,bulk_deals,SHANKESH,Shankesh Jewellers Ltd,RAJASTHAN GLOBAL SECURITIES PRIVATE LIMITED,BUY,743000,100.03
25-AUG-2026,NSE,bulk_deals,SHANKESH,Shankesh Jewellers Ltd,SHARE INDIA SECURITIES LIMITED,BUY,979121,102.19
25-AUG-2026,NSE,bulk_deals,SHANKESH,Shankesh Jewellers Ltd,YUGA STOCKS AND COMMODITIES PRIVATE LIMITED,BUY,954935,99.54
25-AUG-2026,NSE,bulk_deals,SHANKESH,Shankesh Jewellers Ltd,GADGIL RENU GOVIND,BUY,945000,101.05
25-AUG-2026,NSE,bulk_deals,SHANKESH,Shankesh Jewellers Ltd,P.N. GADGIL & SONS LIMITED,BUY,1375000,101.05
25-AUG-2026,NSE,bulk_deals,SHANKESH,Shankesh Jewellers Ltd,NK SECURITIES RESEARCH PRIVATE LIMITED,BUY,3514114,101.55
25-AUG-2026,NSE,bulk_deals,SHANKESH,Shankesh Jewellers Ltd,PURE BROKING PRIVATE LIMITED,BUY,1373999,103.01
25-AUG-2026,NSE,bulk_deals,SHANKESH,Shankesh Jewellers Ltd,PRARAMBH SECURITIES PVT. LTD.,BUY,1100000,99.9
25-AUG-2026,NSE,bulk_deals,SHANKESH,Shankesh Jewellers Ltd,GRT STRATEGIC VENTURES LLP,BUY,2287147,102.33
25-AUG-2026,NSE,bulk_deals,SHANKESH,Shankesh Jewellers Ltd,IRAGE BROKING SERVICES LLP,BUY,2372921,102.06
25-AUG-2026,NSE,bulk_deals,SHANKESH,Shankesh Jewellers Ltd,VORA FINANCIAL SERVICES PVT LTD,BUY,794000,102.81
25-AUG-2026,NSE,bulk_deals,SHANKESH,Shankesh Jewellers Ltd,MARWADI CHANDARANA INTERMEDIARIES BROKERS PRIVATE LIMITED,BUY,1177258,102.7
25-AUG-2026,NSE,bulk_deals,SHANKESH,Shankesh Jewellers Ltd,JUMP TRADING FINANCIAL INDIA PRIVATE LIMITED,BUY,1519833,100.99
25-AUG-2026,NSE,bulk_deals,SHANKESH,Shankesh Jewellers Ltd,JUNOMONETA FINSOL PRIVATE LIMITED,BUY,2311517,101.09
25-AUG-2026,NSE,bulk_deals,SHANKESH,Shankesh Jewellers Ltd,MICROCURVES TRADING PRIVATE LIMITED,BUY,1698100,101.78
25-AUG-2026,NSE,bulk_deals,SILLYMONKS,Silly Monks Entertain Ltd,PRASAD A.RAJENDRA,BUY,73229,16.05
25-AUG-2026,NSE,bulk_deals,SUN-RE,Sunrest Life Ltd,MAHESH PRAKASH MHAPANKAR,BUY,33600,1.5
25-AUG-2026,NSE,bulk_deals,SUNSHINE,Sunshine Pictures Limited,GOLDMINE STOCKS PRIVATE LIMITED,BUY,197899,378.46
25-AUG-2026,NSE,bulk_deals,SUNSHINE,Sunshine Pictures Limited,NK SECURITIES RESEARCH PRIVATE LIMITED,BUY,465998,379.73
25-AUG-2026,NSE,bulk_deals,SUNSHINE,Sunshine Pictures Limited,BLITZQUANT RESEARCH LLP,BUY,158309,379.23
25-AUG-2026,NSE,bulk_deals,SUNSHINE,Sunshine Pictures Limited,GRT STRATEGIC VENTURES LLP,BUY,560667,379.67
25-AUG-2026,NSE,bulk_deals,SUNSHINE,Sunshine Pictures Limited,IRAGE BROKING SERVICES LLP,BUY,366636,379.5
25-AUG-2026,NSE,bulk_deals,SUNSHINE,Sunshine Pictures Limited,JUMP TRADING FINANCIAL INDIA PRIVATE LIMITED,BUY,263306,376.13
25-AUG-2026,NSE,bulk_deals,SUNSHINE,Sunshine Pictures Limited,JUNOMONETA FINSOL PRIVATE LIMITED,BUY,243715,377.03
25-AUG-2026,NSE,bulk_deals,SUNSHINE,Sunshine Pictures Limited,MICROCURVES TRADING PRIVATE LIMITED,BUY,174815,373.89
25-AUG-2026,NSE,bulk_deals,SUNSHINE,Sunshine Pictures Limited,ARIHANT CAPITAL MARKETS LIMITED,BUY,2380636,382.52
25-AUG-2026,NSE,bulk_deals,SUNSHINE,Sunshine Pictures Limited,AMRAPALI CAPITAL AND FINANCE SERVICES LTD,BUY,1500000,370.0
25-AUG-2026,NSE,bulk_deals,SUNSHINE,Sunshine Pictures Limited,PURE BROKING PRIVATE LIMITED,BUY,165071,379.94
25-AUG-2026,NSE,bulk_deals,ASPIRE,Aspire & Innovative Adv L,ARUNA AGARWAL,SELL,108000,13.55
25-AUG-2026,NSE,bulk_deals,ATALREAL,Atal Realtech Limited,VISHAL MAHESH WAGHELA,SELL,20004,33.94
25-AUG-2026,NSE,bulk_deals,ATALREAL,Atal Realtech Limited,VISHAL MAHESH WAGHELA,SELL,300000,34.12
25-AUG-2026,NSE,bulk_deals,ATALREAL,Atal Realtech Limited,SHARBHANG COMMERCIAL COMPANY PRIVATE LIMITED .,SELL,650000,33.62
25-AUG-2026,NSE,bulk_deals,ATALREAL,Atal Realtech Limited,ALTIZEN VENTURES LLP,SELL,1065014,34.0
25-AUG-2026,NSE,bulk_deals,BANG,Bang Overseas Limited,IRAGE BROKING SERVICES LLP,SELL,74570,35.11
25-AUG-2026,NSE,bulk_deals,BANG,Bang Overseas Limited,ORION STOCKS LTD,SELL,328654,35.25
25-AUG-2026,NSE,bulk_deals,BIOFILCHEM,Biofil Chemicals & Pharm,IRAGE BROKING SERVICES LLP,SELL,45356,32.88
25-AUG-2026,NSE,bulk_deals,BIOFILCHEM,Biofil Chemicals & Pharm,ORION STOCKS LTD,SELL,283492,33.0
25-AUG-2026,NSE,bulk_deals,BLBLIMITED,BLB Limited,ACN FINANCIAL SERVICES LTD,SELL,332000,16.02
25-AUG-2026,NSE,bulk_deals,BOROLTD,Borosil Limited,MICROCURVES TRADING PRIVATE LIMITED,SELL,826313,273.59
25-AUG-2026,NSE,bulk_deals,BOROLTD,Borosil Limited,NK SECURITIES RESEARCH PRIVATE LIMITED,SELL,1069036,273.37
25-AUG-2026,NSE,bulk_deals,BURNPUR,Burnpur Cement Limited,PRITHVI  FINMART  PRIVATE LIMITED,SELL,49285,12.87
25-AUG-2026,NSE,bulk_deals,CREDENT,Credent Connect N Care L,PRIJAL TRADEFIN LLP,SELL,27600,351.58
25-AUG-2026,NSE,bulk_deals,DJML,DJ Mediaprint & Log Ltd,NEO APEX SHARE BROKING SERVICES LLP,SELL,200007,74.61
25-AUG-2026,NSE,bulk_deals,FMGOETZE,Federal-Mogul Goetze (I),SILVERLEAF CAPITAL SERVICES PRIVATE LIMITED,SELL,290873,539.43
25-AUG-2026,NSE,bulk_deals,FMGOETZE,Federal-Mogul Goetze (I),CLT RESEARCH TECH PRIVATE LTD,SELL,340075,543.15
25-AUG-2026,NSE,bulk_deals,FMGOETZE,Federal-Mogul Goetze (I),QE SECURITIES LLP,SELL,294219,538.33
25-AUG-2026,NSE,bulk_deals,FMGOETZE,Federal-Mogul Goetze (I),MICROCURVES TRADING PRIVATE LIMITED,SELL,988649,541.62
25-AUG-2026,NSE,bulk_deals,FMGOETZE,Federal-Mogul Goetze (I),IRAGE BROKING SERVICES LLP,SELL,351664,542.07
25-AUG-2026,NSE,bulk_deals,FMGOETZE,Federal-Mogul Goetze (I),JUNOMONETA FINSOL PRIVATE LIMITED,SELL,583974,541.47
25-AUG-2026,NSE,bulk_deals,FMGOETZE,Federal-Mogul Goetze (I),NK SECURITIES RESEARCH PRIVATE LIMITED,SELL,1022846,541.23
25-AUG-2026,NSE,bulk_deals,FMGOETZE,Federal-Mogul Goetze (I),BLITZQUANT RESEARCH LLP,SELL,326658,540.07
25-AUG-2026,NSE,bulk_deals,GANGAFORGE,Ganga Forging Limited,NEO APEX SHARE BROKING SERVICES LLP,SELL,2110950,1.87
25-AUG-2026,NSE,bulk_deals,GATECH,GACM Technologies Limited,EBISU GLOBAL OPPORTUNITIES FUND LIMITED,SELL,57147652,0.97
25-AUG-2026,NSE,bulk_deals,GENESYS,Genesys International Cor,NEO APEX SHARE BROKING SERVICES LLP,SELL,228034,214.18
25-AUG-2026,NSE,bulk_deals,MANYAVAR,Vedant Fashions Limited,SBI MUTUAL FUND,SELL,3631027,536.5
25-AUG-2026,NSE,bulk_deals,NARMADA,Narmada Agrobase Limited,MSB E TRADE SECURITIES LIMITED,SELL,518751,14.19
25-AUG-2026,NSE,bulk_deals,NIMBSPROJ,Nimbus Projects Limited,NIVL LEARNING EDUCATION PRIVATE LIMITED,SELL,161265,174.18
25-AUG-2026,NSE,bulk_deals,NIMBSPROJ,Nimbus Projects Limited,NIVL IT SERVICES PRIVATE LIMITED,SELL,97809,172.57
25-AUG-2026,NSE,bulk_deals,ONIXSOLAR,Onix Solar Energy Ltd.,YAVA CORP GLOBAL LIMITED,SELL,190000,276.15
25-AUG-2026,NSE,bulk_deals,ORIENTHOT,Oriental Hotels Ltd,SUPREMUS PROJECTS LLP,SELL,1105010,142.21
25-AUG-2026,NSE,bulk_deals,PARSVNATH,Parsvnath Developers Limi,KINGSMAN WEALTH FUND PCC - KIF II,SELL,4301272,1.35
25-AUG-2026,NSE,bulk_deals,PCJEWELLER,PC Jeweller Ltd,JUMP TRADING FINANCIAL INDIA PRIVATE LIMITED,SELL,53487454,11.13
25-AUG-2026,NSE,bulk_deals,QUADFUTURE,Quadrant Future Tek Ltd,QE SECURITIES LLP,SELL,316488,425.88
25-AUG-2026,NSE,bulk_deals,QUADFUTURE,Quadrant Future Tek Ltd,JUNOMONETA FINSOL PRIVATE LIMITED,SELL,297623,426.05
25-AUG-2026,NSE,bulk_deals,RAMBHAJO,Advit Jewels Limited,NK SECURITIES RESEARCH PRIVATE LIMITED,SELL,267034,226.15
25-AUG-2026,NSE,bulk_deals,RAMBHAJO,Advit Jewels Limited,MICROCURVES TRADING PRIVATE LIMITED,SELL,268316,228.95
25-AUG-2026,NSE,bulk_deals,RAMBHAJO,Advit Jewels Limited,QE SECURITIES LLP,SELL,458235,224.51
25-AUG-2026,NSE,bulk_deals,RAMBHAJO,Advit Jewels Limited,HRTI PRIVATE LIMITED,SELL,313687,224.8
25-AUG-2026,NSE,bulk_deals,RAMBHAJO,Advit Jewels Limited,YUGA STOCKS AND COMMODITIES PRIVATE LIMITED,SELL,231525,234.76
25-AUG-2026,NSE,bulk_deals,RAMBHAJO,Advit Jewels Limited,JUNOMONETA FINSOL PRIVATE LIMITED,SELL,442225,225.37
25-AUG-2026,NSE,bulk_deals,RATNAVEER,Ratnaveer Precision Eng L,HRTI PRIVATE LIMITED,SELL,400820,270.83
25-AUG-2026,NSE,bulk_deals,RATNAVEER,Ratnaveer Precision Eng L,ARIHANT CAPITAL MARKETS LIMITED,SELL,391039,265.34
25-AUG-2026,NSE,bulk_deals,SHAH,Shah Metacorp Limited,DHANJIT REAL TRADE LLP,SELL,15861388,3.44
25-AUG-2026,NSE,bulk_deals,SHANKESH,Shankesh Jewellers Ltd,MICROCURVES TRADING PRIVATE LIMITED,SELL,1698100,101.81
25-AUG-2026,NSE,bulk_deals,SHANKESH,Shankesh Jewellers Ltd,GOLDMINE STOCKS PRIVATE LIMITED,SELL,1561917,102.72
25-AUG-2026,NSE,bulk_deals,SHANKESH,Shankesh Jewellers Ltd,KABRA KAILASH,SELL,916784,99.34
25-AUG-2026,NSE,bulk_deals,SHANKESH,Shankesh Jewellers Ltd,DIPAN MEHTA COMMODITIES PRIVATE LIMITED,SELL,1863213,100.64
25-AUG-2026,NSE,bulk_deals,SHANKESH,Shankesh Jewellers Ltd,ELIXIR WEALTH MANAGEMENT PRIVATE LIMITED,SELL,1046426,101.58
25-AUG-2026,NSE,bulk_deals,SHANKESH,Shankesh Jewellers Ltd,PEER GLOBAL TRADE PRIVATE LIMITED,SELL,881726,100.25
25-AUG-2026,NSE,bulk_deals,SHANKESH,Shankesh Jewellers Ltd,RAJASTHAN GLOBAL SECURITIES PRIVATE LIMITED,SELL,13000,103.0
25-AUG-2026,NSE,bulk_deals,SHANKESH,Shankesh Jewellers Ltd,SHARE INDIA SECURITIES LIMITED,SELL,969121,101.26
25-AUG-2026,NSE,bulk_deals,SHANKESH,Shankesh Jewellers Ltd,YUGA STOCKS AND COMMODITIES PRIVATE LIMITED,SELL,954935,99.67
25-AUG-2026,NSE,bulk_deals,SHANKESH,Shankesh Jewellers Ltd,NOMURA SINGAPORE LIMITED,SELL,1617535,96.66
25-AUG-2026,NSE,bulk_deals,SHANKESH,Shankesh Jewellers Ltd,NK SECURITIES RESEARCH PRIVATE LIMITED,SELL,3514114,101.6
25-AUG-2026,NSE,bulk_deals,SHANKESH,Shankesh Jewellers Ltd,PURE BROKING PRIVATE LIMITED,SELL,1358519,102.99
25-AUG-2026,NSE,bulk_deals,SHANKESH,Shankesh Jewellers Ltd,GRT STRATEGIC VENTURES LLP,SELL,2287147,102.37
25-AUG-2026,NSE,bulk_deals,SHANKESH,Shankesh Jewellers Ltd,IRAGE BROKING SERVICES LLP,SELL,2450588,101.92
25-AUG-2026,NSE,bulk_deals,SHANKESH,Shankesh Jewellers Ltd,VORA FINANCIAL SERVICES PVT LTD,SELL,794000,101.32
25-AUG-2026,NSE,bulk_deals,SHANKESH,Shankesh Jewellers Ltd,MARWADI CHANDARANA INTERMEDIARIES BROKERS PRIVATE LIMITED,SELL,1172258,103.16
25-AUG-2026,NSE,bulk_deals,SHANKESH,Shankesh Jewellers Ltd,JUMP TRADING FINANCIAL INDIA PRIVATE LIMITED,SELL,1519833,101.13
25-AUG-2026,NSE,bulk_deals,SHANKESH,Shankesh Jewellers Ltd,JUNOMONETA FINSOL PRIVATE LIMITED,SELL,2136101,101.32
25-AUG-2026,NSE,bulk_deals,SUN-RE,Sunrest Life Ltd,SHARDABEN DALSUKHRAM THAKKAR,SELL,49600,1.5
25-AUG-2026,NSE,bulk_deals,SUN-RE,Sunrest Life Ltd,PARESHKUMAR JAMANALAL JIVARANI,SELL,25600,1.36
25-AUG-2026,NSE,bulk_deals,SUNSHINE,Sunshine Pictures Limited,ARIHANT CAPITAL MARKETS LIMITED,SELL,1920836,370.72
25-AUG-2026,NSE,bulk_deals,SUNSHINE,Sunshine Pictures Limited,GOLDMINE STOCKS PRIVATE LIMITED,SELL,197899,378.49
25-AUG-2026,NSE,bulk_deals,SUNSHINE,Sunshine Pictures Limited,JUNOMONETA FINSOL PRIVATE LIMITED,SELL,228209,377.69
25-AUG-2026,NSE,bulk_deals,SUNSHINE,Sunshine Pictures Limited,PURE BROKING PRIVATE LIMITED,SELL,151560,381.21
25-AUG-2026,NSE,bulk_deals,SUNSHINE,Sunshine Pictures Limited,GRT STRATEGIC VENTURES LLP,SELL,560667,379.88
25-AUG-2026,NSE,bulk_deals,SUNSHINE,Sunshine Pictures Limited,IRAGE BROKING SERVICES LLP,SELL,413380,378.0
25-AUG-2026,NSE,bulk_deals,SUNSHINE,Sunshine Pictures Limited,JUMP TRADING FINANCIAL INDIA PRIVATE LIMITED,SELL,263306,375.87
25-AUG-2026,NSE,bulk_deals,SUNSHINE,Sunshine Pictures Limited,BLITZQUANT RESEARCH LLP,SELL,158309,379.34
25-AUG-2026,NSE,bulk_deals,SUNSHINE,Sunshine Pictures Limited,MICROCURVES TRADING PRIVATE LIMITED,SELL,174815,374.15
25-AUG-2026,NSE,bulk_deals,SUNSHINE,Sunshine Pictures Limited,NK SECURITIES RESEARCH PRIVATE LIMITED,SELL,465998,379.97
NO RECORDS,NSE,block_deals,nan,nan,nan,nan,nan,nan
25/08/2026,BSE,bulk,517356,ACIIN,VEENA KANTILAL CHAWALLA,B,565860.0,2.39
25/08/2026,BSE,bulk,517356,ACIIN,NEO APEX SHARE BROKING SERVICES LLP,S,750000.0,2.46
25/08/2026,BSE,bulk,544858,AEGEUS,RAMESH KUMAR,S,73200.0,157.68
25/08/2026,BSE,bulk,544858,AEGEUS,ANUJ AGARWAL,S,68400.0,156.55
25/08/2026,BSE,bulk,544858,AEGEUS,RAMESH KUMAR,B,1200.0,161.6
25/08/2026,BSE,bulk,544858,AEGEUS,ANUJ AGARWAL,B,1200.0,157.6
25/08/2026,BSE,bulk,532946,BANG,IRAGE BROKING SERVICES LLP,S,302242.0,35.17
25/08/2026,BSE,bulk,532946,BANG,IRAGE BROKING SERVICES LLP,B,74577.0,35.32
25/08/2026,BSE,bulk,532946,BANG,ORION STOCKS LTD,S,80839.0,35.3
25/08/2026,BSE,bulk,532946,BANG,ORION STOCKS LTD,B,337326.0,35.18
25/08/2026,BSE,bulk,538576,BHANDERI,PLENITUDE ENTERPRISES PRIVATE LIMITED,B,24000.0,130.0
25/08/2026,BSE,bulk,538576,BHANDERI,PRAVINBHAI LABHUBHAI VAGHASIYA,S,15600.0,130.0
25/08/2026,BSE,bulk,524396,BIOFILCHEM,IRAGE BROKING SERVICES LLP,S,229855.0,32.69
25/08/2026,BSE,bulk,524396,BIOFILCHEM,IRAGE BROKING SERVICES LLP,B,27933.0,33.11
25/08/2026,BSE,bulk,524396,BIOFILCHEM,ORION STOCKS LTD,S,44617.0,33.04
25/08/2026,BSE,bulk,524396,BIOFILCHEM,ORION STOCKS LTD,B,269001.0,32.72
25/08/2026,BSE,bulk,540829,CHANDRIMA,PLASTOMATIC PACKAGING PRIVATE LIMITED,B,4555371.0,9.21
25/08/2026,BSE,bulk,540829,CHANDRIMA,PLASTOMATIC PACKAGING PRIVATE LIMITED,S,4555371.0,9.28
25/08/2026,BSE,bulk,544667,DACHEPALLI,MANSI SHARE AND STOCK BROKING PRIVATE LIMITED,B,430800.0,83.97
25/08/2026,BSE,bulk,544667,DACHEPALLI,SANJAY JAYKANT SHAH,S,214800.0,84.0
25/08/2026,BSE,bulk,544667,DACHEPALLI,RAGHAV KAROL HUF,S,130800.0,84.0
25/08/2026,BSE,bulk,543516,DHYAANITR,DIVYARAJSINH NIRUBHA ZALA,B,100800.0,6.72
25/08/2026,BSE,bulk,544876,ENS,ACME CAPITAL MARKET LIMITED,B,85200.0,103.49
25/08/2026,BSE,bulk,531723,GATECH,RATHOD DIGVIJAYSINH RAJENDRASINH,B,8238576.0,1.0
25/08/2026,BSE,bulk,544759,GLPL,KAILASH KABRA,B,96000.0,40.14
25/08/2026,BSE,bulk,544759,GLPL,KAILASH KABRA,S,96000.0,40.1
25/08/2026,BSE,bulk,544759,GLPL,AJIT SINGH,B,60000.0,40.04
25/08/2026,BSE,bulk,544759,GLPL,VEER SINGH THAKUR,B,51000.0,40.15
25/08/2026,BSE,bulk,544759,GLPL,VEER SINGH THAKUR,S,3000.0,40.0
25/08/2026,BSE,bulk,544759,GLPL,CUMULATIVE CAPITAL PRIVATE LIMITED,S,51000.0,40.15
25/08/2026,BSE,bulk,514386,GUJCOTEX,JAGID VANITABEN RAJENDRAPRASAD,B,1118453.0,2.97
25/08/2026,BSE,bulk,514386,GUJCOTEX,JAGID VANITABEN RAJENDRAPRASAD,S,809421.0,3.23
25/08/2026,BSE,bulk,514386,GUJCOTEX,L7 HITECH PRIVATE LIMITED,S,674387.0,3.23
25/08/2026,BSE,bulk,514386,GUJCOTEX,L7 HITECH PRIVATE LIMITED,B,674387.0,3.22
25/08/2026,BSE,bulk,541627,GUJWIND,KREON FINNANCIAL SERVICES LIMITED,B,48268.0,9.74
25/08/2026,BSE,bulk,544160,JAYKAILASH,AARUSH  CHOPRA,B,46400.0,68.66
25/08/2026,BSE,bulk,539679,KAPILRAJ,SURAJ PANCHAL,S,2153786.0,1.55
25/08/2026,BSE,bulk,539679,KAPILRAJ,RAHUL JAIN,B,644000.0,1.55
25/08/2026,BSE,bulk,539679,KAPILRAJ,RAHUL  JAIN,B,645000.0,1.55
25/08/2026,BSE,bulk,539408,KUBERJI,EPITOME TRADING AND INVESTMENTS,B,20000.0,46.27
25/08/2026,BSE,bulk,541337,MILEFUR,JOY  BANERJEE,S,48000.0,20.72
25/08/2026,BSE,bulk,511000,MSLGLOBAL,NITIJ AJEET ARENJA,S,173788.0,16.38
25/08/2026,BSE,bulk,511000,MSLGLOBAL,SALIM PYARALI GOVANI,B,155000.0,16.43
25/08/2026,BSE,bulk,544751,MTL,AJAYKUMAR NATAVARLAL SANGANI,B,74400.0,98.78
25/08/2026,BSE,bulk,540243,NEWLIGHT,MANOJ AGRAWAL,S,977800.0,1.46
25/08/2026,BSE,bulk,540243,NEWLIGHT,SANJAY  AGARWAL,B,500000.0,1.46
25/08/2026,BSE,bulk,513119,ONIXSOLAR,ABHISHEK ASHVINBHAI KAMDAR,S,254717.0,279.09
25/08/2026,BSE,bulk,513119,ONIXSOLAR,ONIX RENEWABLE LIMITED,B,443000.0,277.81
25/08/2026,BSE,bulk,539309,RAMASTEEL,MINERVA VENTURES FUND,B,17283405.0,4.16
25/08/2026,BSE,bulk,544882,SHANKESH,IRAGE BROKING SERVICES LLP,S,1130285.0,101.78
25/08/2026,BSE,bulk,544882,SHANKESH,IRAGE BROKING SERVICES LLP,B,1197238.0,101.55
25/08/2026,BSE,bulk,544035,SPL,ANITHA D,B,99200.0,21.05
25/08/2026,BSE,bulk,544035,SPL,SIMRAN,S,99200.0,21.05
25/08/2026,BSE,bulk,544881,SUNSHINE,ARIHANT CAPITAL MARKETS LIMITED,S,300000.0,368.9
25/08/2026,BSE,bulk,544881,SUNSHINE,ARIHANT CAPITAL MARKETS LIMITED,B,10000.0,394.0
25/08/2026,BSE,bulk,544881,SUNSHINE,IRAGE BROKING SERVICES LLP,S,126875.0,382.46
25/08/2026,BSE,bulk,544881,SUNSHINE,IRAGE BROKING SERVICES LLP,B,172736.0,377.43
25/08/2026,BSE,bulk,506122,VOLKAI,NEO APEX SHARE BROKING SERVICES LLP,S,11518.0,142.06
25/08/2026,BSE,bulk,506122,VOLKAI,NEO APEX SHARE BROKING SERVICES LLP,B,10000.0,142.06
25/08/2026,BSE,bulk,506122,VOLKAI,CORPORATE MERCHANT BANKERS LIMITED,B,10244.0,142.06
25/08/2026,BSE,bulk,506122,VOLKAI,ARHAM SHARE PRIVATE LIMITED,S,5000.0,142.06
25/08/2026,BSE,bulk,506122,VOLKAI,ARHAM SHARE PRIVATE LIMITED,B,13000.0,142.06
25/08/2026,BSE,bulk,506122,VOLKAI,JAYESH JAYANTILAL PANCHAL,B,20000.0,141.89
25/08/2026,BSE,bulk,538451,WORTH,CHETAN KIRITBHAI MEHTA,S,2060500.0,3.15
24/08/2026,BSE,block,544122,ENTERO,3P INDIA EQUITY FUND 1,B,762000.0,1377.8
24/08/2026,BSE,block,544122,ENTERO,3P INDIA EQUITY FUND 1M,B,326500.0,1377.8
24/08/2026,BSE,block,544122,ENTERO,PRASID UNO FAMILY TRUST,S,326500.0,1377.8
24/08/2026,BSE,block,544122,ENTERO,PRASID UNO FAMILY TRUST,S,762000.0,1377.8
24/08/2026,BSE,block,544600,LENSKART,EDELWEISS MUTUAL FUND,B,393000.0,641.75
24/08/2026,BSE,block,544600,LENSKART,NATIONAL PENSION SYSTEM (NPS) TRUST,B,2337000.0,641.75
24/08/2026,BSE,block,544600,LENSKART,BNP PARIBAS FINANCIAL MARKETS,B,393000.0,641.75
24/08/2026,BSE,block,544600,LENSKART,GHISALLO MASTER FUND LP,B,596000.0,641.75
24/08/2026,BSE,block,544600,LENSKART,GOLDMAN SACHS INVESTMENTS MAURITIUS I LIMITED,B,2240000.0,641.75
24/08/2026,BSE,block,544600,LENSKART,GOLDMAN SACHS BANK EUROPE SE,B,6191000.0,641.75
24/08/2026,BSE,block,544600,LENSKART,ICICI PRUDENTIAL LIFE INSURANCE COMPANY LIMITED,B,596000.0,641.75
24/08/2026,BSE,block,544600,LENSKART,MORGAN STANLEY ASIA SINGAPORE PTE,B,393000.0,641.75
24/08/2026,BSE,block,544600,LENSKART,NRSGVCC,B,894000.0,641.75
24/08/2026,BSE,block,544600,LENSKART,APT UNIVERSAL FONDS,B,11605.0,641.75
24/08/2026,BSE,block,544600,LENSKART,WASATCH ADVISORS INC A/C WASATCH EMERGING MARKETS SMALL CAP FUND,B,50106.0,641.75
24/08/2026,BSE,block,544600,LENSKART,KUWAIT INVESTMENT AUTHORITY,B,333000.0,641.75
24/08/2026,BSE,block,544600,LENSKART,NIPPON INDIA INVESTMENT UNIT TRUST - NIPPON INDIA SMALL AND MID-CAP EF,B,14000.0,641.75
24/08/2026,BSE,block,544600,LENSKART,NIPPON INDIA INVESTMENT UNIT TRUST - NIPPON INDIA EQUITY FUND,B,100000.0,641.75
24/08/2026,BSE,block,544600,LENSKART,FRANKLIN TEMPLETON MUTUAL FUND,B,745000.0,641.75
24/08/2026,BSE,block,544600,LENSKART,HDFC MUTUAL FUND,B,2212000.0,641.75
24/08/2026,BSE,block,544600,LENSKART,HSBC MUTUAL FUND,B,281762.0,641.75
24/08/2026,BSE,block,544600,LENSKART,HSBC MUTUAL FUND,B,774847.0,641.75
24/08/2026,BSE,block,544600,LENSKART,HSBC MUTUAL FUND,B,722137.0,641.75
24/08/2026,BSE,block,544600,LENSKART,HSBC MUTUAL FUND,B,1127051.0,641.75
24/08/2026,BSE,block,544600,LENSKART,HSBC MUTUAL FUND,B,352203.0,641.75
24/08/2026,BSE,block,544600,LENSKART,ICICI PRUDENTIAL MUTUAL FUND,B,558750.0,641.75
24/08/2026,BSE,block,544600,LENSKART,ICICI PRUDENTIAL MUTUAL FUND,B,186250.0,641.75
24/08/2026,BSE,block,544600,LENSKART,KOTAK MAHINDRA MUTUAL FUND,B,467000.0,641.75
24/08/2026,BSE,block,544600,LENSKART,MOTILAL OSWAL MUTUAL FUND,B,4771000.0,641.75
24/08/2026,BSE,block,544600,LENSKART,INTEGRATED CORE STRATEGIES (ASIA) PTE. LTD.,B,2240000.0,641.75
24/08/2026,BSE,block,544600,LENSKART,SUNDARAM MUTUAL FUND,B,447000.0,641.75
24/08/2026,BSE,block,544600,LENSKART,SBI MUTUAL FUND,B,779000.0,641.75
24/08/2026,BSE,block,544600,LENSKART,SOCIETE GENERALE  ODI,B,10735000.0,641.75
24/08/2026,BSE,block,544600,LENSKART,VANGUARD FTSE ALL WORLD EX US FUND A SERIES OF VIEIF,B,207144.0,641.75
24/08/2026,BSE,block,544600,LENSKART,VANGUARD FUNDS PUBLIC LIMITED COMPANY VANGUARD FTSE ALL WORLD ETF,B,83974.0,641.75
24/08/2026,BSE,block,544600,LENSKART,VANGUARD FUNDS PUBLIC LIMITED COMPANY VANGUARD FTSE EMERGING MARKETS ETF,B,49373.0,641.75
24/08/2026,BSE,block,544600,LENSKART,VANGUARD ASIA EX JAPAN SHARES INDEX FUND,B,3204.0,641.75
24/08/2026,BSE,block,544600,LENSKART,VFTC - INSTITUTIONAL TOTAL INTERNATIONAL STOCK MARKET INDEX TRUST II,B,652744.0,641.75
24/08/2026,BSE,block,544600,LENSKART,VANGUARD EMERGING MARKETS STOCK INDEX FUND A SERIES OF VIEIF,B,1240771.0,641.75
24/08/2026,BSE,block,544600,LENSKART,VFTC - INSTITUTIONAL TOTAL INTERNATIONAL STOCK MARKET INDEX TRUST,B,108883.0,641.75
24/08/2026,BSE,block,544600,LENSKART,VANGUARD TOTAL INTERNATIONAL STOCK INDEX FUND,B,1290657.0,641.75
24/08/2026,BSE,block,544600,LENSKART,VANGUARD EMERGING MARKETS EX-CHINA ETF,B,2981.0,641.75
24/08/2026,BSE,block,544600,LENSKART,VANGUARD INVESTMENTS FUNDS ICVCVANGUARD FTSE GLOBAL ALL CAP INDEX FUND,B,16503.0,641.75
24/08/2026,BSE,block,544600,LENSKART,VANGUARD TOTAL WORLD STOCK INDEX FUND,B,71766.0,641.75
24/08/2026,BSE,block,544600,LENSKART,WASATCH ADVISORS INC. A/C WASATCH EMERGING MARKETS SMALL CAP CIT,B,28639.0,641.75
24/08/2026,BSE,block,544600,LENSKART,WASATCH ADVISORS LP,B,455.0,641.75
24/08/2026,BSE,block,544600,LENSKART,TEACHERS RETIREMENT SYSTEM OF THE STATE OF ILLINOIS,B,223510.0,641.75
24/08/2026,BSE,block,544600,LENSKART,COMMONWEALTH OF PENNSYLVANIA PUBLIC SCHOOL EMPLOYEES RETIREMENT SYSTEM,B,78685.0,641.75
24/08/2026,BSE,block,544600,LENSKART,SVF II LIGHTBULB (CAYMAN) LIMITED,S,393000.0,641.75
24/08/2026,BSE,block,544600,LENSKART,SVF II LIGHTBULB (CAYMAN) LIMITED,S,393000.0,641.75
24/08/2026,BSE,block,544600,LENSKART,SVF II LIGHTBULB (CAYMAN) LIMITED,S,393000.0,641.75
24/08/2026,BSE,block,544600,LENSKART,SVF II LIGHTBULB (CAYMAN) LIMITED,S,393000.0,641.75
24/08/2026,BSE,block,544600,LENSKART,SVF II LIGHTBULB (CAYMAN) LIMITED,S,447000.0,641.75
24/08/2026,BSE,block,544600,LENSKART,SVF II LIGHTBULB (CAYMAN) LIMITED,S,447000.0,641.75
24/08/2026,BSE,block,544600,LENSKART,SVF II LIGHTBULB (CAYMAN) LIMITED,S,467000.0,641.75
24/08/2026,BSE,block,544600,LENSKART,SVF II LIGHTBULB (CAYMAN) LIMITED,S,596000.0,641.75
24/08/2026,BSE,block,544600,LENSKART,SVF II LIGHTBULB (CAYMAN) LIMITED,S,596000.0,641.75
24/08/2026,BSE,block,544600,LENSKART,SVF II LIGHTBULB (CAYMAN) LIMITED,S,745000.0,641.75
24/08/2026,BSE,block,544600,LENSKART,SVF II LIGHTBULB (CAYMAN) LIMITED,S,745000.0,641.75
24/08/2026,BSE,block,544600,LENSKART,SVF II LIGHTBULB (CAYMAN) LIMITED,S,779000.0,641.75
24/08/2026,BSE,block,544600,LENSKART,SVF II LIGHTBULB (CAYMAN) LIMITED,S,894000.0,641.75
24/08/2026,BSE,block,544600,LENSKART,SVF II LIGHTBULB (CAYMAN) LIMITED,S,2212000.0,641.75
24/08/2026,BSE,block,544600,LENSKART,SVF II LIGHTBULB (CAYMAN) LIMITED,S,2240000.0,641.75
24/08/2026,BSE,block,544600,LENSKART,SVF II LIGHTBULB (CAYMAN) LIMITED,S,2240000.0,641.75
24/08/2026,BSE,block,544600,LENSKART,SVF II LIGHTBULB (CAYMAN) LIMITED,S,2337000.0,641.75
24/08/2026,BSE,block,544600,LENSKART,SVF II LIGHTBULB (CAYMAN) LIMITED,S,3258000.0,641.75
24/08/2026,BSE,block,544600,LENSKART,SVF II LIGHTBULB (CAYMAN) LIMITED,S,3728000.0,641.75
24/08/2026,BSE,block,544600,LENSKART,SVF II LIGHTBULB (CAYMAN) LIMITED,S,4771000.0,641.75
24/08/2026,BSE,block,544600,LENSKART,SVF II LIGHTBULB (CAYMAN) LIMITED,S,6191000.0,641.75
24/08/2026,BSE,block,544600,LENSKART,SVF II LIGHTBULB (CAYMAN) LIMITED,S,10735000.0,641.75
26-AUG-2026,NSE,bulk_deals,AAREYDRUGS,Aarey Drugs & Pharm Ltd,VAYUMIND INNOVATIONS PRIVATE LIMITED,BUY,154471,80.45
26-AUG-2026,NSE,bulk_deals,AASTHA,Aastha Spintex Limited,JAGID VANITABEN RAJENDRAPRASAD,BUY,218459,78.11
26-AUG-2026,NSE,bulk_deals,AASTHA,Aastha Spintex Limited,MADHAV ENTERPRISE,BUY,300000,74.0
26-AUG-2026,NSE,bulk_deals,AASTHA,Aastha Spintex Limited,L7 HITECH PRIVATE LIMITED,BUY,557959,79.5
26-AUG-2026,NSE,bulk_deals,AASTHA,Aastha Spintex Limited,MAHARASTRA ENTERPRISE,BUY,300000,74.0
26-AUG-2026,NSE,bulk_deals,ATALREAL,Atal Realtech Limited,JAGID VANITABEN RAJENDRAPRASAD,BUY,643395,34.65
26-AUG-2026,NSE,bulk_deals,ATALREAL,Atal Realtech Limited,KARAN RASHMIKANT SHAH,BUY,1133834,34.3
26-AUG-2026,NSE,bulk_deals,ATALREAL,Atal Realtech Limited,MAHESH MULCHAND WAGHELA,BUY,700000,34.47
26-AUG-2026,NSE,bulk_deals,ATALREAL,Atal Realtech Limited,QE SECURITIES LLP,BUY,691381,34.35
26-AUG-2026,NSE,bulk_deals,ATALREAL,Atal Realtech Limited,HRTI PRIVATE LIMITED,BUY,521017,34.2
26-AUG-2026,NSE,bulk_deals,BANG,Bang Overseas Limited,IRAGE BROKING SERVICES LLP,BUY,101216,34.5
26-AUG-2026,NSE,bulk_deals,BANG,Bang Overseas Limited,ORION STOCKS LTD,BUY,377873,33.98
26-AUG-2026,NSE,bulk_deals,BIOFILCHEM,Biofil Chemicals & Pharm,IRAGE BROKING SERVICES LLP,BUY,153082,32.76
26-AUG-2026,NSE,bulk_deals,BIOFILCHEM,Biofil Chemicals & Pharm,ORION STOCKS LTD,BUY,61787,32.46
26-AUG-2026,NSE,bulk_deals,BLEL,Behari Lal Engineering L,MATHISYS QUANTCAP LLP,BUY,292377,449.06
26-AUG-2026,NSE,bulk_deals,BLEL,Behari Lal Engineering L,MICROCURVES TRADING PRIVATE LIMITED,BUY,251533,459.58
26-AUG-2026,NSE,bulk_deals,BLEL,Behari Lal Engineering L,JUMP TRADING FINANCIAL INDIA PRIVATE LIMITED,BUY,215532,459.74
26-AUG-2026,NSE,bulk_deals,BLEL,Behari Lal Engineering L,QE SECURITIES LLP,BUY,258916,447.81
26-AUG-2026,NSE,bulk_deals,BURNPUR,Burnpur Cement Limited,LEKHRAJ PARASMAL KANUNGO,BUY,100000,13.06
26-AUG-2026,NSE,bulk_deals,BVCL,Barak Valley Cements Limi,IRAGE BROKING SERVICES LLP,BUY,127694,44.23
26-AUG-2026,NSE,bulk_deals,BVCL,Barak Valley Cements Limi,ORION STOCKS LTD,BUY,19600,44.55
26-AUG-2026,NSE,bulk_deals,CYIENT,Cyient Limited,QE SECURITIES LLP,BUY,528376,1041.8
26-AUG-2026,NSE,bulk_deals,DWARKESH,Dwarikesh Sugar Industrie,HRTI PRIVATE LIMITED,BUY,910889,53.71
26-AUG-2026,NSE,bulk_deals,FASCINATE,Fascinate Textiles Ltd,NEO APEX SHARE BROKING SERVICES LLP,BUY,342400,103.66
26-AUG-2026,NSE,bulk_deals,FASCINATE,Fascinate Textiles Ltd,GIRIJADHAVA VYAPAAR PRIVATE LIMITED,BUY,229600,103.65
26-AUG-2026,NSE,bulk_deals,FMGOETZE,Federal-Mogul Goetze (I),IRAGE BROKING SERVICES LLP,BUY,555321,562.67
26-AUG-2026,NSE,bulk_deals,FMGOETZE,Federal-Mogul Goetze (I),QE SECURITIES LLP,BUY,532421,566.57
26-AUG-2026,NSE,bulk_deals,FMGOETZE,Federal-Mogul Goetze (I),JUNOMONETA FINSOL PRIVATE LIMITED,BUY,745722,563.98
26-AUG-2026,NSE,bulk_deals,FMGOETZE,Federal-Mogul Goetze (I),MICROCURVES TRADING PRIVATE LIMITED,BUY,1077118,564.02
26-AUG-2026,NSE,bulk_deals,FMGOETZE,Federal-Mogul Goetze (I),ELIXIR WEALTH MANAGEMENT PRIVATE LIMITED,BUY,556416,563.22
26-AUG-2026,NSE,bulk_deals,FMGOETZE,Federal-Mogul Goetze (I),NK SECURITIES RESEARCH PRIVATE LIMITED,BUY,559273,566.78
26-AUG-2026,NSE,bulk_deals,GAJA,Gaja Alt Asset Mgt Ltd,GRT STRATEGIC VENTURES LLP,BUY,1514533,178.34
26-AUG-2026,NSE,bulk_deals,GAJA,Gaja Alt Asset Mgt Ltd,IRAGE BROKING SERVICES LLP,BUY,1235165,177.81
26-AUG-2026,NSE,bulk_deals,GAJA,Gaja Alt Asset Mgt Ltd,INVESCO MUTUAL FUND,BUY,950000,185.0
26-AUG-2026,NSE,bulk_deals,GAJA,Gaja Alt Asset Mgt Ltd,NK SECURITIES RESEARCH PRIVATE LIMITED,BUY,2272405,179.04
26-AUG-2026,NSE,bulk_deals,GAJA,Gaja Alt Asset Mgt Ltd,YUGA STOCKS AND COMMODITIES PRIVATE LIMITED,BUY,1219782,180.37
26-AUG-2026,NSE,bulk_deals,GAJA,Gaja Alt Asset Mgt Ltd,INVESCO MUTUAL FUND,BUY,6500000,185.0
26-AUG-2026,NSE,bulk_deals,GAJA,Gaja Alt Asset Mgt Ltd,INVESCO MUTUAL FUND,BUY,1145049,174.5
26-AUG-2026,NSE,bulk_deals,GAJA,Gaja Alt Asset Mgt Ltd,ELIXIR WEALTH MANAGEMENT PRIVATE LIMITED,BUY,893454,175.94
26-AUG-2026,NSE,bulk_deals,GAJA,Gaja Alt Asset Mgt Ltd,DIPAN MEHTA COMMODITIES PRIVATE LIMITED,BUY,808917,174.67
26-AUG-2026,NSE,bulk_deals,GAJA,Gaja Alt Asset Mgt Ltd,GOLDMINE STOCKS PRIVATE LIMITED,BUY,1127623,175.34
26-AUG-2026,NSE,bulk_deals,GAJA,Gaja Alt Asset Mgt Ltd,MICROCURVES TRADING PRIVATE LIMITED,BUY,919600,172.16
26-AUG-2026,NSE,bulk_deals,GAJA,Gaja Alt Asset Mgt Ltd,JUNOMONETA FINSOL PRIVATE LIMITED,BUY,1197940,176.51
26-AUG-2026,NSE,bulk_deals,GAJA,Gaja Alt Asset Mgt Ltd,JUMP TRADING FINANCIAL INDIA PRIVATE LIMITED,BUY,829301,173.55
26-AUG-2026,NSE,bulk_deals,GAJA,Gaja Alt Asset Mgt Ltd,MARWADI CHANDARANA INTERMEDIARIES BROKERS PRIVATE LIMITED,BUY,1387745,174.06
26-AUG-2026,NSE,bulk_deals,GATECH,GACM Technologies Limited,RATHOD DIGVIJAYSINH RAJENDRASINH,BUY,1545294,1.0
26-AUG-2026,NSE,bulk_deals,GENCON,Generic Eng Cons Proj Ltd,CHAUBARA EATS PRIVATE LIMITED,BUY,311212,45.58
26-AUG-2026,NSE,bulk_deals,GENESYS,Genesys International Cor,SANDEEP NARESH SHAH,BUY,225127,248.84
26-AUG-2026,NSE,bulk_deals,GENESYS,Genesys International Cor,MICROCURVES TRADING PRIVATE LIMITED,BUY,1002887,243.82
26-AUG-2026,NSE,bulk_deals,GENESYS,Genesys International Cor,LAXMI TRADE SOLUTIONS,BUY,257976,254.43
26-AUG-2026,NSE,bulk_deals,GENESYS,Genesys International Cor,ALPHAGREP SECURITIES PRIVATE LIMITED,BUY,359866,241.93
26-AUG-2026,NSE,bulk_deals,GENESYS,Genesys International Cor,INDRA KIRAN VENTURES,BUY,247422,253.92
26-AUG-2026,NSE,bulk_deals,GENESYS,Genesys International Cor,VINSUL MAKARDI LTD,BUY,217530,244.74
26-AUG-2026,NSE,bulk_deals,GENESYS,Genesys International Cor,HRTI PRIVATE LIMITED,BUY,212275,245.77
26-AUG-2026,NSE,bulk_deals,GENESYS,Genesys International Cor,QE SECURITIES LLP,BUY,494411,247.69
26-AUG-2026,NSE,bulk_deals,GENESYS,Genesys International Cor,IRAGE BROKING SERVICES LLP,BUY,426706,243.16
26-AUG-2026,NSE,bulk_deals,GENESYS,Genesys International Cor,SILVERLEAF CAPITAL SERVICES PRIVATE LIMITED,BUY,217253,237.85
26-AUG-2026,NSE,bulk_deals,GENESYS,Genesys International Cor,NK SECURITIES RESEARCH PRIVATE LIMITED,BUY,450372,245.77
26-AUG-2026,NSE,bulk_deals,GENESYS,Genesys International Cor,JUNOMONETA FINSOL PRIVATE LIMITED,BUY,706878,244.3
26-AUG-2026,NSE,bulk_deals,INDOTHAI,Indo Thai Sec Ltd,D3 STOCK VISION LLP,BUY,3587620,51.34
26-AUG-2026,NSE,bulk_deals,INDOTHAI,Indo Thai Sec Ltd,MULTIPLIER SHARE & STOCK ADVISORS PRIVATE LIMITED,BUY,1124898,51.36
26-AUG-2026,NSE,bulk_deals,INDOTHAI,Indo Thai Sec Ltd,NEO APEX SHARE BROKING SERVICES LLP,BUY,6620347,51.18
26-AUG-2026,NSE,bulk_deals,INDOTHAI,Indo Thai Sec Ltd,PRIJAL TRADEFIN LLP,BUY,1000000,51.6
26-AUG-2026,NSE,bulk_deals,INDOTHAI,Indo Thai Sec Ltd,SAHASTRAA ADVISORS PRIVATE LIMITED,BUY,958262,51.62
26-AUG-2026,NSE,bulk_deals,INDOTHAI,Indo Thai Sec Ltd,SETU SECURITIES PVT LTD,BUY,2500085,51.16
26-AUG-2026,NSE,bulk_deals,INDOTHAI,Indo Thai Sec Ltd,MANSI SHARE AND STOCK BROKING PRIVATE LIMITED,BUY,4099670,51.2
26-AUG-2026,NSE,bulk_deals,KCK,Kck Industries Limited,GIRIRAJ STOCK BROKING PRIVATE LIMITED,BUY,330000,14.06
26-AUG-2026,NSE,bulk_deals,LAMOSAIC,Lamosaic India Limited,NRIP JAIN,BUY,69000,56.96
26-AUG-2026,NSE,bulk_deals,LAMOSAIC,Lamosaic India Limited,ALTIZEN VENTURES LLP,BUY,60000,57.31
26-AUG-2026,NSE,bulk_deals,MVKAGRO,M.V.K. Agro Food Prod Ltd,NEO APEX SHARE BROKING SERVICES LLP,BUY,482100,152.05
26-AUG-2026,NSE,bulk_deals,POLYSIL,Polysil Irrigation Syst L,NEO APEX SHARE BROKING SERVICES LLP,BUY,267500,47.46
26-AUG-2026,NSE,bulk_deals,PWL,Physicswallah Limited,ICICI PRUDENTIAL MUTUAL FUND,BUY,22000003,117.72
26-AUG-2026,NSE,bulk_deals,RAMBHAJO,Advit Jewels Limited,MICROCURVES TRADING PRIVATE LIMITED,BUY,605877,242.94
26-AUG-2026,NSE,bulk_deals,RAMBHAJO,Advit Jewels Limited,L7 HITECH PRIVATE LIMITED,BUY,440000,246.2
26-AUG-2026,NSE,bulk_deals,RAMBHAJO,Advit Jewels Limited,NAVRATRI SHARE TRADING PRIVATE LIMITED,BUY,235000,220.13
26-AUG-2026,NSE,bulk_deals,RAMBHAJO,Advit Jewels Limited,NK SECURITIES RESEARCH PRIVATE LIMITED,BUY,306678,241.6
26-AUG-2026,NSE,bulk_deals,RAMBHAJO,Advit Jewels Limited,ALPHAGREP SECURITIES PRIVATE LIMITED,BUY,258130,240.51
26-AUG-2026,NSE,bulk_deals,RAMBHAJO,Advit Jewels Limited,QE SECURITIES LLP,BUY,448159,236.42
26-AUG-2026,NSE,bulk_deals,RAMBHAJO,Advit Jewels Limited,JUNOMONETA FINSOL PRIVATE LIMITED,BUY,539000,240.41
26-AUG-2026,NSE,bulk_deals,RATNAVEER,Ratnaveer Precision Eng L,HRTI PRIVATE LIMITED,BUY,395708,276.0
26-AUG-2026,NSE,bulk_deals,RATNAVEER,Ratnaveer Precision Eng L,QE SECURITIES LLP,BUY,367480,277.61
26-AUG-2026,NSE,bulk_deals,RATNAVEER,Ratnaveer Precision Eng L,ARIHANT CAPITAL MARKETS LIMITED,BUY,1174021,273.73
26-AUG-2026,NSE,bulk_deals,RGL,Renaissance Global Ltd,J4S FINANCIAL SOLUTIONS LLP,BUY,541318,148.39
26-AUG-2026,NSE,bulk_deals,RGL,Renaissance Global Ltd,BLITZQUANT RESEARCH LLP,BUY,657969,149.9
26-AUG-2026,NSE,bulk_deals,RGL,Renaissance Global Ltd,JUNOMONETA FINSOL PRIVATE LIMITED,BUY,1489966,148.66
26-AUG-2026,NSE,bulk_deals,RGL,Renaissance Global Ltd,JUMP TRADING FINANCIAL INDIA PRIVATE LIMITED,BUY,609909,149.62
26-AUG-2026,NSE,bulk_deals,RGL,Renaissance Global Ltd,HRTI PRIVATE LIMITED,BUY,585163,148.2
26-AUG-2026,NSE,bulk_deals,RGL,Renaissance Global Ltd,IRAGE BROKING SERVICES LLP,BUY,813517,149.05
26-AUG-2026,NSE,bulk_deals,RGL,Renaissance Global Ltd,MICROCURVES TRADING PRIVATE LIMITED,BUY,2917206,149.33
26-AUG-2026,NSE,bulk_deals,RGL,Renaissance Global Ltd,NK SECURITIES RESEARCH PRIVATE LIMITED,BUY,1702359,148.47
26-AUG-2026,NSE,bulk_deals,RUBICON,Rubicon Research Limited,ARANDA INVESTMENTS PTE. LTD.,BUY,843372,1660.0
26-AUG-2026,NSE,bulk_deals,SHAH,Shah Metacorp Limited,NEO APEX SHARE BROKING SERVICES LLP,BUY,12117771,2.56
26-AUG-2026,NSE,bulk_deals,SHAH,Shah Metacorp Limited,DHANJIT REAL TRADE LLP,BUY,14995183,2.9
26-AUG-2026,NSE,bulk_deals,SHREEKARNI,Shree Karni Fabcom Ltd,MANSUKH SECURITIES & FINANCE LIMITED,BUY,42900,347.18
26-AUG-2026,NSE,bulk_deals,SILGO,Silgo Retail Limited,NITIN JAIN,BUY,200000,72.35
26-AUG-2026,NSE,bulk_deals,SUNSHINE,Sunshine Pictures Limited,ARIHANT CAPITAL MARKETS LIMITED,BUY,276889,374.69
26-AUG-2026,NSE,bulk_deals,TCC,TCC Concept Limited,NK SECURITIES RESEARCH PRIVATE LIMITED,BUY,289909,253.61
26-AUG-2026,NSE,bulk_deals,VCL,Vaxtex Cotfab Limited,PRIMUS TEQ POWER PRIVATE LIMITED,BUY,1000000,2.23
26-AUG-2026,NSE,bulk_deals,VIJAYPD,Vijaypd Ceutical Limited,INVICTO MULTIPLIER FUND,BUY,232000,63.9
26-AUG-2026,NSE,bulk_deals,VIYASH,Viyash Scientific Limited,KOTAK MAHINDRA MUTUAL FUND,BUY,2469302,263.1
26-AUG-2026,NSE,bulk_deals,VIYASH,Viyash Scientific Limited,F3 ADVISORS PRIVATE LIMITED,BUY,4874466,265.12
26-AUG-2026,NSE,bulk_deals,VIYASH,Viyash Scientific Limited,MANSI SHARE AND STOCK BROKING PRIVATE LIMITED,BUY,9807102,264.68
26-AUG-2026,NSE,bulk_deals,VIYASH,Viyash Scientific Limited,BANDHAN MUTUAL FUND,BUY,2843147,263.1
26-AUG-2026,NSE,bulk_deals,VIYASH,Viyash Scientific Limited,NEO APEX SHARE BROKING SERVICES LLP,BUY,4163047,264.7
26-AUG-2026,NSE,bulk_deals,VIYASH,Viyash Scientific Limited,EDELWEISS MUTUAL FUND,BUY,2592600,270.0
26-AUG-2026,NSE,bulk_deals,WEL,Wonder Electricals Ltd,CORE INC,BUY,859557,151.42
26-AUG-2026,NSE,bulk_deals,WELCORP,Welspun Corp Limited,EURO PACIFIC GROWTH FUND,BUY,2945863,2275.3
26-AUG-2026,NSE,bulk_deals,AASTHA,Aastha Spintex Limited,JAGID VANITABEN RAJENDRAPRASAD,SELL,243234,79.48
26-AUG-2026,NSE,bulk_deals,AASTHA,Aastha Spintex Limited,L7 HITECH PRIVATE LIMITED,SELL,1089085,76.83
26-AUG-2026,NSE,bulk_deals,ATALREAL,Atal Realtech Limited,HRTI PRIVATE LIMITED,SELL,1059530,34.21
26-AUG-2026,NSE,bulk_deals,ATALREAL,Atal Realtech Limited,KARAN RASHMIKANT SHAH,SELL,500000,34.1
26-AUG-2026,NSE,bulk_deals,ATALREAL,Atal Realtech Limited,MAHESH MULCHAND WAGHELA,SELL,306723,34.21
26-AUG-2026,NSE,bulk_deals,ATALREAL,Atal Realtech Limited,JAGID VANITABEN RAJENDRAPRASAD,SELL,643395,34.32
26-AUG-2026,NSE,bulk_deals,ATALREAL,Atal Realtech Limited,QE SECURITIES LLP,SELL,720010,34.37
26-AUG-2026,NSE,bulk_deals,BANG,Bang Overseas Limited,ORION STOCKS LTD,SELL,116956,34.53
26-AUG-2026,NSE,bulk_deals,BANG,Bang Overseas Limited,IRAGE BROKING SERVICES LLP,SELL,337652,34.06
26-AUG-2026,NSE,bulk_deals,BIOFILCHEM,Biofil Chemicals & Pharm,IRAGE BROKING SERVICES LLP,SELL,19542,32.64
26-AUG-2026,NSE,bulk_deals,BIOFILCHEM,Biofil Chemicals & Pharm,ORION STOCKS LTD,SELL,210940,32.63
26-AUG-2026,NSE,bulk_deals,BLEL,Behari Lal Engineering L,MICROCURVES TRADING PRIVATE LIMITED,SELL,251533,459.82
26-AUG-2026,NSE,bulk_deals,BLEL,Behari Lal Engineering L,MATHISYS QUANTCAP LLP,SELL,304141,450.64
26-AUG-2026,NSE,bulk_deals,BLEL,Behari Lal Engineering L,JUMP TRADING FINANCIAL INDIA PRIVATE LIMITED,SELL,215532,452.22
26-AUG-2026,NSE,bulk_deals,BLEL,Behari Lal Engineering L,QE SECURITIES LLP,SELL,263094,450.37
26-AUG-2026,NSE,bulk_deals,BVCL,Barak Valley Cements Limi,ORION STOCKS LTD,SELL,142524,44.09
26-AUG-2026,NSE,bulk_deals,BVCL,Barak Valley Cements Limi,IRAGE BROKING SERVICES LLP,SELL,31404,44.07
26-AUG-2026,NSE,bulk_deals,CYIENT,Cyient Limited,QE SECURITIES LLP,SELL,522908,1034.93
26-AUG-2026,NSE,bulk_deals,DWARKESH,Dwarikesh Sugar Industrie,HRTI PRIVATE LIMITED,SELL,980178,53.88
26-AUG-2026,NSE,bulk_deals,FMGOETZE,Federal-Mogul Goetze (I),IRAGE BROKING SERVICES LLP,SELL,522957,563.32
26-AUG-2026,NSE,bulk_deals,FMGOETZE,Federal-Mogul Goetze (I),NK SECURITIES RESEARCH PRIVATE LIMITED,SELL,559273,567.12
26-AUG-2026,NSE,bulk_deals,FMGOETZE,Federal-Mogul Goetze (I),ELIXIR WEALTH MANAGEMENT PRIVATE LIMITED,SELL,556416,564.53
26-AUG-2026,NSE,bulk_deals,FMGOETZE,Federal-Mogul Goetze (I),MICROCURVES TRADING PRIVATE LIMITED,SELL,1077118,564.41
26-AUG-2026,NSE,bulk_deals,FMGOETZE,Federal-Mogul Goetze (I),JUNOMONETA FINSOL PRIVATE LIMITED,SELL,738673,564.37
26-AUG-2026,NSE,bulk_deals,FMGOETZE,Federal-Mogul Goetze (I),QE SECURITIES LLP,SELL,536522,566.13
26-AUG-2026,NSE,bulk_deals,GAJA,Gaja Alt Asset Mgt Ltd,YUGA STOCKS AND COMMODITIES PRIVATE LIMITED,SELL,1219782,180.62
26-AUG-2026,NSE,bulk_deals,GAJA,Gaja Alt Asset Mgt Ltd,ELIXIR WEALTH MANAGEMENT PRIVATE LIMITED,SELL,946454,175.6
26-AUG-2026,NSE,bulk_deals,GAJA,Gaja Alt Asset Mgt Ltd,DIPAN MEHTA COMMODITIES PRIVATE LIMITED,SELL,803417,174.19
26-AUG-2026,NSE,bulk_deals,GAJA,Gaja Alt Asset Mgt Ltd,MARWADI CHANDARANA INTERMEDIARIES BROKERS PRIVATE LIMITED,SELL,1387745,176.46
26-AUG-2026,NSE,bulk_deals,GAJA,Gaja Alt Asset Mgt Ltd,MICROCURVES TRADING PRIVATE LIMITED,SELL,919600,172.35
26-AUG-2026,NSE,bulk_deals,GAJA,Gaja Alt Asset Mgt Ltd,IRAGE BROKING SERVICES LLP,SELL,1782452,177.55
26-AUG-2026,NSE,bulk_deals,GAJA,Gaja Alt Asset Mgt Ltd,GOLDMINE STOCKS PRIVATE LIMITED,SELL,1127623,175.35
26-AUG-2026,NSE,bulk_deals,GAJA,Gaja Alt Asset Mgt Ltd,JUNOMONETA FINSOL PRIVATE LIMITED,SELL,1186569,176.77
26-AUG-2026,NSE,bulk_deals,GAJA,Gaja Alt Asset Mgt Ltd,NK SECURITIES RESEARCH PRIVATE LIMITED,SELL,2272405,179.11
26-AUG-2026,NSE,bulk_deals,GAJA,Gaja Alt Asset Mgt Ltd,GRT STRATEGIC VENTURES LLP,SELL,1514533,178.43
26-AUG-2026,NSE,bulk_deals,GAJA,Gaja Alt Asset Mgt Ltd,JUMP TRADING FINANCIAL INDIA PRIVATE LIMITED,SELL,829301,173.81
26-AUG-2026,NSE,bulk_deals,GATECH,GACM Technologies Limited,EBISU GLOBAL OPPORTUNITIES FUND LIMITED,SELL,37352348,1.0
26-AUG-2026,NSE,bulk_deals,GATECH,GACM Technologies Limited,RATHOD DIGVIJAYSINH RAJENDRASINH,SELL,9872301,1.0
26-AUG-2026,NSE,bulk_deals,GATECH,GACM Technologies Limited,AL MAHA INVESTMENT FUND PCC - ONYX STRATEGY,SELL,19141216,1.0
26-AUG-2026,NSE,bulk_deals,GATECH,GACM Technologies Limited,MGO HIGH CONVICTION FUND INCORPORATED VCC SUB-FUND,SELL,10000000,1.0
26-AUG-2026,NSE,bulk_deals,GATECH,GACM Technologies Limited,MINERVA VENTURES FUND,SELL,10000000,1.0
26-AUG-2026,NSE,bulk_deals,GENCON,Generic Eng Cons Proj Ltd,CHAUBARA EATS PRIVATE LIMITED,SELL,311212,46.07
26-AUG-2026,NSE,bulk_deals,GENESYS,Genesys International Cor,JUNOMONETA FINSOL PRIVATE LIMITED,SELL,711977,244.55
26-AUG-2026,NSE,bulk_deals,GENESYS,Genesys International Cor,MICROCURVES TRADING PRIVATE LIMITED,SELL,1002887,244.03
26-AUG-2026,NSE,bulk_deals,GENESYS,Genesys International Cor,SANDEEP NARESH SHAH,SELL,213296,253.75
26-AUG-2026,NSE,bulk_deals,GENESYS,Genesys International Cor,VINSUL MAKARDI LTD,SELL,217530,244.56
26-AUG-2026,NSE,bulk_deals,GENESYS,Genesys International Cor,INDRA KIRAN VENTURES,SELL,247422,252.77
26-AUG-2026,NSE,bulk_deals,GENESYS,Genesys International Cor,LAXMI TRADE SOLUTIONS,SELL,257976,251.46
26-AUG-2026,NSE,bulk_deals,GENESYS,Genesys International Cor,SILVERLEAF CAPITAL SERVICES PRIVATE LIMITED,SELL,217253,238.09
26-AUG-2026,NSE,bulk_deals,GENESYS,Genesys International Cor,NK SECURITIES RESEARCH PRIVATE LIMITED,SELL,450372,245.88
26-AUG-2026,NSE,bulk_deals,GENESYS,Genesys International Cor,ALPHAGREP SECURITIES PRIVATE LIMITED,SELL,359866,241.24
26-AUG-2026,NSE,bulk_deals,GENESYS,Genesys International Cor,IRAGE BROKING SERVICES LLP,SELL,242156,244.59
26-AUG-2026,NSE,bulk_deals,GENESYS,Genesys International Cor,QE SECURITIES LLP,SELL,505075,245.15
26-AUG-2026,NSE,bulk_deals,GENESYS,Genesys International Cor,HRTI PRIVATE LIMITED,SELL,187149,246.14
26-AUG-2026,NSE,bulk_deals,GROWW,Billionbrains Garage Vn L,RIBBIT CAPITAL V L.P.,SELL,63169322,196.0
26-AUG-2026,NSE,bulk_deals,GROWW,Billionbrains Garage Vn L,RIBBIT CAYMAN GW HOLDINGS V LTD.,SELL,49942079,196.06
26-AUG-2026,NSE,bulk_deals,INDOTHAI,Indo Thai Sec Ltd,KLEIO TRADECON LLP .,SELL,679000,51.32
26-AUG-2026,NSE,bulk_deals,INDOTHAI,Indo Thai Sec Ltd,JATINKUMAR M SHAH,SELL,757210,51.16
26-AUG-2026,NSE,bulk_deals,INDOTHAI,Indo Thai Sec Ltd,MANSI SHARE AND STOCK BROKING PRIVATE LIMITED,SELL,780859,52.05
26-AUG-2026,NSE,bulk_deals,INDOTHAI,Indo Thai Sec Ltd,SAHASTRAA ADVISORS PRIVATE LIMITED,SELL,758262,51.71
26-AUG-2026,NSE,bulk_deals,INDOTHAI,Indo Thai Sec Ltd,NEO APEX SHARE BROKING SERVICES LLP,SELL,5956717,51.28
26-AUG-2026,NSE,bulk_deals,INDOTHAI,Indo Thai Sec Ltd,SETU SECURITIES PVT LTD,SELL,925033,51.25
26-AUG-2026,NSE,bulk_deals,INDOTHAI,Indo Thai Sec Ltd,PRIJAL TRADEFIN LLP,SELL,510000,51.79
26-AUG-2026,NSE,bulk_deals,INDOTHAI,Indo Thai Sec Ltd,D3 STOCK VISION LLP,SELL,3351930,51.52
26-AUG-2026,NSE,bulk_deals,INDOTHAI,Indo Thai Sec Ltd,MULTIPLIER SHARE & STOCK ADVISORS PRIVATE LIMITED,SELL,959898,51.35
26-AUG-2026,NSE,bulk_deals,ISHAN,Ishan International Ltd,ABDURRAHMAN MOHD SHAFI TAIBANI,SELL,1152000,0.5
26-AUG-2026,NSE,bulk_deals,LAMOSAIC,Lamosaic India Limited,ALTIZEN VENTURES LLP,SELL,38400,57.18
26-AUG-2026,NSE,bulk_deals,LAMOSAIC,Lamosaic India Limited,EQUIRISE FINANCE AND CONSULTANCY,SELL,119400,56.98
26-AUG-2026,NSE,bulk_deals,MARUSHIKA,Marushika Technology Ltd,DEVANSH GOEL,SELL,43200,115.09
26-AUG-2026,NSE,bulk_deals,MVKAGRO,M.V.K. Agro Food Prod Ltd,NEO APEX SHARE BROKING SERVICES LLP,SELL,452100,167.74
26-AUG-2026,NSE,bulk_deals,PARSVNATH,Parsvnath Developers Limi,EARC TRUST SC 453,SELL,3891311,1.41
26-AUG-2026,NSE,bulk_deals,POLYSIL,Polysil Irrigation Syst L,NEO APEX SHARE BROKING SERVICES LLP,SELL,141500,50.42
26-AUG-2026,NSE,bulk_deals,PWL,Physicswallah Limited,LIGHTSPEED OPPORTUNITY FUND II L.P.,SELL,46698120,117.72
26-AUG-2026,NSE,bulk_deals,RAMBHAJO,Advit Jewels Limited,JUNOMONETA FINSOL PRIVATE LIMITED,SELL,540993,240.48
26-AUG-2026,NSE,bulk_deals,RAMBHAJO,Advit Jewels Limited,ALPHAGREP SECURITIES PRIVATE LIMITED,SELL,258130,240.48
26-AUG-2026,NSE,bulk_deals,RAMBHAJO,Advit Jewels Limited,NK SECURITIES RESEARCH PRIVATE LIMITED,SELL,306147,241.72
26-AUG-2026,NSE,bulk_deals,RAMBHAJO,Advit Jewels Limited,L7 HITECH PRIVATE LIMITED,SELL,150000,220.0
26-AUG-2026,NSE,bulk_deals,RAMBHAJO,Advit Jewels Limited,QE SECURITIES LLP,SELL,462140,235.17
26-AUG-2026,NSE,bulk_deals,RAMBHAJO,Advit Jewels Limited,MICROCURVES TRADING PRIVATE LIMITED,SELL,605877,243.1
26-AUG-2026,NSE,bulk_deals,RATNAVEER,Ratnaveer Precision Eng L,ARIHANT CAPITAL MARKETS LIMITED,SELL,1213913,277.07
26-AUG-2026,NSE,bulk_deals,RATNAVEER,Ratnaveer Precision Eng L,QE SECURITIES LLP,SELL,366432,276.74
26-AUG-2026,NSE,bulk_deals,RATNAVEER,Ratnaveer Precision Eng L,HRTI PRIVATE LIMITED,SELL,373117,275.67
26-AUG-2026,NSE,bulk_deals,RGL,Renaissance Global Ltd,JUNOMONETA FINSOL PRIVATE LIMITED,SELL,1500216,148.86
26-AUG-2026,NSE,bulk_deals,RGL,Renaissance Global Ltd,JUMP TRADING FINANCIAL INDIA PRIVATE LIMITED,SELL,609909,150.17
26-AUG-2026,NSE,bulk_deals,RGL,Renaissance Global Ltd,HRTI PRIVATE LIMITED,SELL,567454,148.66
26-AUG-2026,NSE,bulk_deals,RGL,Renaissance Global Ltd,IRAGE BROKING SERVICES LLP,SELL,759498,148.92
26-AUG-2026,NSE,bulk_deals,RGL,Renaissance Global Ltd,NK SECURITIES RESEARCH PRIVATE LIMITED,SELL,1702359,148.56
26-AUG-2026,NSE,bulk_deals,RGL,Renaissance Global Ltd,J4S FINANCIAL SOLUTIONS LLP,SELL,541318,148.39
26-AUG-2026,NSE,bulk_deals,RGL,Renaissance Global Ltd,MICROCURVES TRADING PRIVATE LIMITED,SELL,2917206,149.43
26-AUG-2026,NSE,bulk_deals,RGL,Renaissance Global Ltd,BLITZQUANT RESEARCH LLP,SELL,657969,149.97
26-AUG-2026,NSE,bulk_deals,RUBICON,Rubicon Research Limited,GENERAL ATLANTIC SINGAPORE RR PTE LTD,SELL,843372,1660.0
26-AUG-2026,NSE,bulk_deals,SETL,Standard Engng Tcnlgy Ltd,AMANSA HOLDING PRIVATE LTD.,SELL,1158044,324.6
26-AUG-2026,NSE,bulk_deals,SHAH,Shah Metacorp Limited,DHANJIT REAL TRADE LLP,SELL,15507183,2.78
26-AUG-2026,NSE,bulk_deals,SHAH,Shah Metacorp Limited,NEO APEX SHARE BROKING SERVICES LLP,SELL,12117771,2.7
26-AUG-2026,NSE,bulk_deals,SHAH,Shah Metacorp Limited,SHAH MALAVKUMAR KALPESH,SELL,5000000,2.56
26-AUG-2026,NSE,bulk_deals,SHREEKARNI,Shree Karni Fabcom Ltd,MANSUKH SECURITIES & FINANCE LIMITED,SELL,22500,355.8
26-AUG-2026,NSE,bulk_deals,SILGO,Silgo Retail Limited,BELA AGRAWAL,SELL,200000,72.35
26-AUG-2026,NSE,bulk_deals,SIMPLEXINF,Simplex Infrastructures L,PRAGYA MERCANTILE PVT LTD,SELL,400000,245.64
26-AUG-2026,NSE,bulk_deals,SUNSHINE,Sunshine Pictures Limited,ARIHANT CAPITAL MARKETS LIMITED,SELL,329775,374.58
26-AUG-2026,NSE,bulk_deals,TCC,TCC Concept Limited,NK SECURITIES RESEARCH PRIVATE LIMITED,SELL,289909,253.76
26-AUG-2026,NSE,bulk_deals,TCC,TCC Concept Limited,GOLDMAN SACHS ASIA STRATEGIC PTE. LIMITED.,SELL,404958,258.48
26-AUG-2026,NSE,bulk_deals,VCL,Vaxtex Cotfab Limited,STATSOL RESEARCH LLP,SELL,1000000,2.45
26-AUG-2026,NSE,bulk_deals,VIJAYPD,Vijaypd Ceutical Limited,YASHVI HITESH PATEL,SELL,310000,63.9
26-AUG-2026,NSE,bulk_deals,VIYASH,Viyash Scientific Limited,CA HARBOR INVESTMENTS,SELL,2963400,270.0
26-AUG-2026,NSE,bulk_deals,VIYASH,Viyash Scientific Limited,CA HARBOR INVESTMENTS,SELL,8540003,265.4
26-AUG-2026,NSE,bulk_deals,VIYASH,Viyash Scientific Limited,NEO APEX SHARE BROKING SERVICES LLP,SELL,4163047,266.16
26-AUG-2026,NSE,bulk_deals,VIYASH,Viyash Scientific Limited,CA HULL INVESTMENTS,SELL,9302182,263.36
26-AUG-2026,NSE,bulk_deals,VIYASH,Viyash Scientific Limited,F3 ADVISORS PRIVATE LIMITED,SELL,4958965,264.26
26-AUG-2026,NSE,bulk_deals,VIYASH,Viyash Scientific Limited,MANSI SHARE AND STOCK BROKING PRIVATE LIMITED,SELL,9977062,266.77
26-AUG-2026,NSE,bulk_deals,VIYASH,Viyash Scientific Limited,CA HULL INVESTMENTS,SELL,12264022,265.44
26-AUG-2026,NSE,bulk_deals,VIYASH,Viyash Scientific Limited,CA HARBOR INVESTMENTS,SELL,11860493,263.24
26-AUG-2026,NSE,bulk_deals,VIYASH,Viyash Scientific Limited,CA HULL INVESTMENTS,SELL,2592600,270.0
26-AUG-2026,NSE,bulk_deals,WEL,Wonder Electricals Ltd,CORE INC,SELL,859557,152.27
26-AUG-2026,NSE,bulk_deals,WELCORP,Welspun Corp Limited,WELSPUN INVESTMENTS AND COMMERCIALS LIMITED,SELL,6000000,2275.3
26-AUG-2026,NSE,block_deals,PWL,Physicswallah Limited,CITIGROUP GLOBAL MARKETS MAURITIUS PRIVATE LIMITED,BUY,2352677,117.72
26-AUG-2026,NSE,block_deals,PWL,Physicswallah Limited,VIRIDIAN ASIA OPPORTUNITIES MASTER FUND,BUY,2352783,117.72
26-AUG-2026,NSE,block_deals,PWL,Physicswallah Limited,GOLDMAN SACHS ETF TRUST - GOLDMAN SACHS INDIA EQUITY ETF,BUY,272929,117.72
26-AUG-2026,NSE,block_deals,PWL,Physicswallah Limited,GOLDMAN SACHS FUNDS - GOLDMAN SACHS INDIA EQUITY PORTFOLIO,BUY,6123236,117.72
26-AUG-2026,NSE,block_deals,PWL,Physicswallah Limited,GOLDMAN SACHS FUNDS-GOLDMAN SACHS ASIA EQUITY PORTFOLIO,BUY,164286,117.72
26-AUG-2026,NSE,block_deals,PWL,Physicswallah Limited,GOLDMAN SACHS INVESTMENTS MAURITIUS I LIMITED,BUY,2123686,117.72
26-AUG-2026,NSE,block_deals,PWL,Physicswallah Limited,GS INDIA EQUITY,BUY,283535,117.72
26-AUG-2026,NSE,block_deals,PWL,Physicswallah Limited,ICICI PRUDENTIAL MUTUAL FUND,BUY,22000003,117.72
26-AUG-2026,NSE,block_deals,PWL,Physicswallah Limited,JSS INVESTMENTFONDS II - JSS RESPONSIBLE EQUITY - INDIA,BUY,60084,117.72
26-AUG-2026,NSE,block_deals,PWL,Physicswallah Limited,GHISALLO MASTER FUND LP,BUY,2123694,117.72
26-AUG-2026,NSE,block_deals,PWL,Physicswallah Limited,MEDIOLANUM BEST BRANDS- MEDIOLANUM INDIA OPPORTUNITIES,BUY,567357,117.72
26-AUG-2026,NSE,block_deals,PWL,Physicswallah Limited,MORGAN STANLEY ASIA SINGAPORE PTE,BUY,2123689,117.72
26-AUG-2026,NSE,block_deals,PWL,Physicswallah Limited,NEW YORK STATE TEACHERS RETIREMENT SYSTEM,BUY,442432,117.72
26-AUG-2026,NSE,block_deals,PWL,Physicswallah Limited,OP-INDIA FUND,BUY,186143,117.72
26-AUG-2026,NSE,block_deals,PWL,Physicswallah Limited,SOCIETE GENERALE,BUY,2123692,117.72
26-AUG-2026,NSE,block_deals,PWL,Physicswallah Limited,TATA AIA LIFE INSURANCE COMPANY LIMITED,BUY,3397894,117.72
26-AUG-2026,NSE,block_deals,RUBICON,Rubicon Research Limited,ARANDA INVESTMENTS PTE. LTD.,BUY,843372,1660.0
26-AUG-2026,NSE,block_deals,VIYASH,Viyash Scientific Limited,EDELWEISS MUTUAL FUND,BUY,2592600,270.0
26-AUG-2026,NSE,block_deals,VIYASH,Viyash Scientific Limited,PANVIRA INDIA INNOVATION FUND,BUY,1111200,270.0
26-AUG-2026,NSE,block_deals,VIYASH,Viyash Scientific Limited,BANDHAN MUTUAL FUND,BUY,2843147,263.1
26-AUG-2026,NSE,block_deals,VIYASH,Viyash Scientific Limited,S GUPTA HOMES PRIVATE LIMITED,BUY,926100,270.0
26-AUG-2026,NSE,block_deals,VIYASH,Viyash Scientific Limited,AAGAM INVESTMENTS,BUY,926100,270.0
26-AUG-2026,NSE,block_deals,WELCORP,Welspun Corp Limited,CAPITAL GROUP NEW WORLD FUND (LUX),BUY,1492,2275.3
26-AUG-2026,NSE,block_deals,WELCORP,Welspun Corp Limited,SMALLCAP WORLD FUND INC,BUY,120549,2275.3
26-AUG-2026,NSE,block_deals,WELCORP,Welspun Corp Limited,ABERDEEN ASIAN OPPORTUNITIES FUND,BUY,17600,2275.3
26-AUG-2026,NSE,block_deals,WELCORP,Welspun Corp Limited,ABERDEEN ASIAN SMALLER COMPANIES INVESTMENT TRUST PLC,BUY,162000,2275.3
26-AUG-2026,NSE,block_deals,WELCORP,Welspun Corp Limited,ABERDEEN GLOBAL - INDIAN EQUITY FUND,BUY,60600,2275.3
26-AUG-2026,NSE,block_deals,WELCORP,Welspun Corp Limited,ABERDEEN STANDARD SICAV I - ASIAN SMALLER COMPANIES FUND,BUY,157000,2275.3
26-AUG-2026,NSE,block_deals,WELCORP,Welspun Corp Limited,AMERICAN FUNDS INSURANCE SERIES GLOBAL SMALL CAPITALIZATION FUND,BUY,3264,2275.3
26-AUG-2026,NSE,block_deals,WELCORP,Welspun Corp Limited,AMERICAN FUNDS INSURANCE SERIES INTERNATIONAL FUND,BUY,159731,2275.3
26-AUG-2026,NSE,block_deals,WELCORP,Welspun Corp Limited,AMERICAN FUNDS INSURANCE SERIES NEW WORLD FUND,BUY,7438,2275.3
26-AUG-2026,NSE,block_deals,WELCORP,Welspun Corp Limited,AMERICAN FUNDS INSURANCE SERIES NEW WORLD FUND,BUY,41391,2275.3
26-AUG-2026,NSE,block_deals,WELCORP,Welspun Corp Limited,CAPITAL GROUP EUPAC COMMON TRUST (US),BUY,12870,2275.3
26-AUG-2026,NSE,block_deals,WELCORP,Welspun Corp Limited,CAPITAL GROUP EUROPACIFIC GROWTH TRUST (US),BUY,443268,2275.3
26-AUG-2026,NSE,block_deals,WELCORP,Welspun Corp Limited,THE INDIA FUND INC,BUY,142400,2275.3
26-AUG-2026,NSE,block_deals,WELCORP,Welspun Corp Limited,CAPITAL GROUP NEW WORLD FUND (LUX),BUY,8301,2275.3
26-AUG-2026,NSE,block_deals,WELCORP,Welspun Corp Limited,CAPITAL GROUP NEW WORLD TRUST (US),BUY,7244,2275.3
26-AUG-2026,NSE,block_deals,WELCORP,Welspun Corp Limited,CAPITAL GROUP NEW WORLD TRUST (US),BUY,40184,2275.3
26-AUG-2026,NSE,block_deals,WELCORP,Welspun Corp Limited,EDELWEISS LIFE INSURANCE COMPANY LIMITED,BUY,109900,2275.3
26-AUG-2026,NSE,block_deals,WELCORP,Welspun Corp Limited,EDELWEISS MUTUAL FUND,BUY,373577,2275.3
26-AUG-2026,NSE,block_deals,WELCORP,Welspun Corp Limited,EURO PACIFIC GROWTH FUND,BUY,2945863,2275.3
26-AUG-2026,NSE,block_deals,WELCORP,Welspun Corp Limited,NEW INDIA INVESTMENT TRUST PLC,BUY,123000,2275.3
26-AUG-2026,NSE,block_deals,WELCORP,Welspun Corp Limited,NEW WORLD FUND INC,BUY,151256,2275.3
26-AUG-2026,NSE,block_deals,WELCORP,Welspun Corp Limited,NEW WORLD FUND INC,BUY,841675,2275.3
26-AUG-2026,NSE,block_deals,WELCORP,Welspun Corp Limited,QUANT MUTUAL FUND,BUY,369397,2275.3
26-AUG-2026,NSE,block_deals,PWL,Physicswallah Limited,LIGHTSPEED OPPORTUNITY FUND II L.P.,SELL,46698120,117.72
26-AUG-2026,NSE,block_deals,RUBICON,Rubicon Research Limited,GENERAL ATLANTIC SINGAPORE RR PTE LTD,SELL,843372,1660.0
26-AUG-2026,NSE,block_deals,VIYASH,Viyash Scientific Limited,CA HULL INVESTMENTS,SELL,2592600,270.0
26-AUG-2026,NSE,block_deals,VIYASH,Viyash Scientific Limited,CA HARBOR INVESTMENTS,SELL,1397795,263.1
26-AUG-2026,NSE,block_deals,VIYASH,Viyash Scientific Limited,CA HULL INVESTMENTS,SELL,1445352,263.1
26-AUG-2026,NSE,block_deals,VIYASH,Viyash Scientific Limited,CA HARBOR INVESTMENTS,SELL,2963400,270.0
26-AUG-2026,NSE,block_deals,WELCORP,Welspun Corp Limited,WELSPUN INVESTMENTS AND COMMERCIALS LIMITED,SELL,6000000,2275.3
26-AUG-2026,NSE,block_deals,WELCORP,Welspun Corp Limited,VIPUL MATHUR,SELL,300000,2275.3
26/08/2026,BSE,bulk,544445,APL,PRAKRUTI R PALI,B,138000.0,95.59
26/08/2026,BSE,bulk,532946,BANG,ORION STOCKS LTD,S,400101.0,34.28
26/08/2026,BSE,bulk,532946,BANG,ORION STOCKS LTD,B,119718.0,34.51
26/08/2026,BSE,bulk,532946,BANG,IRAGE BROKING SERVICES LLP,B,336881.0,34.31
26/08/2026,BSE,bulk,532946,BANG,IRAGE BROKING SERVICES LLP,S,100445.0,34.51
26/08/2026,BSE,bulk,524396,BIOFILCHEM,ORION STOCKS LTD,S,30266.0,32.64
26/08/2026,BSE,bulk,524396,BIOFILCHEM,ORION STOCKS LTD,B,179419.0,32.61
26/08/2026,BSE,bulk,524396,BIOFILCHEM,IRAGE BROKING SERVICES LLP,B,14542.0,32.67
26/08/2026,BSE,bulk,524396,BIOFILCHEM,IRAGE BROKING SERVICES LLP,S,148082.0,32.58
26/08/2026,BSE,bulk,532916,BVCL,ORION STOCKS LTD,S,17537.0,44.44
26/08/2026,BSE,bulk,532916,BVCL,ORION STOCKS LTD,B,140461.0,43.79
26/08/2026,BSE,bulk,532916,BVCL,IRAGE BROKING SERVICES LLP,B,24509.0,44.4
26/08/2026,BSE,bulk,532916,BVCL,IRAGE BROKING SERVICES LLP,S,120799.0,43.78
26/08/2026,BSE,bulk,540829,CHANDRIMA,PLASTOMATIC PACKAGING PRIVATE LIMITED,B,4731497.0,11.08
26/08/2026,BSE,bulk,540829,CHANDRIMA,PLASTOMATIC PACKAGING PRIVATE LIMITED,S,4731497.0,11.13
26/08/2026,BSE,bulk,526546,CHOKSILA,M7 GLOBAL FUND PCC - CELL VERTEX,B,40000.0,145.6
26/08/2026,BSE,bulk,526546,CHOKSILA,EMKAY COMMERCIAL COMPANY LIMITED,S,40000.0,145.6
26/08/2026,BSE,bulk,544884,DHANWEL,GIRIRAJ STOCK BROKING PRIVATE LIMITED,B,207600.0,98.14
26/08/2026,BSE,bulk,540376,DMART,AMERICAN FUNDS INSURANCE SERIES GLOBAL GROWTH AND INCOME FUND,S,6764623.0,3750.58
26/08/2026,BSE,bulk,531471,DUKEOFS,AKHIL DILIP SANGHAVI,B,50000.0,54.48
26/08/2026,BSE,bulk,531486,FILME,VISAGAR FINANCIAL SERVICES LIMITED,S,190000.0,1.25
26/08/2026,BSE,bulk,544885,GAJA,IRAGE BROKING SERVICES LLP,S,467039.0,176.72
26/08/2026,BSE,bulk,544885,GAJA,IRAGE BROKING SERVICES LLP,B,1014326.0,176.68
26/08/2026,BSE,bulk,531911,GALAGEX,JATAN INVESTMENTS,B,100000.0,70.0
26/08/2026,BSE,bulk,506109,GENESYS,IRAGE BROKING SERVICES LLP,B,138941.0,245.78
26/08/2026,BSE,bulk,506109,GENESYS,IRAGE BROKING SERVICES LLP,S,323491.0,243.48
26/08/2026,BSE,bulk,514386,GUJCOTEX,L7 HITECH PRIVATE LIMITED,B,854454.0,3.38
26/08/2026,BSE,bulk,514386,GUJCOTEX,L7 HITECH PRIVATE LIMITED,S,110000.0,3.39
26/08/2026,BSE,bulk,514386,GUJCOTEX,JAGID VANITABEN RAJENDRAPRASAD,B,500000.0,3.39
26/08/2026,BSE,bulk,514386,GUJCOTEX,JAGID VANITABEN RAJENDRAPRASAD,S,483867.0,3.39
26/08/2026,BSE,bulk,541627,GUJWIND,KREON FINNANCIAL SERVICES LIMITED,B,43240.0,10.21
26/08/2026,BSE,bulk,508918,IRONWOOD,SANDEEP JANARDAN PANDEY,B,86501.0,54.88
26/08/2026,BSE,bulk,538765,JSHL,MUKESH CHIMANLAL DESAI,B,50000.0,2.23
26/08/2026,BSE,bulk,538765,JSHL,DARSHANA MUKESH DESAI,S,50000.0,2.23
26/08/2026,BSE,bulk,526935,KALIND,ABHISHEK ASHVINBHAI KAMDAR,B,5100000.0,4.19
26/08/2026,BSE,bulk,539679,KAPILRAJ,SURAJ PANCHAL,S,1853029.0,1.56
26/08/2026,BSE,bulk,539679,KAPILRAJ,MANOJ KUMAR JAIN,B,645000.0,1.55
26/08/2026,BSE,bulk,539679,KAPILRAJ,VED PARKASH GOYAL (HUF),B,600000.0,1.61
26/08/2026,BSE,bulk,539408,KUBERJI,NEO APEX SHARE BROKING SERVICES LLP,B,60000.0,48.58
26/08/2026,BSE,bulk,539408,KUBERJI,RV FINTECH,S,22076.0,48.58
26/08/2026,BSE,bulk,539408,KUBERJI,EPITOME TRADING AND INVESTMENTS,B,20000.0,48.58
26/08/2026,BSE,bulk,539408,KUBERJI,PARESH DHIRAJLAL SHAH,S,66000.0,48.58
26/08/2026,BSE,bulk,539408,KUBERJI,RANJANA KANDA,B,18000.0,48.58
26/08/2026,BSE,bulk,539408,KUBERJI,YOGESHKUMAR RASIKLAL SANGHAVI,S,35000.0,48.58
26/08/2026,BSE,bulk,539408,KUBERJI,NILESHKUMAR MADHUKARBHAI JOSHI,S,32448.0,48.58
26/08/2026,BSE,bulk,539408,KUBERJI,JAINAM UDAY SHAH,B,45308.0,48.58
26/08/2026,BSE,bulk,539408,KUBERJI,JINAL VIJAY SHAH,B,35000.0,48.58
26/08/2026,BSE,bulk,539408,KUBERJI,SALASAR VENTURES .,S,29006.0,48.58
26/08/2026,BSE,bulk,539408,KUBERJI,DHANUSH DILP KUMAR SURANA SURANA,S,22000.0,48.58
26/08/2026,BSE,bulk,544835,MALA,KEYA STOCKS AND FINANCIAL SERVICES PRIVATE LIMITED,B,72000.0,64.0
26/08/2026,BSE,bulk,544835,MALA,VISIONARY CAPITAL APPRECIATION FUND,S,70000.0,64.0
26/08/2026,BSE,bulk,526251,MIDEASTP,RAJNIKANT SOMNATHBHAI MISTRY,S,28276.0,34.0
26/08/2026,BSE,bulk,526251,MIDEASTP,RAJNIKANT SOMNATHBHAI MISTRY,B,2000.0,34.0
26/08/2026,BSE,bulk,526251,MIDEASTP,JIGNESH SURESH MODI,B,47000.0,34.0
26/08/2026,BSE,bulk,544883,MOPSHOP,ASHMIT  KABRA,B,70000.0,137.0
26/08/2026,BSE,bulk,530805,OIVL,NEELRAMESHBHAIGAJERA,S,190106.0,6.82
26/08/2026,BSE,bulk,530805,OIVL,NEELRAMESHBHAIGAJERA,B,339932.0,6.87
26/08/2026,BSE,bulk,530805,OIVL,CHITRANK MURARKA (HUF),S,168711.0,6.9
26/08/2026,BSE,bulk,532808,PGIL,DEEPAK KUMAR SETH,S,550000.0,2280.51
26/08/2026,BSE,bulk,526490,PRATIK,DEEPTI GHANSHYAM GAVALI,S,467791.0,4.41
26/08/2026,BSE,bulk,500360,RAPICUT,MAHENDRA GIRDHARILAL WADHWANI,S,34745.0,370.8
26/08/2026,BSE,bulk,539922,RGIL,NATVARLAL HIRJI BATHIA,S,100000.0,299.29
26/08/2026,BSE,bulk,539922,RGIL,ARIKA SECURITIES PRIVATE LIMITED,B,100000.0,299.29
26/08/2026,BSE,bulk,544578,RUBICON,HDFC MUTUAL FUND,B,4878009.0,1660.0
26/08/2026,BSE,bulk,544578,RUBICON,KOTAK MAHINDRA MUTUAL FUND,B,1656624.0,1660.0
26/08/2026,BSE,bulk,544578,RUBICON,ICICI PRUDENTIAL MUTUAL FUND,B,1807226.0,1660.0
26/08/2026,BSE,bulk,544578,RUBICON,SBI MUTUAL FUND,B,1204815.0,1660.0
26/08/2026,BSE,bulk,544578,RUBICON,NOMURA INDIA INVESTMENT FUND MOTHER FUND,B,1203999.0,1660.0
26/08/2026,BSE,bulk,544578,RUBICON,AXIS MUTUAL FUND,B,903611.0,1660.0
26/08/2026,BSE,bulk,544578,RUBICON,TIMF HOLDINGS,B,903610.0,1660.0
26/08/2026,BSE,bulk,544578,RUBICON,GENERAL ATLANTIC SINGAPORE RR PTE LTD,S,13009701.0,1660.0
26/08/2026,BSE,bulk,544869,SHAMFOAM,NIRAJ RAJNIKANT SHAH,S,500000.0,72.8
26/08/2026,BSE,bulk,544869,SHAMFOAM,SANJAY POPATLAL JAIN,B,532000.0,72.8
26/08/2026,BSE,bulk,544869,SHAMFOAM,HARYANA REFRACTORIES PRIVATE LIMITED,B,69000.0,72.8
26/08/2026,BSE,bulk,519566,SIMRAN,AMIT  GARG,B,36000.0,154.64
26/08/2026,BSE,bulk,511447,SYLPH,MERATASK ENTERPRISES PRIVATE LIMITED,S,7004990.0,0.2
26/08/2026,BSE,bulk,512529,VIYASH,ARTHKUMBH VENTURES LLP,B,2340000.0,263.2
26/08/2026,BSE,bulk,506122,VOLKAI,CORPORATE MERCHANT BANKERS LIMITED,B,20871.0,149.12
26/08/2026,BSE,bulk,506122,VOLKAI,KREON FINNANCIAL SERVICES LIMITED,B,7996.0,137.23
26/08/2026,BSE,bulk,506122,VOLKAI,KREON FINNANCIAL SERVICES LIMITED,S,2000.0,148.9
26/08/2026,BSE,bulk,506122,VOLKAI,GREEN PEAKS ENTERPRISES LLP,B,7946.0,143.2
26/08/2026,BSE,bulk,506122,VOLKAI,GREEN PEAKS ENTERPRISES LLP,S,7946.0,143.79
26/08/2026,BSE,bulk,538451,WORTH,CHETAN KIRITBHAI MEHTA,S,7922524.0,3.18
26/08/2026,BSE,bulk,538451,WORTH,MAHEVARSH FINCON PRIVATE LIMITED,B,2900000.0,3.21
26/08/2026,BSE,bulk,531663,YUVRAAJHPL,ARUP CHANDRA & SONS,S,471658.0,8.5
26/08/2026,BSE,block,544578,RUBICON,HDFC MUTUAL FUND,B,4878009.0,1660.0
26/08/2026,BSE,block,544578,RUBICON,KOTAK MAHINDRA MUTUAL FUND,B,1656624.0,1660.0
26/08/2026,BSE,block,544578,RUBICON,ICICI PRUDENTIAL MUTUAL FUND,B,1807226.0,1660.0
26/08/2026,BSE,block,544578,RUBICON,SBI MUTUAL FUND,B,1204815.0,1660.0
26/08/2026,BSE,block,544578,RUBICON,NOMURA INDIA INVESTMENT FUND MOTHER FUND,B,1203999.0,1660.0
26/08/2026,BSE,block,544578,RUBICON,"VEMF-A , LP",B,150605.0,1660.0
26/08/2026,BSE,block,544578,RUBICON,AXIS MUTUAL FUND,B,903611.0,1660.0
26/08/2026,BSE,block,544578,RUBICON,TIMF HOLDINGS,B,903610.0,1660.0
26/08/2026,BSE,block,544578,RUBICON,PI OPPORTUNITIES AIF V LLP,B,301202.0,1660.0
26/08/2026,BSE,block,544578,RUBICON,GENERAL ATLANTIC SINGAPORE RR PTE LTD,S,150605.0,1660.0
26/08/2026,BSE,block,544578,RUBICON,GENERAL ATLANTIC SINGAPORE RR PTE LTD,S,301202.0,1660.0
26/08/2026,BSE,block,544578,RUBICON,GENERAL ATLANTIC SINGAPORE RR PTE LTD,S,903610.0,1660.0
26/08/2026,BSE,block,544578,RUBICON,GENERAL ATLANTIC SINGAPORE RR PTE LTD,S,903611.0,1660.0
26/08/2026,BSE,block,544578,RUBICON,GENERAL ATLANTIC SINGAPORE RR PTE LTD,S,1203999.0,1660.0
26/08/2026,BSE,block,544578,RUBICON,GENERAL ATLANTIC SINGAPORE RR PTE LTD,S,1204815.0,1660.0
26/08/2026,BSE,block,544578,RUBICON,GENERAL ATLANTIC SINGAPORE RR PTE LTD,S,1656624.0,1660.0
26/08/2026,BSE,block,544578,RUBICON,GENERAL ATLANTIC SINGAPORE RR PTE LTD,S,1807226.0,1660.0
26/08/2026,BSE,block,544578,RUBICON,GENERAL ATLANTIC SINGAPORE RR PTE LTD,S,4878009.0,1660.0
26-AUG-2026,NSE,bulk_deals,AAREYDRUGS,Aarey Drugs & Pharm Ltd,VAYUMIND INNOVATIONS PRIVATE LIMITED,BUY,154471,80.45
26-AUG-2026,NSE,bulk_deals,AASTHA,Aastha Spintex Limited,JAGID VANITABEN RAJENDRAPRASAD,BUY,218459,78.11
26-AUG-2026,NSE,bulk_deals,AASTHA,Aastha Spintex Limited,MADHAV ENTERPRISE,BUY,300000,74.0
26-AUG-2026,NSE,bulk_deals,AASTHA,Aastha Spintex Limited,L7 HITECH PRIVATE LIMITED,BUY,557959,79.5
26-AUG-2026,NSE,bulk_deals,AASTHA,Aastha Spintex Limited,MAHARASTRA ENTERPRISE,BUY,300000,74.0
26-AUG-2026,NSE,bulk_deals,ATALREAL,Atal Realtech Limited,JAGID VANITABEN RAJENDRAPRASAD,BUY,643395,34.65
26-AUG-2026,NSE,bulk_deals,ATALREAL,Atal Realtech Limited,KARAN RASHMIKANT SHAH,BUY,1133834,34.3
26-AUG-2026,NSE,bulk_deals,ATALREAL,Atal Realtech Limited,MAHESH MULCHAND WAGHELA,BUY,700000,34.47
26-AUG-2026,NSE,bulk_deals,ATALREAL,Atal Realtech Limited,QE SECURITIES LLP,BUY,691381,34.35
26-AUG-2026,NSE,bulk_deals,ATALREAL,Atal Realtech Limited,HRTI PRIVATE LIMITED,BUY,521017,34.2
26-AUG-2026,NSE,bulk_deals,BANG,Bang Overseas Limited,IRAGE BROKING SERVICES LLP,BUY,101216,34.5
26-AUG-2026,NSE,bulk_deals,BANG,Bang Overseas Limited,ORION STOCKS LTD,BUY,377873,33.98
26-AUG-2026,NSE,bulk_deals,BIOFILCHEM,Biofil Chemicals & Pharm,IRAGE BROKING SERVICES LLP,BUY,153082,32.76
26-AUG-2026,NSE,bulk_deals,BIOFILCHEM,Biofil Chemicals & Pharm,ORION STOCKS LTD,BUY,61787,32.46
26-AUG-2026,NSE,bulk_deals,BLEL,Behari Lal Engineering L,MATHISYS QUANTCAP LLP,BUY,292377,449.06
26-AUG-2026,NSE,bulk_deals,BLEL,Behari Lal Engineering L,MICROCURVES TRADING PRIVATE LIMITED,BUY,251533,459.58
26-AUG-2026,NSE,bulk_deals,BLEL,Behari Lal Engineering L,JUMP TRADING FINANCIAL INDIA PRIVATE LIMITED,BUY,215532,459.74
26-AUG-2026,NSE,bulk_deals,BLEL,Behari Lal Engineering L,QE SECURITIES LLP,BUY,258916,447.81
26-AUG-2026,NSE,bulk_deals,BURNPUR,Burnpur Cement Limited,LEKHRAJ PARASMAL KANUNGO,BUY,100000,13.06
26-AUG-2026,NSE,bulk_deals,BVCL,Barak Valley Cements Limi,IRAGE BROKING SERVICES LLP,BUY,127694,44.23
26-AUG-2026,NSE,bulk_deals,BVCL,Barak Valley Cements Limi,ORION STOCKS LTD,BUY,19600,44.55
26-AUG-2026,NSE,bulk_deals,CYIENT,Cyient Limited,QE SECURITIES LLP,BUY,528376,1041.8
26-AUG-2026,NSE,bulk_deals,DWARKESH,Dwarikesh Sugar Industrie,HRTI PRIVATE LIMITED,BUY,910889,53.71
26-AUG-2026,NSE,bulk_deals,FASCINATE,Fascinate Textiles Ltd,NEO APEX SHARE BROKING SERVICES LLP,BUY,342400,103.66
26-AUG-2026,NSE,bulk_deals,FASCINATE,Fascinate Textiles Ltd,GIRIJADHAVA VYAPAAR PRIVATE LIMITED,BUY,229600,103.65
26-AUG-2026,NSE,bulk_deals,FMGOETZE,Federal-Mogul Goetze (I),IRAGE BROKING SERVICES LLP,BUY,555321,562.67
26-AUG-2026,NSE,bulk_deals,FMGOETZE,Federal-Mogul Goetze (I),QE SECURITIES LLP,BUY,532421,566.57
26-AUG-2026,NSE,bulk_deals,FMGOETZE,Federal-Mogul Goetze (I),JUNOMONETA FINSOL PRIVATE LIMITED,BUY,745722,563.98
26-AUG-2026,NSE,bulk_deals,FMGOETZE,Federal-Mogul Goetze (I),MICROCURVES TRADING PRIVATE LIMITED,BUY,1077118,564.02
26-AUG-2026,NSE,bulk_deals,FMGOETZE,Federal-Mogul Goetze (I),ELIXIR WEALTH MANAGEMENT PRIVATE LIMITED,BUY,556416,563.22
26-AUG-2026,NSE,bulk_deals,FMGOETZE,Federal-Mogul Goetze (I),NK SECURITIES RESEARCH PRIVATE LIMITED,BUY,559273,566.78
26-AUG-2026,NSE,bulk_deals,GAJA,Gaja Alt Asset Mgt Ltd,GRT STRATEGIC VENTURES LLP,BUY,1514533,178.34
26-AUG-2026,NSE,bulk_deals,GAJA,Gaja Alt Asset Mgt Ltd,IRAGE BROKING SERVICES LLP,BUY,1235165,177.81
26-AUG-2026,NSE,bulk_deals,GAJA,Gaja Alt Asset Mgt Ltd,INVESCO MUTUAL FUND,BUY,950000,185.0
26-AUG-2026,NSE,bulk_deals,GAJA,Gaja Alt Asset Mgt Ltd,NK SECURITIES RESEARCH PRIVATE LIMITED,BUY,2272405,179.04
26-AUG-2026,NSE,bulk_deals,GAJA,Gaja Alt Asset Mgt Ltd,YUGA STOCKS AND COMMODITIES PRIVATE LIMITED,BUY,1219782,180.37
26-AUG-2026,NSE,bulk_deals,GAJA,Gaja Alt Asset Mgt Ltd,INVESCO MUTUAL FUND,BUY,6500000,185.0
26-AUG-2026,NSE,bulk_deals,GAJA,Gaja Alt Asset Mgt Ltd,INVESCO MUTUAL FUND,BUY,1145049,174.5
26-AUG-2026,NSE,bulk_deals,GAJA,Gaja Alt Asset Mgt Ltd,ELIXIR WEALTH MANAGEMENT PRIVATE LIMITED,BUY,893454,175.94
26-AUG-2026,NSE,bulk_deals,GAJA,Gaja Alt Asset Mgt Ltd,DIPAN MEHTA COMMODITIES PRIVATE LIMITED,BUY,808917,174.67
26-AUG-2026,NSE,bulk_deals,GAJA,Gaja Alt Asset Mgt Ltd,GOLDMINE STOCKS PRIVATE LIMITED,BUY,1127623,175.34
26-AUG-2026,NSE,bulk_deals,GAJA,Gaja Alt Asset Mgt Ltd,MICROCURVES TRADING PRIVATE LIMITED,BUY,919600,172.16
26-AUG-2026,NSE,bulk_deals,GAJA,Gaja Alt Asset Mgt Ltd,JUNOMONETA FINSOL PRIVATE LIMITED,BUY,1197940,176.51
26-AUG-2026,NSE,bulk_deals,GAJA,Gaja Alt Asset Mgt Ltd,JUMP TRADING FINANCIAL INDIA PRIVATE LIMITED,BUY,829301,173.55
26-AUG-2026,NSE,bulk_deals,GAJA,Gaja Alt Asset Mgt Ltd,MARWADI CHANDARANA INTERMEDIARIES BROKERS PRIVATE LIMITED,BUY,1387745,174.06
26-AUG-2026,NSE,bulk_deals,GATECH,GACM Technologies Limited,RATHOD DIGVIJAYSINH RAJENDRASINH,BUY,1545294,1.0
26-AUG-2026,NSE,bulk_deals,GENCON,Generic Eng Cons Proj Ltd,CHAUBARA EATS PRIVATE LIMITED,BUY,311212,45.58
26-AUG-2026,NSE,bulk_deals,GENESYS,Genesys International Cor,SANDEEP NARESH SHAH,BUY,225127,248.84
26-AUG-2026,NSE,bulk_deals,GENESYS,Genesys International Cor,MICROCURVES TRADING PRIVATE LIMITED,BUY,1002887,243.82
26-AUG-2026,NSE,bulk_deals,GENESYS,Genesys International Cor,LAXMI TRADE SOLUTIONS,BUY,257976,254.43
26-AUG-2026,NSE,bulk_deals,GENESYS,Genesys International Cor,ALPHAGREP SECURITIES PRIVATE LIMITED,BUY,359866,241.93
26-AUG-2026,NSE,bulk_deals,GENESYS,Genesys International Cor,INDRA KIRAN VENTURES,BUY,247422,253.92
26-AUG-2026,NSE,bulk_deals,GENESYS,Genesys International Cor,VINSUL MAKARDI LTD,BUY,217530,244.74
26-AUG-2026,NSE,bulk_deals,GENESYS,Genesys International Cor,HRTI PRIVATE LIMITED,BUY,212275,245.77
26-AUG-2026,NSE,bulk_deals,GENESYS,Genesys International Cor,QE SECURITIES LLP,BUY,494411,247.69
26-AUG-2026,NSE,bulk_deals,GENESYS,Genesys International Cor,IRAGE BROKING SERVICES LLP,BUY,426706,243.16
26-AUG-2026,NSE,bulk_deals,GENESYS,Genesys International Cor,SILVERLEAF CAPITAL SERVICES PRIVATE LIMITED,BUY,217253,237.85
26-AUG-2026,NSE,bulk_deals,GENESYS,Genesys International Cor,NK SECURITIES RESEARCH PRIVATE LIMITED,BUY,450372,245.77
26-AUG-2026,NSE,bulk_deals,GENESYS,Genesys International Cor,JUNOMONETA FINSOL PRIVATE LIMITED,BUY,706878,244.3
26-AUG-2026,NSE,bulk_deals,INDOTHAI,Indo Thai Sec Ltd,D3 STOCK VISION LLP,BUY,3587620,51.34
26-AUG-2026,NSE,bulk_deals,INDOTHAI,Indo Thai Sec Ltd,MULTIPLIER SHARE & STOCK ADVISORS PRIVATE LIMITED,BUY,1124898,51.36
26-AUG-2026,NSE,bulk_deals,INDOTHAI,Indo Thai Sec Ltd,NEO APEX SHARE BROKING SERVICES LLP,BUY,6620347,51.18
26-AUG-2026,NSE,bulk_deals,INDOTHAI,Indo Thai Sec Ltd,PRIJAL TRADEFIN LLP,BUY,1000000,51.6
26-AUG-2026,NSE,bulk_deals,INDOTHAI,Indo Thai Sec Ltd,SAHASTRAA ADVISORS PRIVATE LIMITED,BUY,958262,51.62
26-AUG-2026,NSE,bulk_deals,INDOTHAI,Indo Thai Sec Ltd,SETU SECURITIES PVT LTD,BUY,2500085,51.16
26-AUG-2026,NSE,bulk_deals,INDOTHAI,Indo Thai Sec Ltd,MANSI SHARE AND STOCK BROKING PRIVATE LIMITED,BUY,4099670,51.2
26-AUG-2026,NSE,bulk_deals,KCK,Kck Industries Limited,GIRIRAJ STOCK BROKING PRIVATE LIMITED,BUY,330000,14.06
26-AUG-2026,NSE,bulk_deals,LAMOSAIC,Lamosaic India Limited,NRIP JAIN,BUY,69000,56.96
26-AUG-2026,NSE,bulk_deals,LAMOSAIC,Lamosaic India Limited,ALTIZEN VENTURES LLP,BUY,60000,57.31
26-AUG-2026,NSE,bulk_deals,MVKAGRO,M.V.K. Agro Food Prod Ltd,NEO APEX SHARE BROKING SERVICES LLP,BUY,482100,152.05
26-AUG-2026,NSE,bulk_deals,POLYSIL,Polysil Irrigation Syst L,NEO APEX SHARE BROKING SERVICES LLP,BUY,267500,47.46
26-AUG-2026,NSE,bulk_deals,PWL,Physicswallah Limited,ICICI PRUDENTIAL MUTUAL FUND,BUY,22000003,117.72
26-AUG-2026,NSE,bulk_deals,RAMBHAJO,Advit Jewels Limited,MICROCURVES TRADING PRIVATE LIMITED,BUY,605877,242.94
26-AUG-2026,NSE,bulk_deals,RAMBHAJO,Advit Jewels Limited,L7 HITECH PRIVATE LIMITED,BUY,440000,246.2
26-AUG-2026,NSE,bulk_deals,RAMBHAJO,Advit Jewels Limited,NAVRATRI SHARE TRADING PRIVATE LIMITED,BUY,235000,220.13
26-AUG-2026,NSE,bulk_deals,RAMBHAJO,Advit Jewels Limited,NK SECURITIES RESEARCH PRIVATE LIMITED,BUY,306678,241.6
26-AUG-2026,NSE,bulk_deals,RAMBHAJO,Advit Jewels Limited,ALPHAGREP SECURITIES PRIVATE LIMITED,BUY,258130,240.51
26-AUG-2026,NSE,bulk_deals,RAMBHAJO,Advit Jewels Limited,QE SECURITIES LLP,BUY,448159,236.42
26-AUG-2026,NSE,bulk_deals,RAMBHAJO,Advit Jewels Limited,JUNOMONETA FINSOL PRIVATE LIMITED,BUY,539000,240.41
26-AUG-2026,NSE,bulk_deals,RATNAVEER,Ratnaveer Precision Eng L,HRTI PRIVATE LIMITED,BUY,395708,276.0
26-AUG-2026,NSE,bulk_deals,RATNAVEER,Ratnaveer Precision Eng L,QE SECURITIES LLP,BUY,367480,277.61
26-AUG-2026,NSE,bulk_deals,RATNAVEER,Ratnaveer Precision Eng L,ARIHANT CAPITAL MARKETS LIMITED,BUY,1174021,273.73
26-AUG-2026,NSE,bulk_deals,RGL,Renaissance Global Ltd,J4S FINANCIAL SOLUTIONS LLP,BUY,541318,148.39
26-AUG-2026,NSE,bulk_deals,RGL,Renaissance Global Ltd,BLITZQUANT RESEARCH LLP,BUY,657969,149.9
26-AUG-2026,NSE,bulk_deals,RGL,Renaissance Global Ltd,JUNOMONETA FINSOL PRIVATE LIMITED,BUY,1489966,148.66
26-AUG-2026,NSE,bulk_deals,RGL,Renaissance Global Ltd,JUMP TRADING FINANCIAL INDIA PRIVATE LIMITED,BUY,609909,149.62
26-AUG-2026,NSE,bulk_deals,RGL,Renaissance Global Ltd,HRTI PRIVATE LIMITED,BUY,585163,148.2
26-AUG-2026,NSE,bulk_deals,RGL,Renaissance Global Ltd,IRAGE BROKING SERVICES LLP,BUY,813517,149.05
26-AUG-2026,NSE,bulk_deals,RGL,Renaissance Global Ltd,MICROCURVES TRADING PRIVATE LIMITED,BUY,2917206,149.33
26-AUG-2026,NSE,bulk_deals,RGL,Renaissance Global Ltd,NK SECURITIES RESEARCH PRIVATE LIMITED,BUY,1702359,148.47
26-AUG-2026,NSE,bulk_deals,RUBICON,Rubicon Research Limited,ARANDA INVESTMENTS PTE. LTD.,BUY,843372,1660.0
26-AUG-2026,NSE,bulk_deals,SHAH,Shah Metacorp Limited,NEO APEX SHARE BROKING SERVICES LLP,BUY,12117771,2.56
26-AUG-2026,NSE,bulk_deals,SHAH,Shah Metacorp Limited,DHANJIT REAL TRADE LLP,BUY,14995183,2.9
26-AUG-2026,NSE,bulk_deals,SHREEKARNI,Shree Karni Fabcom Ltd,MANSUKH SECURITIES & FINANCE LIMITED,BUY,42900,347.18
26-AUG-2026,NSE,bulk_deals,SILGO,Silgo Retail Limited,NITIN JAIN,BUY,200000,72.35
26-AUG-2026,NSE,bulk_deals,SUNSHINE,Sunshine Pictures Limited,ARIHANT CAPITAL MARKETS LIMITED,BUY,276889,374.69
26-AUG-2026,NSE,bulk_deals,TCC,TCC Concept Limited,NK SECURITIES RESEARCH PRIVATE LIMITED,BUY,289909,253.61
26-AUG-2026,NSE,bulk_deals,VCL,Vaxtex Cotfab Limited,PRIMUS TEQ POWER PRIVATE LIMITED,BUY,1000000,2.23
26-AUG-2026,NSE,bulk_deals,VIJAYPD,Vijaypd Ceutical Limited,INVICTO MULTIPLIER FUND,BUY,232000,63.9
26-AUG-2026,NSE,bulk_deals,VIYASH,Viyash Scientific Limited,KOTAK MAHINDRA MUTUAL FUND,BUY,2469302,263.1
26-AUG-2026,NSE,bulk_deals,VIYASH,Viyash Scientific Limited,F3 ADVISORS PRIVATE LIMITED,BUY,4874466,265.12
26-AUG-2026,NSE,bulk_deals,VIYASH,Viyash Scientific Limited,MANSI SHARE AND STOCK BROKING PRIVATE LIMITED,BUY,9807102,264.68
26-AUG-2026,NSE,bulk_deals,VIYASH,Viyash Scientific Limited,BANDHAN MUTUAL FUND,BUY,2843147,263.1
26-AUG-2026,NSE,bulk_deals,VIYASH,Viyash Scientific Limited,NEO APEX SHARE BROKING SERVICES LLP,BUY,4163047,264.7
26-AUG-2026,NSE,bulk_deals,VIYASH,Viyash Scientific Limited,EDELWEISS MUTUAL FUND,BUY,2592600,270.0
26-AUG-2026,NSE,bulk_deals,WEL,Wonder Electricals Ltd,CORE INC,BUY,859557,151.42
26-AUG-2026,NSE,bulk_deals,WELCORP,Welspun Corp Limited,EURO PACIFIC GROWTH FUND,BUY,2945863,2275.3
26-AUG-2026,NSE,bulk_deals,AASTHA,Aastha Spintex Limited,JAGID VANITABEN RAJENDRAPRASAD,SELL,243234,79.48
26-AUG-2026,NSE,bulk_deals,AASTHA,Aastha Spintex Limited,L7 HITECH PRIVATE LIMITED,SELL,1089085,76.83
26-AUG-2026,NSE,bulk_deals,ATALREAL,Atal Realtech Limited,HRTI PRIVATE LIMITED,SELL,1059530,34.21
26-AUG-2026,NSE,bulk_deals,ATALREAL,Atal Realtech Limited,KARAN RASHMIKANT SHAH,SELL,500000,34.1
26-AUG-2026,NSE,bulk_deals,ATALREAL,Atal Realtech Limited,MAHESH MULCHAND WAGHELA,SELL,306723,34.21
26-AUG-2026,NSE,bulk_deals,ATALREAL,Atal Realtech Limited,JAGID VANITABEN RAJENDRAPRASAD,SELL,643395,34.32
26-AUG-2026,NSE,bulk_deals,ATALREAL,Atal Realtech Limited,QE SECURITIES LLP,SELL,720010,34.37
26-AUG-2026,NSE,bulk_deals,BANG,Bang Overseas Limited,ORION STOCKS LTD,SELL,116956,34.53
26-AUG-2026,NSE,bulk_deals,BANG,Bang Overseas Limited,IRAGE BROKING SERVICES LLP,SELL,337652,34.06
26-AUG-2026,NSE,bulk_deals,BIOFILCHEM,Biofil Chemicals & Pharm,IRAGE BROKING SERVICES LLP,SELL,19542,32.64
26-AUG-2026,NSE,bulk_deals,BIOFILCHEM,Biofil Chemicals & Pharm,ORION STOCKS LTD,SELL,210940,32.63
26-AUG-2026,NSE,bulk_deals,BLEL,Behari Lal Engineering L,MICROCURVES TRADING PRIVATE LIMITED,SELL,251533,459.82
26-AUG-2026,NSE,bulk_deals,BLEL,Behari Lal Engineering L,MATHISYS QUANTCAP LLP,SELL,304141,450.64
26-AUG-2026,NSE,bulk_deals,BLEL,Behari Lal Engineering L,JUMP TRADING FINANCIAL INDIA PRIVATE LIMITED,SELL,215532,452.22
26-AUG-2026,NSE,bulk_deals,BLEL,Behari Lal Engineering L,QE SECURITIES LLP,SELL,263094,450.37
26-AUG-2026,NSE,bulk_deals,BVCL,Barak Valley Cements Limi,ORION STOCKS LTD,SELL,142524,44.09
26-AUG-2026,NSE,bulk_deals,BVCL,Barak Valley Cements Limi,IRAGE BROKING SERVICES LLP,SELL,31404,44.07
26-AUG-2026,NSE,bulk_deals,CYIENT,Cyient Limited,QE SECURITIES LLP,SELL,522908,1034.93
26-AUG-2026,NSE,bulk_deals,DWARKESH,Dwarikesh Sugar Industrie,HRTI PRIVATE LIMITED,SELL,980178,53.88
26-AUG-2026,NSE,bulk_deals,FMGOETZE,Federal-Mogul Goetze (I),IRAGE BROKING SERVICES LLP,SELL,522957,563.32
26-AUG-2026,NSE,bulk_deals,FMGOETZE,Federal-Mogul Goetze (I),NK SECURITIES RESEARCH PRIVATE LIMITED,SELL,559273,567.12
26-AUG-2026,NSE,bulk_deals,FMGOETZE,Federal-Mogul Goetze (I),ELIXIR WEALTH MANAGEMENT PRIVATE LIMITED,SELL,556416,564.53
26-AUG-2026,NSE,bulk_deals,FMGOETZE,Federal-Mogul Goetze (I),MICROCURVES TRADING PRIVATE LIMITED,SELL,1077118,564.41
26-AUG-2026,NSE,bulk_deals,FMGOETZE,Federal-Mogul Goetze (I),JUNOMONETA FINSOL PRIVATE LIMITED,SELL,738673,564.37
26-AUG-2026,NSE,bulk_deals,FMGOETZE,Federal-Mogul Goetze (I),QE SECURITIES LLP,SELL,536522,566.13
26-AUG-2026,NSE,bulk_deals,GAJA,Gaja Alt Asset Mgt Ltd,YUGA STOCKS AND COMMODITIES PRIVATE LIMITED,SELL,1219782,180.62
26-AUG-2026,NSE,bulk_deals,GAJA,Gaja Alt Asset Mgt Ltd,ELIXIR WEALTH MANAGEMENT PRIVATE LIMITED,SELL,946454,175.6
26-AUG-2026,NSE,bulk_deals,GAJA,Gaja Alt Asset Mgt Ltd,DIPAN MEHTA COMMODITIES PRIVATE LIMITED,SELL,803417,174.19
26-AUG-2026,NSE,bulk_deals,GAJA,Gaja Alt Asset Mgt Ltd,MARWADI CHANDARANA INTERMEDIARIES BROKERS PRIVATE LIMITED,SELL,1387745,176.46
26-AUG-2026,NSE,bulk_deals,GAJA,Gaja Alt Asset Mgt Ltd,MICROCURVES TRADING PRIVATE LIMITED,SELL,919600,172.35
26-AUG-2026,NSE,bulk_deals,GAJA,Gaja Alt Asset Mgt Ltd,IRAGE BROKING SERVICES LLP,SELL,1782452,177.55
26-AUG-2026,NSE,bulk_deals,GAJA,Gaja Alt Asset Mgt Ltd,GOLDMINE STOCKS PRIVATE LIMITED,SELL,1127623,175.35
26-AUG-2026,NSE,bulk_deals,GAJA,Gaja Alt Asset Mgt Ltd,JUNOMONETA FINSOL PRIVATE LIMITED,SELL,1186569,176.77
26-AUG-2026,NSE,bulk_deals,GAJA,Gaja Alt Asset Mgt Ltd,NK SECURITIES RESEARCH PRIVATE LIMITED,SELL,2272405,179.11
26-AUG-2026,NSE,bulk_deals,GAJA,Gaja Alt Asset Mgt Ltd,GRT STRATEGIC VENTURES LLP,SELL,1514533,178.43
26-AUG-2026,NSE,bulk_deals,GAJA,Gaja Alt Asset Mgt Ltd,JUMP TRADING FINANCIAL INDIA PRIVATE LIMITED,SELL,829301,173.81
26-AUG-2026,NSE,bulk_deals,GATECH,GACM Technologies Limited,EBISU GLOBAL OPPORTUNITIES FUND LIMITED,SELL,37352348,1.0
26-AUG-2026,NSE,bulk_deals,GATECH,GACM Technologies Limited,RATHOD DIGVIJAYSINH RAJENDRASINH,SELL,9872301,1.0
26-AUG-2026,NSE,bulk_deals,GATECH,GACM Technologies Limited,AL MAHA INVESTMENT FUND PCC - ONYX STRATEGY,SELL,19141216,1.0
26-AUG-2026,NSE,bulk_deals,GATECH,GACM Technologies Limited,MGO HIGH CONVICTION FUND INCORPORATED VCC SUB-FUND,SELL,10000000,1.0
26-AUG-2026,NSE,bulk_deals,GATECH,GACM Technologies Limited,MINERVA VENTURES FUND,SELL,10000000,1.0
26-AUG-2026,NSE,bulk_deals,GENCON,Generic Eng Cons Proj Ltd,CHAUBARA EATS PRIVATE LIMITED,SELL,311212,46.07
26-AUG-2026,NSE,bulk_deals,GENESYS,Genesys International Cor,JUNOMONETA FINSOL PRIVATE LIMITED,SELL,711977,244.55
26-AUG-2026,NSE,bulk_deals,GENESYS,Genesys International Cor,MICROCURVES TRADING PRIVATE LIMITED,SELL,1002887,244.03
26-AUG-2026,NSE,bulk_deals,GENESYS,Genesys International Cor,SANDEEP NARESH SHAH,SELL,213296,253.75
26-AUG-2026,NSE,bulk_deals,GENESYS,Genesys International Cor,VINSUL MAKARDI LTD,SELL,217530,244.56
26-AUG-2026,NSE,bulk_deals,GENESYS,Genesys International Cor,INDRA KIRAN VENTURES,SELL,247422,252.77
26-AUG-2026,NSE,bulk_deals,GENESYS,Genesys International Cor,LAXMI TRADE SOLUTIONS,SELL,257976,251.46
26-AUG-2026,NSE,bulk_deals,GENESYS,Genesys International Cor,SILVERLEAF CAPITAL SERVICES PRIVATE LIMITED,SELL,217253,238.09
26-AUG-2026,NSE,bulk_deals,GENESYS,Genesys International Cor,NK SECURITIES RESEARCH PRIVATE LIMITED,SELL,450372,245.88
26-AUG-2026,NSE,bulk_deals,GENESYS,Genesys International Cor,ALPHAGREP SECURITIES PRIVATE LIMITED,SELL,359866,241.24
26-AUG-2026,NSE,bulk_deals,GENESYS,Genesys International Cor,IRAGE BROKING SERVICES LLP,SELL,242156,244.59
26-AUG-2026,NSE,bulk_deals,GENESYS,Genesys International Cor,QE SECURITIES LLP,SELL,505075,245.15
26-AUG-2026,NSE,bulk_deals,GENESYS,Genesys International Cor,HRTI PRIVATE LIMITED,SELL,187149,246.14
26-AUG-2026,NSE,bulk_deals,GROWW,Billionbrains Garage Vn L,RIBBIT CAPITAL V L.P.,SELL,63169322,196.0
26-AUG-2026,NSE,bulk_deals,GROWW,Billionbrains Garage Vn L,RIBBIT CAYMAN GW HOLDINGS V LTD.,SELL,49942079,196.06
26-AUG-2026,NSE,bulk_deals,INDOTHAI,Indo Thai Sec Ltd,KLEIO TRADECON LLP .,SELL,679000,51.32
26-AUG-2026,NSE,bulk_deals,INDOTHAI,Indo Thai Sec Ltd,JATINKUMAR M SHAH,SELL,757210,51.16
26-AUG-2026,NSE,bulk_deals,INDOTHAI,Indo Thai Sec Ltd,MANSI SHARE AND STOCK BROKING PRIVATE LIMITED,SELL,780859,52.05
26-AUG-2026,NSE,bulk_deals,INDOTHAI,Indo Thai Sec Ltd,SAHASTRAA ADVISORS PRIVATE LIMITED,SELL,758262,51.71
26-AUG-2026,NSE,bulk_deals,INDOTHAI,Indo Thai Sec Ltd,NEO APEX SHARE BROKING SERVICES LLP,SELL,5956717,51.28
26-AUG-2026,NSE,bulk_deals,INDOTHAI,Indo Thai Sec Ltd,SETU SECURITIES PVT LTD,SELL,925033,51.25
26-AUG-2026,NSE,bulk_deals,INDOTHAI,Indo Thai Sec Ltd,PRIJAL TRADEFIN LLP,SELL,510000,51.79
26-AUG-2026,NSE,bulk_deals,INDOTHAI,Indo Thai Sec Ltd,D3 STOCK VISION LLP,SELL,3351930,51.52
26-AUG-2026,NSE,bulk_deals,INDOTHAI,Indo Thai Sec Ltd,MULTIPLIER SHARE & STOCK ADVISORS PRIVATE LIMITED,SELL,959898,51.35
26-AUG-2026,NSE,bulk_deals,ISHAN,Ishan International Ltd,ABDURRAHMAN MOHD SHAFI TAIBANI,SELL,1152000,0.5
26-AUG-2026,NSE,bulk_deals,LAMOSAIC,Lamosaic India Limited,ALTIZEN VENTURES LLP,SELL,38400,57.18
26-AUG-2026,NSE,bulk_deals,LAMOSAIC,Lamosaic India Limited,EQUIRISE FINANCE AND CONSULTANCY,SELL,119400,56.98
26-AUG-2026,NSE,bulk_deals,MARUSHIKA,Marushika Technology Ltd,DEVANSH GOEL,SELL,43200,115.09
26-AUG-2026,NSE,bulk_deals,MVKAGRO,M.V.K. Agro Food Prod Ltd,NEO APEX SHARE BROKING SERVICES LLP,SELL,452100,167.74
26-AUG-2026,NSE,bulk_deals,PARSVNATH,Parsvnath Developers Limi,EARC TRUST SC 453,SELL,3891311,1.41
26-AUG-2026,NSE,bulk_deals,POLYSIL,Polysil Irrigation Syst L,NEO APEX SHARE BROKING SERVICES LLP,SELL,141500,50.42
26-AUG-2026,NSE,bulk_deals,PWL,Physicswallah Limited,LIGHTSPEED OPPORTUNITY FUND II L.P.,SELL,46698120,117.72
26-AUG-2026,NSE,bulk_deals,RAMBHAJO,Advit Jewels Limited,JUNOMONETA FINSOL PRIVATE LIMITED,SELL,540993,240.48
26-AUG-2026,NSE,bulk_deals,RAMBHAJO,Advit Jewels Limited,ALPHAGREP SECURITIES PRIVATE LIMITED,SELL,258130,240.48
26-AUG-2026,NSE,bulk_deals,RAMBHAJO,Advit Jewels Limited,NK SECURITIES RESEARCH PRIVATE LIMITED,SELL,306147,241.72
26-AUG-2026,NSE,bulk_deals,RAMBHAJO,Advit Jewels Limited,L7 HITECH PRIVATE LIMITED,SELL,150000,220.0
26-AUG-2026,NSE,bulk_deals,RAMBHAJO,Advit Jewels Limited,QE SECURITIES LLP,SELL,462140,235.17
26-AUG-2026,NSE,bulk_deals,RAMBHAJO,Advit Jewels Limited,MICROCURVES TRADING PRIVATE LIMITED,SELL,605877,243.1
26-AUG-2026,NSE,bulk_deals,RATNAVEER,Ratnaveer Precision Eng L,ARIHANT CAPITAL MARKETS LIMITED,SELL,1213913,277.07
26-AUG-2026,NSE,bulk_deals,RATNAVEER,Ratnaveer Precision Eng L,QE SECURITIES LLP,SELL,366432,276.74
26-AUG-2026,NSE,bulk_deals,RATNAVEER,Ratnaveer Precision Eng L,HRTI PRIVATE LIMITED,SELL,373117,275.67
26-AUG-2026,NSE,bulk_deals,RGL,Renaissance Global Ltd,JUNOMONETA FINSOL PRIVATE LIMITED,SELL,1500216,148.86
26-AUG-2026,NSE,bulk_deals,RGL,Renaissance Global Ltd,JUMP TRADING FINANCIAL INDIA PRIVATE LIMITED,SELL,609909,150.17
26-AUG-2026,NSE,bulk_deals,RGL,Renaissance Global Ltd,HRTI PRIVATE LIMITED,SELL,567454,148.66
26-AUG-2026,NSE,bulk_deals,RGL,Renaissance Global Ltd,IRAGE BROKING SERVICES LLP,SELL,759498,148.92
26-AUG-2026,NSE,bulk_deals,RGL,Renaissance Global Ltd,NK SECURITIES RESEARCH PRIVATE LIMITED,SELL,1702359,148.56
26-AUG-2026,NSE,bulk_deals,RGL,Renaissance Global Ltd,J4S FINANCIAL SOLUTIONS LLP,SELL,541318,148.39
26-AUG-2026,NSE,bulk_deals,RGL,Renaissance Global Ltd,MICROCURVES TRADING PRIVATE LIMITED,SELL,2917206,149.43
26-AUG-2026,NSE,bulk_deals,RGL,Renaissance Global Ltd,BLITZQUANT RESEARCH LLP,SELL,657969,149.97
26-AUG-2026,NSE,bulk_deals,RUBICON,Rubicon Research Limited,GENERAL ATLANTIC SINGAPORE RR PTE LTD,SELL,843372,1660.0
26-AUG-2026,NSE,bulk_deals,SETL,Standard Engng Tcnlgy Ltd,AMANSA HOLDING PRIVATE LTD.,SELL,1158044,324.6
26-AUG-2026,NSE,bulk_deals,SHAH,Shah Metacorp Limited,DHANJIT REAL TRADE LLP,SELL,15507183,2.78
26-AUG-2026,NSE,bulk_deals,SHAH,Shah Metacorp Limited,NEO APEX SHARE BROKING SERVICES LLP,SELL,12117771,2.7
26-AUG-2026,NSE,bulk_deals,SHAH,Shah Metacorp Limited,SHAH MALAVKUMAR KALPESH,SELL,5000000,2.56
26-AUG-2026,NSE,bulk_deals,SHREEKARNI,Shree Karni Fabcom Ltd,MANSUKH SECURITIES & FINANCE LIMITED,SELL,22500,355.8
26-AUG-2026,NSE,bulk_deals,SILGO,Silgo Retail Limited,BELA AGRAWAL,SELL,200000,72.35
26-AUG-2026,NSE,bulk_deals,SIMPLEXINF,Simplex Infrastructures L,PRAGYA MERCANTILE PVT LTD,SELL,400000,245.64
26-AUG-2026,NSE,bulk_deals,SUNSHINE,Sunshine Pictures Limited,ARIHANT CAPITAL MARKETS LIMITED,SELL,329775,374.58
26-AUG-2026,NSE,bulk_deals,TCC,TCC Concept Limited,NK SECURITIES RESEARCH PRIVATE LIMITED,SELL,289909,253.76
26-AUG-2026,NSE,bulk_deals,TCC,TCC Concept Limited,GOLDMAN SACHS ASIA STRATEGIC PTE. LIMITED.,SELL,404958,258.48
26-AUG-2026,NSE,bulk_deals,VCL,Vaxtex Cotfab Limited,STATSOL RESEARCH LLP,SELL,1000000,2.45
26-AUG-2026,NSE,bulk_deals,VIJAYPD,Vijaypd Ceutical Limited,YASHVI HITESH PATEL,SELL,310000,63.9
26-AUG-2026,NSE,bulk_deals,VIYASH,Viyash Scientific Limited,CA HARBOR INVESTMENTS,SELL,2963400,270.0
26-AUG-2026,NSE,bulk_deals,VIYASH,Viyash Scientific Limited,CA HARBOR INVESTMENTS,SELL,8540003,265.4
26-AUG-2026,NSE,bulk_deals,VIYASH,Viyash Scientific Limited,NEO APEX SHARE BROKING SERVICES LLP,SELL,4163047,266.16
26-AUG-2026,NSE,bulk_deals,VIYASH,Viyash Scientific Limited,CA HULL INVESTMENTS,SELL,9302182,263.36
26-AUG-2026,NSE,bulk_deals,VIYASH,Viyash Scientific Limited,F3 ADVISORS PRIVATE LIMITED,SELL,4958965,264.26
26-AUG-2026,NSE,bulk_deals,VIYASH,Viyash Scientific Limited,MANSI SHARE AND STOCK BROKING PRIVATE LIMITED,SELL,9977062,266.77
26-AUG-2026,NSE,bulk_deals,VIYASH,Viyash Scientific Limited,CA HULL INVESTMENTS,SELL,12264022,265.44
26-AUG-2026,NSE,bulk_deals,VIYASH,Viyash Scientific Limited,CA HARBOR INVESTMENTS,SELL,11860493,263.24
26-AUG-2026,NSE,bulk_deals,VIYASH,Viyash Scientific Limited,CA HULL INVESTMENTS,SELL,2592600,270.0
26-AUG-2026,NSE,bulk_deals,WEL,Wonder Electricals Ltd,CORE INC,SELL,859557,152.27
26-AUG-2026,NSE,bulk_deals,WELCORP,Welspun Corp Limited,WELSPUN INVESTMENTS AND COMMERCIALS LIMITED,SELL,6000000,2275.3
26-AUG-2026,NSE,block_deals,PWL,Physicswallah Limited,CITIGROUP GLOBAL MARKETS MAURITIUS PRIVATE LIMITED,BUY,2352677,117.72
26-AUG-2026,NSE,block_deals,PWL,Physicswallah Limited,VIRIDIAN ASIA OPPORTUNITIES MASTER FUND,BUY,2352783,117.72
26-AUG-2026,NSE,block_deals,PWL,Physicswallah Limited,GOLDMAN SACHS ETF TRUST - GOLDMAN SACHS INDIA EQUITY ETF,BUY,272929,117.72
26-AUG-2026,NSE,block_deals,PWL,Physicswallah Limited,GOLDMAN SACHS FUNDS - GOLDMAN SACHS INDIA EQUITY PORTFOLIO,BUY,6123236,117.72
26-AUG-2026,NSE,block_deals,PWL,Physicswallah Limited,GOLDMAN SACHS FUNDS-GOLDMAN SACHS ASIA EQUITY PORTFOLIO,BUY,164286,117.72
26-AUG-2026,NSE,block_deals,PWL,Physicswallah Limited,GOLDMAN SACHS INVESTMENTS MAURITIUS I LIMITED,BUY,2123686,117.72
26-AUG-2026,NSE,block_deals,PWL,Physicswallah Limited,GS INDIA EQUITY,BUY,283535,117.72
26-AUG-2026,NSE,block_deals,PWL,Physicswallah Limited,ICICI PRUDENTIAL MUTUAL FUND,BUY,22000003,117.72
26-AUG-2026,NSE,block_deals,PWL,Physicswallah Limited,JSS INVESTMENTFONDS II - JSS RESPONSIBLE EQUITY - INDIA,BUY,60084,117.72
26-AUG-2026,NSE,block_deals,PWL,Physicswallah Limited,GHISALLO MASTER FUND LP,BUY,2123694,117.72
26-AUG-2026,NSE,block_deals,PWL,Physicswallah Limited,MEDIOLANUM BEST BRANDS- MEDIOLANUM INDIA OPPORTUNITIES,BUY,567357,117.72
26-AUG-2026,NSE,block_deals,PWL,Physicswallah Limited,MORGAN STANLEY ASIA SINGAPORE PTE,BUY,2123689,117.72
26-AUG-2026,NSE,block_deals,PWL,Physicswallah Limited,NEW YORK STATE TEACHERS RETIREMENT SYSTEM,BUY,442432,117.72
26-AUG-2026,NSE,block_deals,PWL,Physicswallah Limited,OP-INDIA FUND,BUY,186143,117.72
26-AUG-2026,NSE,block_deals,PWL,Physicswallah Limited,SOCIETE GENERALE,BUY,2123692,117.72
26-AUG-2026,NSE,block_deals,PWL,Physicswallah Limited,TATA AIA LIFE INSURANCE COMPANY LIMITED,BUY,3397894,117.72
26-AUG-2026,NSE,block_deals,RUBICON,Rubicon Research Limited,ARANDA INVESTMENTS PTE. LTD.,BUY,843372,1660.0
26-AUG-2026,NSE,block_deals,VIYASH,Viyash Scientific Limited,EDELWEISS MUTUAL FUND,BUY,2592600,270.0
26-AUG-2026,NSE,block_deals,VIYASH,Viyash Scientific Limited,PANVIRA INDIA INNOVATION FUND,BUY,1111200,270.0
26-AUG-2026,NSE,block_deals,VIYASH,Viyash Scientific Limited,BANDHAN MUTUAL FUND,BUY,2843147,263.1
26-AUG-2026,NSE,block_deals,VIYASH,Viyash Scientific Limited,S GUPTA HOMES PRIVATE LIMITED,BUY,926100,270.0
26-AUG-2026,NSE,block_deals,VIYASH,Viyash Scientific Limited,AAGAM INVESTMENTS,BUY,926100,270.0
26-AUG-2026,NSE,block_deals,WELCORP,Welspun Corp Limited,CAPITAL GROUP NEW WORLD FUND (LUX),BUY,1492,2275.3
26-AUG-2026,NSE,block_deals,WELCORP,Welspun Corp Limited,SMALLCAP WORLD FUND INC,BUY,120549,2275.3
26-AUG-2026,NSE,block_deals,WELCORP,Welspun Corp Limited,ABERDEEN ASIAN OPPORTUNITIES FUND,BUY,17600,2275.3
26-AUG-2026,NSE,block_deals,WELCORP,Welspun Corp Limited,ABERDEEN ASIAN SMALLER COMPANIES INVESTMENT TRUST PLC,BUY,162000,2275.3
26-AUG-2026,NSE,block_deals,WELCORP,Welspun Corp Limited,ABERDEEN GLOBAL - INDIAN EQUITY FUND,BUY,60600,2275.3
26-AUG-2026,NSE,block_deals,WELCORP,Welspun Corp Limited,ABERDEEN STANDARD SICAV I - ASIAN SMALLER COMPANIES FUND,BUY,157000,2275.3
26-AUG-2026,NSE,block_deals,WELCORP,Welspun Corp Limited,AMERICAN FUNDS INSURANCE SERIES GLOBAL SMALL CAPITALIZATION FUND,BUY,3264,2275.3
26-AUG-2026,NSE,block_deals,WELCORP,Welspun Corp Limited,AMERICAN FUNDS INSURANCE SERIES INTERNATIONAL FUND,BUY,159731,2275.3
26-AUG-2026,NSE,block_deals,WELCORP,Welspun Corp Limited,AMERICAN FUNDS INSURANCE SERIES NEW WORLD FUND,BUY,7438,2275.3
26-AUG-2026,NSE,block_deals,WELCORP,Welspun Corp Limited,AMERICAN FUNDS INSURANCE SERIES NEW WORLD FUND,BUY,41391,2275.3
26-AUG-2026,NSE,block_deals,WELCORP,Welspun Corp Limited,CAPITAL GROUP EUPAC COMMON TRUST (US),BUY,12870,2275.3
26-AUG-2026,NSE,block_deals,WELCORP,Welspun Corp Limited,CAPITAL GROUP EUROPACIFIC GROWTH TRUST (US),BUY,443268,2275.3
26-AUG-2026,NSE,block_deals,WELCORP,Welspun Corp Limited,THE INDIA FUND INC,BUY,142400,2275.3
26-AUG-2026,NSE,block_deals,WELCORP,Welspun Corp Limited,CAPITAL GROUP NEW WORLD FUND (LUX),BUY,8301,2275.3
26-AUG-2026,NSE,block_deals,WELCORP,Welspun Corp Limited,CAPITAL GROUP NEW WORLD TRUST (US),BUY,7244,2275.3
26-AUG-2026,NSE,block_deals,WELCORP,Welspun Corp Limited,CAPITAL GROUP NEW WORLD TRUST (US),BUY,40184,2275.3
26-AUG-2026,NSE,block_deals,WELCORP,Welspun Corp Limited,EDELWEISS LIFE INSURANCE COMPANY LIMITED,BUY,109900,2275.3
26-AUG-2026,NSE,block_deals,WELCORP,Welspun Corp Limited,EDELWEISS MUTUAL FUND,BUY,373577,2275.3
26-AUG-2026,NSE,block_deals,WELCORP,Welspun Corp Limited,EURO PACIFIC GROWTH FUND,BUY,2945863,2275.3
26-AUG-2026,NSE,block_deals,WELCORP,Welspun Corp Limited,NEW INDIA INVESTMENT TRUST PLC,BUY,123000,2275.3
26-AUG-2026,NSE,block_deals,WELCORP,Welspun Corp Limited,NEW WORLD FUND INC,BUY,151256,2275.3
26-AUG-2026,NSE,block_deals,WELCORP,Welspun Corp Limited,NEW WORLD FUND INC,BUY,841675,2275.3
26-AUG-2026,NSE,block_deals,WELCORP,Welspun Corp Limited,QUANT MUTUAL FUND,BUY,369397,2275.3
26-AUG-2026,NSE,block_deals,PWL,Physicswallah Limited,LIGHTSPEED OPPORTUNITY FUND II L.P.,SELL,46698120,117.72
26-AUG-2026,NSE,block_deals,RUBICON,Rubicon Research Limited,GENERAL ATLANTIC SINGAPORE RR PTE LTD,SELL,843372,1660.0
26-AUG-2026,NSE,block_deals,VIYASH,Viyash Scientific Limited,CA HULL INVESTMENTS,SELL,2592600,270.0
26-AUG-2026,NSE,block_deals,VIYASH,Viyash Scientific Limited,CA HARBOR INVESTMENTS,SELL,1397795,263.1
26-AUG-2026,NSE,block_deals,VIYASH,Viyash Scientific Limited,CA HULL INVESTMENTS,SELL,1445352,263.1
26-AUG-2026,NSE,block_deals,VIYASH,Viyash Scientific Limited,CA HARBOR INVESTMENTS,SELL,2963400,270.0
26-AUG-2026,NSE,block_deals,WELCORP,Welspun Corp Limited,WELSPUN INVESTMENTS AND COMMERCIALS LIMITED,SELL,6000000,2275.3
26-AUG-2026,NSE,block_deals,WELCORP,Welspun Corp Limited,VIPUL MATHUR,SELL,300000,2275.3
26/08/2026,BSE,bulk,544445,APL,PRAKRUTI R PALI,B,138000.0,95.59
26/08/2026,BSE,bulk,532946,BANG,ORION STOCKS LTD,S,400101.0,34.28
26/08/2026,BSE,bulk,532946,BANG,ORION STOCKS LTD,B,119718.0,34.51
26/08/2026,BSE,bulk,532946,BANG,IRAGE BROKING SERVICES LLP,B,336881.0,34.31
26/08/2026,BSE,bulk,532946,BANG,IRAGE BROKING SERVICES LLP,S,100445.0,34.51
26/08/2026,BSE,bulk,524396,BIOFILCHEM,ORION STOCKS LTD,S,30266.0,32.64
26/08/2026,BSE,bulk,524396,BIOFILCHEM,ORION STOCKS LTD,B,179419.0,32.61
26/08/2026,BSE,bulk,524396,BIOFILCHEM,IRAGE BROKING SERVICES LLP,B,14542.0,32.67
26/08/2026,BSE,bulk,524396,BIOFILCHEM,IRAGE BROKING SERVICES LLP,S,148082.0,32.58
26/08/2026,BSE,bulk,532916,BVCL,ORION STOCKS LTD,S,17537.0,44.44
26/08/2026,BSE,bulk,532916,BVCL,ORION STOCKS LTD,B,140461.0,43.79
26/08/2026,BSE,bulk,532916,BVCL,IRAGE BROKING SERVICES LLP,B,24509.0,44.4
26/08/2026,BSE,bulk,532916,BVCL,IRAGE BROKING SERVICES LLP,S,120799.0,43.78
26/08/2026,BSE,bulk,540829,CHANDRIMA,PLASTOMATIC PACKAGING PRIVATE LIMITED,B,4731497.0,11.08
26/08/2026,BSE,bulk,540829,CHANDRIMA,PLASTOMATIC PACKAGING PRIVATE LIMITED,S,4731497.0,11.13
26/08/2026,BSE,bulk,526546,CHOKSILA,M7 GLOBAL FUND PCC - CELL VERTEX,B,40000.0,145.6
26/08/2026,BSE,bulk,526546,CHOKSILA,EMKAY COMMERCIAL COMPANY LIMITED,S,40000.0,145.6
26/08/2026,BSE,bulk,544884,DHANWEL,GIRIRAJ STOCK BROKING PRIVATE LIMITED,B,207600.0,98.14
26/08/2026,BSE,bulk,540376,DMART,AMERICAN FUNDS INSURANCE SERIES GLOBAL GROWTH AND INCOME FUND,S,6764623.0,3750.58
26/08/2026,BSE,bulk,531471,DUKEOFS,AKHIL DILIP SANGHAVI,B,50000.0,54.48
26/08/2026,BSE,bulk,531486,FILME,VISAGAR FINANCIAL SERVICES LIMITED,S,190000.0,1.25
26/08/2026,BSE,bulk,544885,GAJA,IRAGE BROKING SERVICES LLP,S,467039.0,176.72
26/08/2026,BSE,bulk,544885,GAJA,IRAGE BROKING SERVICES LLP,B,1014326.0,176.68
26/08/2026,BSE,bulk,531911,GALAGEX,JATAN INVESTMENTS,B,100000.0,70.0
26/08/2026,BSE,bulk,506109,GENESYS,IRAGE BROKING SERVICES LLP,B,138941.0,245.78
26/08/2026,BSE,bulk,506109,GENESYS,IRAGE BROKING SERVICES LLP,S,323491.0,243.48
26/08/2026,BSE,bulk,514386,GUJCOTEX,L7 HITECH PRIVATE LIMITED,B,854454.0,3.38
26/08/2026,BSE,bulk,514386,GUJCOTEX,L7 HITECH PRIVATE LIMITED,S,110000.0,3.39
26/08/2026,BSE,bulk,514386,GUJCOTEX,JAGID VANITABEN RAJENDRAPRASAD,B,500000.0,3.39
26/08/2026,BSE,bulk,514386,GUJCOTEX,JAGID VANITABEN RAJENDRAPRASAD,S,483867.0,3.39
26/08/2026,BSE,bulk,541627,GUJWIND,KREON FINNANCIAL SERVICES LIMITED,B,43240.0,10.21
26/08/2026,BSE,bulk,508918,IRONWOOD,SANDEEP JANARDAN PANDEY,B,86501.0,54.88
26/08/2026,BSE,bulk,538765,JSHL,MUKESH CHIMANLAL DESAI,B,50000.0,2.23
26/08/2026,BSE,bulk,538765,JSHL,DARSHANA MUKESH DESAI,S,50000.0,2.23
26/08/2026,BSE,bulk,526935,KALIND,ABHISHEK ASHVINBHAI KAMDAR,B,5100000.0,4.19
26/08/2026,BSE,bulk,539679,KAPILRAJ,SURAJ PANCHAL,S,1853029.0,1.56
26/08/2026,BSE,bulk,539679,KAPILRAJ,MANOJ KUMAR JAIN,B,645000.0,1.55
26/08/2026,BSE,bulk,539679,KAPILRAJ,VED PARKASH GOYAL (HUF),B,600000.0,1.61
26/08/2026,BSE,bulk,539408,KUBERJI,NEO APEX SHARE BROKING SERVICES LLP,B,60000.0,48.58
26/08/2026,BSE,bulk,539408,KUBERJI,RV FINTECH,S,22076.0,48.58
26/08/2026,BSE,bulk,539408,KUBERJI,EPITOME TRADING AND INVESTMENTS,B,20000.0,48.58
26/08/2026,BSE,bulk,539408,KUBERJI,PARESH DHIRAJLAL SHAH,S,66000.0,48.58
26/08/2026,BSE,bulk,539408,KUBERJI,RANJANA KANDA,B,18000.0,48.58
26/08/2026,BSE,bulk,539408,KUBERJI,YOGESHKUMAR RASIKLAL SANGHAVI,S,35000.0,48.58
26/08/2026,BSE,bulk,539408,KUBERJI,NILESHKUMAR MADHUKARBHAI JOSHI,S,32448.0,48.58
26/08/2026,BSE,bulk,539408,KUBERJI,JAINAM UDAY SHAH,B,45308.0,48.58
26/08/2026,BSE,bulk,539408,KUBERJI,JINAL VIJAY SHAH,B,35000.0,48.58
26/08/2026,BSE,bulk,539408,KUBERJI,SALASAR VENTURES .,S,29006.0,48.58
26/08/2026,BSE,bulk,539408,KUBERJI,DHANUSH DILP KUMAR SURANA SURANA,S,22000.0,48.58
26/08/2026,BSE,bulk,544835,MALA,KEYA STOCKS AND FINANCIAL SERVICES PRIVATE LIMITED,B,72000.0,64.0
26/08/2026,BSE,bulk,544835,MALA,VISIONARY CAPITAL APPRECIATION FUND,S,70000.0,64.0
26/08/2026,BSE,bulk,526251,MIDEASTP,RAJNIKANT SOMNATHBHAI MISTRY,S,28276.0,34.0
26/08/2026,BSE,bulk,526251,MIDEASTP,RAJNIKANT SOMNATHBHAI MISTRY,B,2000.0,34.0
26/08/2026,BSE,bulk,526251,MIDEASTP,JIGNESH SURESH MODI,B,47000.0,34.0
26/08/2026,BSE,bulk,544883,MOPSHOP,ASHMIT  KABRA,B,70000.0,137.0
26/08/2026,BSE,bulk,530805,OIVL,NEELRAMESHBHAIGAJERA,S,190106.0,6.82
26/08/2026,BSE,bulk,530805,OIVL,NEELRAMESHBHAIGAJERA,B,339932.0,6.87
26/08/2026,BSE,bulk,530805,OIVL,CHITRANK MURARKA (HUF),S,168711.0,6.9
26/08/2026,BSE,bulk,532808,PGIL,DEEPAK KUMAR SETH,S,550000.0,2280.51
26/08/2026,BSE,bulk,526490,PRATIK,DEEPTI GHANSHYAM GAVALI,S,467791.0,4.41
26/08/2026,BSE,bulk,500360,RAPICUT,MAHENDRA GIRDHARILAL WADHWANI,S,34745.0,370.8
26/08/2026,BSE,bulk,539922,RGIL,NATVARLAL HIRJI BATHIA,S,100000.0,299.29
26/08/2026,BSE,bulk,539922,RGIL,ARIKA SECURITIES PRIVATE LIMITED,B,100000.0,299.29
26/08/2026,BSE,bulk,544578,RUBICON,HDFC MUTUAL FUND,B,4878009.0,1660.0
26/08/2026,BSE,bulk,544578,RUBICON,KOTAK MAHINDRA MUTUAL FUND,B,1656624.0,1660.0
26/08/2026,BSE,bulk,544578,RUBICON,ICICI PRUDENTIAL MUTUAL FUND,B,1807226.0,1660.0
26/08/2026,BSE,bulk,544578,RUBICON,SBI MUTUAL FUND,B,1204815.0,1660.0
26/08/2026,BSE,bulk,544578,RUBICON,NOMURA INDIA INVESTMENT FUND MOTHER FUND,B,1203999.0,1660.0
26/08/2026,BSE,bulk,544578,RUBICON,AXIS MUTUAL FUND,B,903611.0,1660.0
26/08/2026,BSE,bulk,544578,RUBICON,TIMF HOLDINGS,B,903610.0,1660.0
26/08/2026,BSE,bulk,544578,RUBICON,GENERAL ATLANTIC SINGAPORE RR PTE LTD,S,13009701.0,1660.0
26/08/2026,BSE,bulk,544869,SHAMFOAM,NIRAJ RAJNIKANT SHAH,S,500000.0,72.8
26/08/2026,BSE,bulk,544869,SHAMFOAM,SANJAY POPATLAL JAIN,B,532000.0,72.8
26/08/2026,BSE,bulk,544869,SHAMFOAM,HARYANA REFRACTORIES PRIVATE LIMITED,B,69000.0,72.8
26/08/2026,BSE,bulk,519566,SIMRAN,AMIT  GARG,B,36000.0,154.64
26/08/2026,BSE,bulk,511447,SYLPH,MERATASK ENTERPRISES PRIVATE LIMITED,S,7004990.0,0.2
26/08/2026,BSE,bulk,512529,VIYASH,ARTHKUMBH VENTURES LLP,B,2340000.0,263.2
26/08/2026,BSE,bulk,506122,VOLKAI,CORPORATE MERCHANT BANKERS LIMITED,B,20871.0,149.12
26/08/2026,BSE,bulk,506122,VOLKAI,KREON FINNANCIAL SERVICES LIMITED,B,7996.0,137.23
26/08/2026,BSE,bulk,506122,VOLKAI,KREON FINNANCIAL SERVICES LIMITED,S,2000.0,148.9
26/08/2026,BSE,bulk,506122,VOLKAI,GREEN PEAKS ENTERPRISES LLP,B,7946.0,143.2
26/08/2026,BSE,bulk,506122,VOLKAI,GREEN PEAKS ENTERPRISES LLP,S,7946.0,143.79
26/08/2026,BSE,bulk,538451,WORTH,CHETAN KIRITBHAI MEHTA,S,7922524.0,3.18
26/08/2026,BSE,bulk,538451,WORTH,MAHEVARSH FINCON PRIVATE LIMITED,B,2900000.0,3.21
26/08/2026,BSE,bulk,531663,YUVRAAJHPL,ARUP CHANDRA & SONS,S,471658.0,8.5
26/08/2026,BSE,block,544578,RUBICON,HDFC MUTUAL FUND,B,4878009.0,1660.0
26/08/2026,BSE,block,544578,RUBICON,KOTAK MAHINDRA MUTUAL FUND,B,1656624.0,1660.0
26/08/2026,BSE,block,544578,RUBICON,ICICI PRUDENTIAL MUTUAL FUND,B,1807226.0,1660.0
26/08/2026,BSE,block,544578,RUBICON,SBI MUTUAL FUND,B,1204815.0,1660.0
26/08/2026,BSE,block,544578,RUBICON,NOMURA INDIA INVESTMENT FUND MOTHER FUND,B,1203999.0,1660.0
26/08/2026,BSE,block,544578,RUBICON,"VEMF-A , LP",B,150605.0,1660.0
26/08/2026,BSE,block,544578,RUBICON,AXIS MUTUAL FUND,B,903611.0,1660.0
26/08/2026,BSE,block,544578,RUBICON,TIMF HOLDINGS,B,903610.0,1660.0
26/08/2026,BSE,block,544578,RUBICON,PI OPPORTUNITIES AIF V LLP,B,301202.0,1660.0
26/08/2026,BSE,block,544578,RUBICON,GENERAL ATLANTIC SINGAPORE RR PTE LTD,S,150605.0,1660.0
26/08/2026,BSE,block,544578,RUBICON,GENERAL ATLANTIC SINGAPORE RR PTE LTD,S,301202.0,1660.0
26/08/2026,BSE,block,544578,RUBICON,GENERAL ATLANTIC SINGAPORE RR PTE LTD,S,903610.0,1660.0
26/08/2026,BSE,block,544578,RUBICON,GENERAL ATLANTIC SINGAPORE RR PTE LTD,S,903611.0,1660.0
26/08/2026,BSE,block,544578,RUBICON,GENERAL ATLANTIC SINGAPORE RR PTE LTD,S,1203999.0,1660.0
26/08/2026,BSE,block,544578,RUBICON,GENERAL ATLANTIC SINGAPORE RR PTE LTD,S,1204815.0,1660.0
26/08/2026,BSE,block,544578,RUBICON,GENERAL ATLANTIC SINGAPORE RR PTE LTD,S,1656624.0,1660.0
26/08/2026,BSE,block,544578,RUBICON,GENERAL ATLANTIC SINGAPORE RR PTE LTD,S,1807226.0,1660.0
26/08/2026,BSE,block,544578,RUBICON,GENERAL ATLANTIC SINGAPORE RR PTE LTD,S,4878009.0,1660.0
27-AUG-2026,NSE,bulk_deals,AASTHA,Aastha Spintex Limited,JAGID VANITABEN RAJENDRAPRASAD,BUY,481894,88.37
27-AUG-2026,NSE,bulk_deals,AASTHA,Aastha Spintex Limited,L7 HITECH PRIVATE LIMITED,BUY,864735,88.36
27-AUG-2026,NSE,bulk_deals,AMBAAUTO,Amba Auto Sales and Ser L,GOMOTO TEXTILES PRIVATE LIMITED,BUY,115000,114.85
27-AUG-2026,NSE,bulk_deals,APOLLOTYRE,Apollo Tyres Ltd.,SBI LIFE INSURANCE COMPANY LIMITED,BUY,5632000,435.0
27-AUG-2026,NSE,bulk_deals,APOLLOTYRE,Apollo Tyres Ltd.,ICICI PRUDENTIAL MUTUAL FUND,BUY,19080000,435.0
27-AUG-2026,NSE,bulk_deals,ASIANTILES,Asian Granito India Limit,THAKKAR NILESHKUMAR FARSHURAM HUF,BUY,1735289,47.02
27-AUG-2026,NSE,bulk_deals,ATALREAL,Atal Realtech Limited,CHAUBARA EATS PRIVATE LIMITED,BUY,1240387,35.61
27-AUG-2026,NSE,bulk_deals,ATALREAL,Atal Realtech Limited,HRTI PRIVATE LIMITED,BUY,1367631,35.53
27-AUG-2026,NSE,bulk_deals,ATALREAL,Atal Realtech Limited,ACME CAPITAL MARKET LIMITED,BUY,1855023,35.33
27-AUG-2026,NSE,bulk_deals,ATALREAL,Atal Realtech Limited,ALTIZEN VENTURES LLP,BUY,812753,35.15
27-AUG-2026,NSE,bulk_deals,ATALREAL,Atal Realtech Limited,MAHESH MULCHAND WAGHELA,BUY,1975187,35.26
27-AUG-2026,NSE,bulk_deals,ATALREAL,Atal Realtech Limited,BULLPULSE MARKETEDGE PRIVATE LIMITED,BUY,1000000,35.79
27-AUG-2026,NSE,bulk_deals,ATALREAL,Atal Realtech Limited,JIAUM BROKING LLP,BUY,1000000,35.78
27-AUG-2026,NSE,bulk_deals,AYE,Aye Finance Limited,F3 ADVISORS PRIVATE LIMITED,BUY,178081,175.91
27-AUG-2026,NSE,bulk_deals,BANG,Bang Overseas Limited,IRAGE BROKING SERVICES LLP,BUY,124051,34.37
27-AUG-2026,NSE,bulk_deals,BANG,Bang Overseas Limited,ORION STOCKS LTD,BUY,17432,34.63
27-AUG-2026,NSE,bulk_deals,BBTC,Bombay Burmah Trading,NK SECURITIES RESEARCH PRIVATE LIMITED,BUY,620149,1608.94
27-AUG-2026,NSE,bulk_deals,BBTC,Bombay Burmah Trading,MICROCURVES TRADING PRIVATE LIMITED,BUY,795485,1613.68
27-AUG-2026,NSE,bulk_deals,BBTC,Bombay Burmah Trading,BLITZQUANT RESEARCH LLP,BUY,375552,1605.93
27-AUG-2026,NSE,bulk_deals,BBTC,Bombay Burmah Trading,ELIXIR WEALTH MANAGEMENT PRIVATE LIMITED,BUY,448910,1613.69
27-AUG-2026,NSE,bulk_deals,BIOFILCHEM,Biofil Chemicals & Pharm,ORION STOCKS LTD,BUY,3856,32.94
27-AUG-2026,NSE,bulk_deals,BLEL,Behari Lal Engineering L,JUNOMONETA FINSOL PRIVATE LIMITED,BUY,219180,470.16
27-AUG-2026,NSE,bulk_deals,BVCL,Barak Valley Cements Limi,IRAGE BROKING SERVICES LLP,BUY,120702,44.35
27-AUG-2026,NSE,bulk_deals,BVCL,Barak Valley Cements Limi,ORION STOCKS LTD,BUY,42150,44.01
27-AUG-2026,NSE,bulk_deals,FOSECOIND,Foseco India Ltd,CITIGROUP GLOBAL MARKETS SINGAPORE PTE LIMITED,BUY,42577,5897.0
27-AUG-2026,NSE,bulk_deals,FOSECOIND,Foseco India Ltd,INVESCO MUTUAL FUND,BUY,254446,5897.0
27-AUG-2026,NSE,bulk_deals,FOSECOIND,Foseco India Ltd,LIC MUTUAL FUND,BUY,42577,5897.0
27-AUG-2026,NSE,bulk_deals,FOSECOIND,Foseco India Ltd,MAHINDRA MANULIFE MUTUAL FUND,BUY,55978,5897.0
27-AUG-2026,NSE,bulk_deals,FOSECOIND,Foseco India Ltd,MIRAE ASSET MUTUAL FUND,BUY,291793,5897.0
27-AUG-2026,NSE,bulk_deals,FOSECOIND,Foseco India Ltd,MORGAN STANLEY ASIA SINGAPORE PTE,BUY,42577,5897.0
27-AUG-2026,NSE,bulk_deals,FOSECOIND,Foseco India Ltd,CATAMARAN VENTURES LLP,BUY,55978,5897.0
27-AUG-2026,NSE,bulk_deals,FOSECOIND,Foseco India Ltd,SBI MUTUAL FUND,BUY,322297,5897.0
27-AUG-2026,NSE,bulk_deals,FOSECOIND,Foseco India Ltd,MOTILAL OSWAL MUTUAL FUND,BUY,42577,5897.0
27-AUG-2026,NSE,bulk_deals,GCSL,Gretex Corporate Services,MANSUKH SECURITIES & FINANCE LIMITED,BUY,314443,538.25
27-AUG-2026,NSE,bulk_deals,HAPPSTMNDS,Happiest Minds Techno Ltd,POLUNIN EMERGING MARKETS SMALL CAP FUND LLC,BUY,830000,429.92
27-AUG-2026,NSE,bulk_deals,IRISDOREME,Iris Clothings Limited,NIPPON LIFE INDIA ASSET MANAGEMENT LIMITED,BUY,1153934,57.1
27-AUG-2026,NSE,bulk_deals,KELLTONTEC,Kellton Tech Sol Ltd,SILVERLEAF CAPITAL SERVICES PRIVATE LIMITED,BUY,3031396,14.79
27-AUG-2026,NSE,bulk_deals,KELLTONTEC,Kellton Tech Sol Ltd,NK SECURITIES RESEARCH PRIVATE LIMITED,BUY,2976287,14.8
27-AUG-2026,NSE,bulk_deals,KHADIM,Khadim India Limited,PANKAJ PRASOON AND (HUF),BUY,140246,111.36
27-AUG-2026,NSE,bulk_deals,KSHITIJ-RE,Kshitij Polyline Ltd,SUBHASH CHANDRA,BUY,800000,0.02
27-AUG-2026,NSE,bulk_deals,KSHITIJ-RE,Kshitij Polyline Ltd,SRIHARSHA POLAVARAPU,BUY,400000,0.02
27-AUG-2026,NSE,bulk_deals,MARSONS,Marsons Limited,ACME CAPITAL MARKET LIMITED,BUY,940273,125.37
27-AUG-2026,NSE,bulk_deals,MILKYMIST,Milky Mist Dairy Food L,JUNOMONETA FINSOL PRIVATE LIMITED,BUY,4205106,223.4
27-AUG-2026,NSE,bulk_deals,MODIS,Modis Navnirman Ltd,SHRENI SHARES PVT,BUY,5696,396.11
27-AUG-2026,NSE,bulk_deals,MVELECTRO,MV Electrosystems Limited,NK SECURITIES RESEARCH PRIVATE LIMITED,BUY,279140,638.96
27-AUG-2026,NSE,bulk_deals,MVELECTRO,MV Electrosystems Limited,QE SECURITIES LLP,BUY,471599,641.08
27-AUG-2026,NSE,bulk_deals,MVELECTRO,MV Electrosystems Limited,SILVER LINE VENTURES PRIVATE LIMITED,BUY,134473,650.81
27-AUG-2026,NSE,bulk_deals,MVELECTRO,MV Electrosystems Limited,MICROCURVES TRADING PRIVATE LIMITED,BUY,802112,641.29
27-AUG-2026,NSE,bulk_deals,MVELECTRO,MV Electrosystems Limited,JUNOMONETA FINSOL PRIVATE LIMITED,BUY,545311,636.77
27-AUG-2026,NSE,bulk_deals,MVELECTRO,MV Electrosystems Limited,JUMP TRADING FINANCIAL INDIA PRIVATE LIMITED,BUY,189713,639.59
27-AUG-2026,NSE,bulk_deals,MVELECTRO,MV Electrosystems Limited,HRTI PRIVATE LIMITED,BUY,533385,634.55
27-AUG-2026,NSE,bulk_deals,MVELECTRO,MV Electrosystems Limited,MATHISYS QUANTCAP LLP,BUY,230264,635.9
27-AUG-2026,NSE,bulk_deals,MVELECTRO,MV Electrosystems Limited,ALROX ENTERPRISES PRIVATE LIMITED,BUY,200000,649.1
27-AUG-2026,NSE,bulk_deals,MVELECTRO,MV Electrosystems Limited,IRAGE BROKING SERVICES LLP,BUY,211291,640.65
27-AUG-2026,NSE,bulk_deals,PCJEWELLER,PC Jeweller Ltd,ALGOQUANT FINTECH LIMITED,BUY,61869097,11.07
27-AUG-2026,NSE,bulk_deals,QUESTLAB,Quest Laboratories Ltd,INVICTO MULTIPLIER FUND,BUY,170400,88.0
27-AUG-2026,NSE,bulk_deals,RAMBHAJO,Advit Jewels Limited,QE SECURITIES LLP,BUY,641634,260.5
27-AUG-2026,NSE,bulk_deals,RAMBHAJO,Advit Jewels Limited,HRTI PRIVATE LIMITED,BUY,734074,260.57
27-AUG-2026,NSE,bulk_deals,RAMBHAJO,Advit Jewels Limited,JUNOMONETA FINSOL PRIVATE LIMITED,BUY,986217,262.03
27-AUG-2026,NSE,bulk_deals,RAMBHAJO,Advit Jewels Limited,MICROCURVES TRADING PRIVATE LIMITED,BUY,542467,267.18
27-AUG-2026,NSE,bulk_deals,RAMBHAJO,Advit Jewels Limited,MARWADI SHARES AND FINANCE LTD.,BUY,386381,263.16
27-AUG-2026,NSE,bulk_deals,RAMBHAJO,Advit Jewels Limited,SILVERLEAF CAPITAL SERVICES PRIVATE LIMITED,BUY,295087,259.52
27-AUG-2026,NSE,bulk_deals,RAMBHAJO,Advit Jewels Limited,NK SECURITIES RESEARCH PRIVATE LIMITED,BUY,582524,264.12
27-AUG-2026,NSE,bulk_deals,RAMBHAJO,Advit Jewels Limited,IRAGE BROKING SERVICES LLP,BUY,262719,262.99
27-AUG-2026,NSE,bulk_deals,RATNAVEER,Ratnaveer Precision Eng L,HRTI PRIVATE LIMITED,BUY,454129,290.29
27-AUG-2026,NSE,bulk_deals,RATNAVEER,Ratnaveer Precision Eng L,ARIHANT CAPITAL MARKETS LIMITED,BUY,1254543,290.15
27-AUG-2026,NSE,bulk_deals,RGL,Renaissance Global Ltd,JUNOMONETA FINSOL PRIVATE LIMITED,BUY,711986,139.77
27-AUG-2026,NSE,bulk_deals,RGL,Renaissance Global Ltd,QE SECURITIES LLP,BUY,671275,138.93
27-AUG-2026,NSE,bulk_deals,RPPINFRA,R.P.P. Infra Projects Ltd,CMK PROJECTS PRIVATE LIMITED,BUY,500000,56.85
27-AUG-2026,NSE,bulk_deals,RULKA,Rulka Electricals Limited,GRATIAS VENTURES PRIVATE LIMITED,BUY,8400,111.61
27-AUG-2026,NSE,bulk_deals,SAWALIYA,Sawaliya Food Products L,PATEL  JATINKUMAR,BUY,600,269.5
27-AUG-2026,NSE,bulk_deals,SHAH,Shah Metacorp Limited,DHANJIT REAL TRADE LLP,BUY,8381256,3.62
27-AUG-2026,NSE,bulk_deals,SHANTIGOLD,Shanti Gold Internation L,ARIHANT CAPITAL MARKETS LIMITED,BUY,1256158,246.95
27-AUG-2026,NSE,bulk_deals,SHANTIGOLD,Shanti Gold Internation L,QE SECURITIES LLP,BUY,447594,248.44
27-AUG-2026,NSE,bulk_deals,SHANTIGOLD,Shanti Gold Internation L,HRTI PRIVATE LIMITED,BUY,565632,247.96
27-AUG-2026,NSE,bulk_deals,SUNSHINE,Sunshine Pictures Limited,ARIHANT CAPITAL MARKETS LIMITED,BUY,425248,370.76
27-AUG-2026,NSE,bulk_deals,TECHNOCRAF,Technocraft Ventures Ltd,JUNOMONETA FINSOL PRIVATE LIMITED,BUY,308715,362.57
27-AUG-2026,NSE,bulk_deals,TECHNOCRAF,Technocraft Ventures Ltd,HRTI PRIVATE LIMITED,BUY,276559,359.64
27-AUG-2026,NSE,bulk_deals,VISACHROME,VISA Chrome Limited,AL MAHA INVESTMENT FUND PCC - ONYX STRATEGY,BUY,4054054,37.0
27-AUG-2026,NSE,bulk_deals,WEL,Wonder Electricals Ltd,NEO APEX VENTURE LLP,BUY,1637803,126.56
27-AUG-2026,NSE,bulk_deals,WEL,Wonder Electricals Ltd,NEO APEX SHARE BROKING SERVICES LLP,BUY,1317638,126.16
27-AUG-2026,NSE,bulk_deals,WEL,Wonder Electricals Ltd,IRAGE BROKING SERVICES LLP,BUY,1711196,146.34
27-AUG-2026,NSE,bulk_deals,WEL,Wonder Electricals Ltd,MICROCURVES TRADING PRIVATE LIMITED,BUY,6100111,160.38
27-AUG-2026,NSE,bulk_deals,WEL,Wonder Electricals Ltd,JUNOMONETA FINSOL PRIVATE LIMITED,BUY,4627996,153.13
27-AUG-2026,NSE,bulk_deals,WEL,Wonder Electricals Ltd,MARWADI CHANDARANA INTERMEDIARIES BROKERS PRIVATE LIMITED,BUY,974249,142.35
27-AUG-2026,NSE,bulk_deals,WEL,Wonder Electricals Ltd,D3 STOCK VISION LLP,BUY,1978112,126.67
27-AUG-2026,NSE,bulk_deals,WEL,Wonder Electricals Ltd,MARWADI SHARES AND FINANCE LTD.,BUY,11281488,131.69
27-AUG-2026,NSE,bulk_deals,WEL,Wonder Electricals Ltd,HRTI PRIVATE LIMITED,BUY,2693122,149.74
27-AUG-2026,NSE,bulk_deals,WEL,Wonder Electricals Ltd,VINSUL MAKARDI LTD,BUY,2175079,140.94
27-AUG-2026,NSE,bulk_deals,WEL,Wonder Electricals Ltd,J4S FINANCIAL SOLUTIONS LLP,BUY,1060250,152.88
27-AUG-2026,NSE,bulk_deals,WEL,Wonder Electricals Ltd,PUMA SECURITIES,BUY,1155844,150.46
27-AUG-2026,NSE,bulk_deals,WEL,Wonder Electricals Ltd,CORE INC,BUY,1945000,140.88
27-AUG-2026,NSE,bulk_deals,WEL,Wonder Electricals Ltd,MATHISYS QUANTCAP LLP,BUY,805792,155.52
27-AUG-2026,NSE,bulk_deals,WEL,Wonder Electricals Ltd,CLT RESEARCH TECH PRIVATE LTD,BUY,1064028,162.52
27-AUG-2026,NSE,bulk_deals,WEL,Wonder Electricals Ltd,SETU SECURITIES PVT LTD,BUY,1443663,126.48
27-AUG-2026,NSE,bulk_deals,WEL,Wonder Electricals Ltd,QE SECURITIES LLP,BUY,3886333,152.92
27-AUG-2026,NSE,bulk_deals,WEL,Wonder Electricals Ltd,NK SECURITIES RESEARCH PRIVATE LIMITED,BUY,5778004,144.26
27-AUG-2026,NSE,bulk_deals,WEL,Wonder Electricals Ltd,ALPHAGREP SECURITIES PRIVATE LIMITED,BUY,1346918,164.22
27-AUG-2026,NSE,bulk_deals,WEL,Wonder Electricals Ltd,GRT STRATEGIC VENTURES LLP,BUY,768677,151.28
27-AUG-2026,NSE,bulk_deals,XTRANET,Xtranet Technologies Ltd,GINNI FINANCE PRIVATE LIMITED,BUY,460960,159.29
27-AUG-2026,NSE,bulk_deals,AASTHA,Aastha Spintex Limited,L7 HITECH PRIVATE LIMITED,SELL,1029472,88.37
27-AUG-2026,NSE,bulk_deals,AASTHA,Aastha Spintex Limited,JAGID VANITABEN RAJENDRAPRASAD,SELL,551106,88.37
27-AUG-2026,NSE,bulk_deals,APOLLOTYRE,Apollo Tyres Ltd.,EMERALD SAGE INVESTMENT LTD,SELL,27010000,435.0
27-AUG-2026,NSE,bulk_deals,AQYLON,Aqylon Nexus Limited,SERA INVESTMENTS & FINANCE INDIA LIMITED,SELL,1841051,24.63
27-AUG-2026,NSE,bulk_deals,ATALREAL,Atal Realtech Limited,CHAUBARA EATS PRIVATE LIMITED,SELL,1240387,35.78
27-AUG-2026,NSE,bulk_deals,ATALREAL,Atal Realtech Limited,ALTIZEN VENTURES LLP,SELL,500000,35.17
27-AUG-2026,NSE,bulk_deals,ATALREAL,Atal Realtech Limited,MAHESH MULCHAND WAGHELA,SELL,1782215,35.26
27-AUG-2026,NSE,bulk_deals,ATALREAL,Atal Realtech Limited,HRTI PRIVATE LIMITED,SELL,724376,35.35
27-AUG-2026,NSE,bulk_deals,ATALREAL,Atal Realtech Limited,JIAUM BROKING LLP,SELL,1000000,35.79
27-AUG-2026,NSE,bulk_deals,ATALREAL,Atal Realtech Limited,BULLPULSE MARKETEDGE PRIVATE LIMITED,SELL,1000000,35.82
27-AUG-2026,NSE,bulk_deals,ATALREAL,Atal Realtech Limited,ACME CAPITAL MARKET LIMITED,SELL,1855023,35.55
27-AUG-2026,NSE,bulk_deals,AYE,Aye Finance Limited,F3 ADVISORS PRIVATE LIMITED,SELL,1545081,176.88
27-AUG-2026,NSE,bulk_deals,BANG,Bang Overseas Limited,ORION STOCKS LTD,SELL,165066,34.39
27-AUG-2026,NSE,bulk_deals,BANG,Bang Overseas Limited,IRAGE BROKING SERVICES LLP,SELL,20126,34.51
27-AUG-2026,NSE,bulk_deals,BBTC,Bombay Burmah Trading,NK SECURITIES RESEARCH PRIVATE LIMITED,SELL,620149,1609.62
27-AUG-2026,NSE,bulk_deals,BBTC,Bombay Burmah Trading,ELIXIR WEALTH MANAGEMENT PRIVATE LIMITED,SELL,448910,1614.41
27-AUG-2026,NSE,bulk_deals,BBTC,Bombay Burmah Trading,BLITZQUANT RESEARCH LLP,SELL,375552,1606.6
27-AUG-2026,NSE,bulk_deals,BBTC,Bombay Burmah Trading,MICROCURVES TRADING PRIVATE LIMITED,SELL,795485,1614.81
27-AUG-2026,NSE,bulk_deals,BIOFILCHEM,Biofil Chemicals & Pharm,ORION STOCKS LTD,SELL,89848,32.93
27-AUG-2026,NSE,bulk_deals,BLEL,Behari Lal Engineering L,JUNOMONETA FINSOL PRIVATE LIMITED,SELL,219801,470.53
27-AUG-2026,NSE,bulk_deals,BVCL,Barak Valley Cements Limi,IRAGE BROKING SERVICES LLP,SELL,3661,43.73
27-AUG-2026,NSE,bulk_deals,BVCL,Barak Valley Cements Limi,ORION STOCKS LTD,SELL,178965,44.3
27-AUG-2026,NSE,bulk_deals,DCBBANK,Dcb Bank Limited,OMAN INDIA JOINT INVESTMENT FUND II,SELL,3700000,217.01
27-AUG-2026,NSE,bulk_deals,DIGIKORE,Digikore Studios Limited,ROHIT KISHOR RATHI,SELL,124800,33.37
27-AUG-2026,NSE,bulk_deals,FOSECOIND,Foseco India Ltd,MORGAN TERRASSEN B V,SELL,560056,5897.0
27-AUG-2026,NSE,bulk_deals,FOSECOIND,Foseco India Ltd,MORGANITE CRUCIBLE LIMITED,SELL,590744,5897.0
27-AUG-2026,NSE,bulk_deals,GANGAFORGE,Ganga Forging Limited,NEO APEX SHARE BROKING SERVICES LLP,SELL,1953251,1.69
27-AUG-2026,NSE,bulk_deals,GATECH,GACM Technologies Limited,AL MAHA INVESTMENT FUND PCC - ONYX STRATEGY,SELL,27500000,1.03
27-AUG-2026,NSE,bulk_deals,GATECH,GACM Technologies Limited,MINERVA VENTURES FUND,SELL,22500000,1.03
27-AUG-2026,NSE,bulk_deals,GATECH,GACM Technologies Limited,MGO HIGH CONVICTION FUND INCORPORATED VCC SUB-FUND,SELL,11773800,1.03
27-AUG-2026,NSE,bulk_deals,GCSL,Gretex Corporate Services,MANSUKH SECURITIES & FINANCE LIMITED,SELL,208195,541.37
27-AUG-2026,NSE,bulk_deals,KELLTONTEC,Kellton Tech Sol Ltd,NK SECURITIES RESEARCH PRIVATE LIMITED,SELL,2976287,14.83
27-AUG-2026,NSE,bulk_deals,KELLTONTEC,Kellton Tech Sol Ltd,SILVERLEAF CAPITAL SERVICES PRIVATE LIMITED,SELL,3031396,14.81
27-AUG-2026,NSE,bulk_deals,MARSONS,Marsons Limited,ACME CAPITAL MARKET LIMITED,SELL,940273,124.82
27-AUG-2026,NSE,bulk_deals,MILKYMIST,Milky Mist Dairy Food L,JUNOMONETA FINSOL PRIVATE LIMITED,SELL,4207167,223.53
27-AUG-2026,NSE,bulk_deals,MODIS,Modis Navnirman Ltd,SHRENI SHARES PVT,SELL,105754,384.03
27-AUG-2026,NSE,bulk_deals,MVELECTRO,MV Electrosystems Limited,QE SECURITIES LLP,SELL,491176,637.47
27-AUG-2026,NSE,bulk_deals,MVELECTRO,MV Electrosystems Limited,HRTI PRIVATE LIMITED,SELL,520643,633.23
27-AUG-2026,NSE,bulk_deals,MVELECTRO,MV Electrosystems Limited,JUMP TRADING FINANCIAL INDIA PRIVATE LIMITED,SELL,189713,641.49
27-AUG-2026,NSE,bulk_deals,MVELECTRO,MV Electrosystems Limited,JUNOMONETA FINSOL PRIVATE LIMITED,SELL,547122,637.39
27-AUG-2026,NSE,bulk_deals,MVELECTRO,MV Electrosystems Limited,MICROCURVES TRADING PRIVATE LIMITED,SELL,802112,641.8
27-AUG-2026,NSE,bulk_deals,MVELECTRO,MV Electrosystems Limited,IRAGE BROKING SERVICES LLP,SELL,206255,640.68
27-AUG-2026,NSE,bulk_deals,MVELECTRO,MV Electrosystems Limited,NK SECURITIES RESEARCH PRIVATE LIMITED,SELL,279140,639.06
27-AUG-2026,NSE,bulk_deals,MVELECTRO,MV Electrosystems Limited,SILVER LINE VENTURES PRIVATE LIMITED,SELL,150536,654.87
27-AUG-2026,NSE,bulk_deals,MVELECTRO,MV Electrosystems Limited,MATHISYS QUANTCAP LLP,SELL,226997,634.56
27-AUG-2026,NSE,bulk_deals,PARSVNATH,Parsvnath Developers Limi,EARC TRUST SC 453,SELL,4933772,1.43
27-AUG-2026,NSE,bulk_deals,PCJEWELLER,PC Jeweller Ltd,ALGOQUANT FINTECH LIMITED,SELL,61869097,11.05
27-AUG-2026,NSE,bulk_deals,QUESTLAB,Quest Laboratories Ltd,BHAVNA HITESH PATEL,SELL,99600,88.0
27-AUG-2026,NSE,bulk_deals,RAMBHAJO,Advit Jewels Limited,QE SECURITIES LLP,SELL,654508,259.44
27-AUG-2026,NSE,bulk_deals,RAMBHAJO,Advit Jewels Limited,MICROCURVES TRADING PRIVATE LIMITED,SELL,542467,267.15
27-AUG-2026,NSE,bulk_deals,RAMBHAJO,Advit Jewels Limited,JUNOMONETA FINSOL PRIVATE LIMITED,SELL,987194,262.19
27-AUG-2026,NSE,bulk_deals,RAMBHAJO,Advit Jewels Limited,HRTI PRIVATE LIMITED,SELL,758064,259.54
27-AUG-2026,NSE,bulk_deals,RAMBHAJO,Advit Jewels Limited,IRAGE BROKING SERVICES LLP,SELL,247531,263.89
27-AUG-2026,NSE,bulk_deals,RAMBHAJO,Advit Jewels Limited,NK SECURITIES RESEARCH PRIVATE LIMITED,SELL,582524,264.24
27-AUG-2026,NSE,bulk_deals,RAMBHAJO,Advit Jewels Limited,MARWADI SHARES AND FINANCE LTD.,SELL,386381,260.8
27-AUG-2026,NSE,bulk_deals,RAMBHAJO,Advit Jewels Limited,SILVERLEAF CAPITAL SERVICES PRIVATE LIMITED,SELL,295087,259.52
27-AUG-2026,NSE,bulk_deals,RATNAVEER,Ratnaveer Precision Eng L,HRTI PRIVATE LIMITED,SELL,400187,289.1
27-AUG-2026,NSE,bulk_deals,RATNAVEER,Ratnaveer Precision Eng L,ARIHANT CAPITAL MARKETS LIMITED,SELL,1236759,290.7
27-AUG-2026,NSE,bulk_deals,RGL,Renaissance Global Ltd,JUNOMONETA FINSOL PRIVATE LIMITED,SELL,713101,139.9
27-AUG-2026,NSE,bulk_deals,RGL,Renaissance Global Ltd,QE SECURITIES LLP,SELL,635336,141.33
27-AUG-2026,NSE,bulk_deals,RPPINFRA,R.P.P. Infra Projects Ltd,YAGAVI N A *,SELL,500000,56.85
27-AUG-2026,NSE,bulk_deals,RULKA,Rulka Electricals Limited,GRATIAS VENTURES PRIVATE LIMITED,SELL,21300,111.69
27-AUG-2026,NSE,bulk_deals,SAWALIYA,Sawaliya Food Products L,PATEL  JATINKUMAR,SELL,50400,219.53
27-AUG-2026,NSE,bulk_deals,SHAH,Shah Metacorp Limited,DHANJIT REAL TRADE LLP,SELL,7381256,3.51
27-AUG-2026,NSE,bulk_deals,SHANTIGOLD,Shanti Gold Internation L,ARIHANT CAPITAL MARKETS LIMITED,SELL,1256158,249.0
27-AUG-2026,NSE,bulk_deals,SHANTIGOLD,Shanti Gold Internation L,NOVA GLOBAL OPPORTUNITIES FUND PCC - TOUCHSTONE,SELL,464804,250.11
27-AUG-2026,NSE,bulk_deals,SHANTIGOLD,Shanti Gold Internation L,QE SECURITIES LLP,SELL,399995,248.63
27-AUG-2026,NSE,bulk_deals,SHANTIGOLD,Shanti Gold Internation L,HRTI PRIVATE LIMITED,SELL,516735,247.94
27-AUG-2026,NSE,bulk_deals,SUNSHINE,Sunshine Pictures Limited,ARIHANT CAPITAL MARKETS LIMITED,SELL,450818,369.74
27-AUG-2026,NSE,bulk_deals,TECHNOCRAF,Technocraft Ventures Ltd,JUNOMONETA FINSOL PRIVATE LIMITED,SELL,308216,362.79
27-AUG-2026,NSE,bulk_deals,TECHNOCRAF,Technocraft Ventures Ltd,HRTI PRIVATE LIMITED,SELL,280561,359.05
27-AUG-2026,NSE,bulk_deals,VISACHROME,VISA Chrome Limited,ASSETS CARE AND RECONSTRUCTION ENTERPRISE LIMITED,SELL,4058000,37.0
27-AUG-2026,NSE,bulk_deals,WEL,Wonder Electricals Ltd,MARWADI SHARES AND FINANCE LTD.,SELL,11250757,130.77
27-AUG-2026,NSE,bulk_deals,WEL,Wonder Electricals Ltd,NEO APEX VENTURE LLP,SELL,1150373,127.43
27-AUG-2026,NSE,bulk_deals,WEL,Wonder Electricals Ltd,J4S FINANCIAL SOLUTIONS LLP,SELL,1060250,152.87
27-AUG-2026,NSE,bulk_deals,WEL,Wonder Electricals Ltd,PUMA SECURITIES,SELL,1155844,150.39
27-AUG-2026,NSE,bulk_deals,WEL,Wonder Electricals Ltd,CORE INC,SELL,1945000,148.44
27-AUG-2026,NSE,bulk_deals,WEL,Wonder Electricals Ltd,CLT RESEARCH TECH PRIVATE LTD,SELL,1064028,162.63
27-AUG-2026,NSE,bulk_deals,WEL,Wonder Electricals Ltd,SETU SECURITIES PVT LTD,SELL,343666,128.7
27-AUG-2026,NSE,bulk_deals,WEL,Wonder Electricals Ltd,NEXUS GLOBAL OPPORTUNITIES FUND,SELL,1040000,141.28
27-AUG-2026,NSE,bulk_deals,WEL,Wonder Electricals Ltd,NK SECURITIES RESEARCH PRIVATE LIMITED,SELL,5776745,144.58
27-AUG-2026,NSE,bulk_deals,WEL,Wonder Electricals Ltd,ALPHAGREP SECURITIES PRIVATE LIMITED,SELL,1346918,164.16
27-AUG-2026,NSE,bulk_deals,WEL,Wonder Electricals Ltd,GRT STRATEGIC VENTURES LLP,SELL,768677,151.28
27-AUG-2026,NSE,bulk_deals,WEL,Wonder Electricals Ltd,IRAGE BROKING SERVICES LLP,SELL,2102784,143.43
27-AUG-2026,NSE,bulk_deals,WEL,Wonder Electricals Ltd,QE SECURITIES LLP,SELL,3855621,150.86
27-AUG-2026,NSE,bulk_deals,WEL,Wonder Electricals Ltd,MATHISYS QUANTCAP LLP,SELL,805874,154.91
27-AUG-2026,NSE,bulk_deals,WEL,Wonder Electricals Ltd,HRTI PRIVATE LIMITED,SELL,2625427,152.8
27-AUG-2026,NSE,bulk_deals,WEL,Wonder Electricals Ltd,MARWADI CHANDARANA INTERMEDIARIES BROKERS PRIVATE LIMITED,SELL,970249,138.01
27-AUG-2026,NSE,bulk_deals,WEL,Wonder Electricals Ltd,JUNOMONETA FINSOL PRIVATE LIMITED,SELL,4408542,154.62
27-AUG-2026,NSE,bulk_deals,WEL,Wonder Electricals Ltd,MICROCURVES TRADING PRIVATE LIMITED,SELL,6100111,160.53
27-AUG-2026,NSE,bulk_deals,WEL,Wonder Electricals Ltd,NEXUS GLOBAL OPPORTUNITIES FUND,SELL,797068,138.57
27-AUG-2026,NSE,bulk_deals,WEL,Wonder Electricals Ltd,UNICO GLOBAL OPPORTUNITIES FUND LIMITED,SELL,5752025,126.01
27-AUG-2026,NSE,bulk_deals,WEL,Wonder Electricals Ltd,D3 STOCK VISION LLP,SELL,1412646,127.71
27-AUG-2026,NSE,bulk_deals,WEL,Wonder Electricals Ltd,NEO APEX SHARE BROKING SERVICES LLP,SELL,567631,126.37
27-AUG-2026,NSE,bulk_deals,WEL,Wonder Electricals Ltd,VINSUL MAKARDI LTD,SELL,2175079,141.29
27-AUG-2026,NSE,bulk_deals,XTRANET,Xtranet Technologies Ltd,GINNI FINANCE PRIVATE LIMITED,SELL,50000,167.82
27-AUG-2026,NSE,block_deals,APOLLOTYRE,Apollo Tyres Ltd.,BAJAJ LIFE INSURANCE LIMITED,BUY,2298000,435.0
27-AUG-2026,NSE,block_deals,APOLLOTYRE,Apollo Tyres Ltd.,SBI LIFE INSURANCE COMPANY LIMITED,BUY,5632000,435.0
27-AUG-2026,NSE,block_deals,APOLLOTYRE,Apollo Tyres Ltd.,ICICI PRUDENTIAL MUTUAL FUND,BUY,19080000,435.0
27-AUG-2026,NSE,block_deals,FOSECOIND,Foseco India Ltd,LIC MUTUAL FUND,BUY,42577,5897.0
27-AUG-2026,NSE,block_deals,FOSECOIND,Foseco India Ltd,MOTILAL OSWAL MUTUAL FUND,BUY,42577,5897.0
27-AUG-2026,NSE,block_deals,FOSECOIND,Foseco India Ltd,MORGAN STANLEY ASIA SINGAPORE PTE,BUY,42577,5897.0
27-AUG-2026,NSE,block_deals,FOSECOIND,Foseco India Ltd,CATAMARAN VENTURES LLP,BUY,55978,5897.0
27-AUG-2026,NSE,block_deals,FOSECOIND,Foseco India Ltd,CITIGROUP GLOBAL MARKETS SINGAPORE PTE LIMITED,BUY,42577,5897.0
27-AUG-2026,NSE,block_deals,FOSECOIND,Foseco India Ltd,INVESCO MUTUAL FUND,BUY,254446,5897.0
27-AUG-2026,NSE,block_deals,FOSECOIND,Foseco India Ltd,SBI MUTUAL FUND,BUY,322297,5897.0
27-AUG-2026,NSE,block_deals,FOSECOIND,Foseco India Ltd,MAHINDRA MANULIFE MUTUAL FUND,BUY,55978,5897.0
27-AUG-2026,NSE,block_deals,FOSECOIND,Foseco India Ltd,MIRAE ASSET MUTUAL FUND,BUY,291793,5897.0
27-AUG-2026,NSE,block_deals,APOLLOTYRE,Apollo Tyres Ltd.,EMERALD SAGE INVESTMENT LTD,SELL,27010000,435.0
27-AUG-2026,NSE,block_deals,FOSECOIND,Foseco India Ltd,MORGAN TERRASSEN B V,SELL,560056,5897.0
27-AUG-2026,NSE,block_deals,FOSECOIND,Foseco India Ltd,MORGANITE CRUCIBLE LIMITED,SELL,590744,5897.0
27/08/2026,BSE,bulk,544808,AASTHA,L7 HITECH PRIVATE LIMITED,B,335610.0,88.37
27/08/2026,BSE,bulk,544808,AASTHA,JAGID VANITABEN RAJENDRAPRASAD,B,265103.0,88.38
27/08/2026,BSE,bulk,517356,ACIIN,VEENA KANTILAL CHAWALLA,B,516225.0,2.45
27/08/2026,BSE,bulk,517356,ACIIN,VEENA KANTILAL CHAWALLA,S,566045.0,2.57
27/08/2026,BSE,bulk,517356,ACIIN,GEMZAR ENTERPRISES PRIVATE LIMITED,S,864516.0,2.57
27/08/2026,BSE,bulk,517356,ACIIN,MENTAX IMPEX PRIVATE LIMITED,S,612718.0,2.47
27/08/2026,BSE,bulk,538351,AFEL,VIVEK KANDA,B,191487.0,1.82
27/08/2026,BSE,bulk,544445,APL,PRAKRUTI R PALI,B,240000.0,103.69
27/08/2026,BSE,bulk,538556,ARMAN,ANTONIO GABRIEL PAUL BARRETTO,B,50000.0,117.57
27/08/2026,BSE,bulk,544699,AYE,F3 ADVISORS PRIVATE LIMITED,S,74505.0,173.88
27/08/2026,BSE,bulk,544699,AYE,F3 ADVISORS PRIVATE LIMITED,B,1459505.0,169.23
27/08/2026,BSE,bulk,544699,AYE,ALPHA WAVE INDIA I LP,S,9594302.0,168.02
27/08/2026,BSE,bulk,544699,AYE,ALPHA WAVE INDIA I LP,S,9594302.0,168.19
27/08/2026,BSE,bulk,544699,AYE,SINGULARITY LARGE VALUE FUND III,B,1488100.0,168.0
27/08/2026,BSE,bulk,544699,AYE,INTEGRATED CORE STRATEGIES (ASIA) PTE LTD,B,2380960.0,168.0
27/08/2026,BSE,bulk,532946,BANG,ORION STOCKS LTD,S,19899.0,34.6
27/08/2026,BSE,bulk,532946,BANG,ORION STOCKS LTD,B,162999.0,34.32
27/08/2026,BSE,bulk,532946,BANG,IRAGE BROKING SERVICES LLP,B,20064.0,34.57
27/08/2026,BSE,bulk,532946,BANG,IRAGE BROKING SERVICES LLP,S,123989.0,34.31
27/08/2026,BSE,bulk,524396,BIOFILCHEM,ORION STOCKS LTD,B,85992.0,32.99
27/08/2026,BSE,bulk,532916,BVCL,IRAGE BROKING SERVICES LLP,B,3397.0,43.55
27/08/2026,BSE,bulk,532916,BVCL,IRAGE BROKING SERVICES LLP,S,120438.0,44.23
27/08/2026,BSE,bulk,532916,BVCL,ORION STOCKS LTD,B,145233.0,44.23
27/08/2026,BSE,bulk,532916,BVCL,ORION STOCKS LTD,S,8418.0,43.39
27/08/2026,BSE,bulk,540829,CHANDRIMA,PLASTOMATIC PACKAGING PRIVATE LIMITED,B,7569393.0,12.23
27/08/2026,BSE,bulk,540829,CHANDRIMA,PARNIT VENTURES PRIVATE LIMITED,B,3050000.0,12.22
27/08/2026,BSE,bulk,540829,CHANDRIMA,LAXMI TRADE SOLUTIONS,B,6984.0,11.36
27/08/2026,BSE,bulk,540829,CHANDRIMA,LAXMI TRADE SOLUTIONS,S,3000000.0,12.22
27/08/2026,BSE,bulk,539190,DFL,RENU  GOYAL,S,70000.0,41.35
27/08/2026,BSE,bulk,539190,DFL,RADIANT FINANCIAL SERVICES LIMITED,B,70705.0,41.35
27/08/2026,BSE,bulk,544876,ENS,GOLDENDUNES BUILDERS AND DEVELOPERS PRIVATE LIMITED,B,72000.0,103.75
27/08/2026,BSE,bulk,526614,EXPOEAPL,NIRAALIE MEYNON,S,354710.0,95.0
27/08/2026,BSE,bulk,526614,EXPOEAPL,MINERVA VENTURES FUND,B,350000.0,95.0
27/08/2026,BSE,bulk,512443,GANONPRO,KAMLA BUSINESS VENTURES LLP,S,47597.0,7.52
27/08/2026,BSE,bulk,512443,GANONPRO,AMIT DAYALJI CHAUHAN,B,50000.0,7.51
27/08/2026,BSE,bulk,532070,GUJJUBHAI,PARVINDER SINGH,B,107000.0,101.92
27/08/2026,BSE,bulk,541627,GUJWIND,KREON FINNANCIAL SERVICES LIMITED,B,30000.0,10.72
27/08/2026,BSE,bulk,544658,ICICIAMC,PRUDENTIAL CORPORATION HOLDINGS LIMITED,S,9885169.0,3065.47
27/08/2026,BSE,bulk,539408,KUBERJI,BHARAT DEWAKINANDAN AGARWAL,B,43462.0,51.0
27/08/2026,BSE,bulk,539408,KUBERJI,ARHAM SHARE PRIVATE LIMITED,B,18000.0,51.0
27/08/2026,BSE,bulk,539408,KUBERJI,VAIBHAVI PARESH SHETH,B,20000.0,51.0
27/08/2026,BSE,bulk,539408,KUBERJI,NEO APEX SHARE BROKING SERVICES LLP,S,60000.0,51.0
27/08/2026,BSE,bulk,544188,MAGENTA,ASHOKBHAI MADHUBHAI KORAT,B,44000.0,8.18
27/08/2026,BSE,bulk,531319,MGIL,MOHANA RAO VADLAMUDI,S,34933.0,37.7
27/08/2026,BSE,bulk,531319,MGIL,STYLESTRY TEXTILES PRIVATE LIMITED,B,30081.0,37.7
27/08/2026,BSE,bulk,530167,MONGIPA,VIMAL KUMAR MEHTA,S,50000.0,20.26
27/08/2026,BSE,bulk,544851,MVELECTRO,IRAGE BROKING SERVICES LLP,B,153841.0,639.67
27/08/2026,BSE,bulk,544851,MVELECTRO,IRAGE BROKING SERVICES LLP,S,159000.0,640.79
27/08/2026,BSE,bulk,531289,NATFIT,ANIL KUMAR AGARWAL,B,174160.0,172.0
27/08/2026,BSE,bulk,531289,NATFIT,COUNTER CYCLICAL INVESTMENTS PRIVATE LIMITED,S,189661.0,172.38
27/08/2026,BSE,bulk,540243,NEWLIGHT,MANOJ AGRAWAL,S,2474367.0,1.47
27/08/2026,BSE,bulk,540243,NEWLIGHT,YAVA CORP GLOBAL LIMITED,B,1700000.0,1.47
27/08/2026,BSE,bulk,530805,OIVL,NEELRAMESHBHAIGAJERA,S,186226.0,6.65
27/08/2026,BSE,bulk,530805,OIVL,NEELRAMESHBHAIGAJERA,B,187044.0,6.76
27/08/2026,BSE,bulk,543814,PCL,KADAYAM RAMANATHAN BHARAT,S,37000.0,32.61
27/08/2026,BSE,bulk,500143,PHCAP,INTUITIVE ALPHA INVESTMENT FUND PCC - CELL 1,B,16000.0,1111.0
27/08/2026,BSE,bulk,526490,PRATIK,DEEPTI GHANSHYAM GAVALI,S,379029.0,4.44
27/08/2026,BSE,bulk,539922,RGIL,ARIKA SECURITIES PRIVATE LIMITED,B,77000.0,305.44
27/08/2026,BSE,bulk,539922,RGIL,NATVARLAL HIRJI BATHIA,S,77000.0,305.43
27/08/2026,BSE,bulk,544582,SHLOKKA,INTERACTIVE FINANCIAL SERVICES LIMITED,B,144000.0,25.0
27/08/2026,BSE,bulk,544582,SHLOKKA,3 SIGMA GLOBAL FUND,S,162000.0,25.0
27/08/2026,BSE,bulk,541112,SHREESHAY,BALAJI FOREX (INDIA) PRIVATE LIMITED,B,92000.0,24.0
27/08/2026,BSE,bulk,531370,SPAR,KIRTI M JAIN,B,65234.0,4.73
27/08/2026,BSE,bulk,531370,SPAR,KIRTI MOHANLAL JAIN,S,65234.0,4.73
27/08/2026,BSE,bulk,543310,TIMESGREEN,ARC FINANCE LIMITED,S,48000.0,81.2
27/08/2026,BSE,bulk,543310,TIMESGREEN,SAJJAN KUMAR PATWARI,B,52000.0,81.18
27/08/2026,BSE,bulk,532721,VISACHROME,ASSETS CARE AND RECONSTRUCTION ENTERPRISE LIMITED,S,2702000.0,37.0
27/08/2026,BSE,bulk,532721,VISACHROME,NAUTILUS PRIVATE CAPITAL LTD,B,810500.0,37.0
27/08/2026,BSE,bulk,532721,VISACHROME,MGO HIGH CONVICTION FUND INCORPORATED VCC SUB-FUND,B,1891500.0,37.0
27/08/2026,BSE,bulk,543449,WEL,IRAGE BROKING SERVICES LLP,B,1434168.0,141.09
27/08/2026,BSE,bulk,543449,WEL,IRAGE BROKING SERVICES LLP,S,1042580.0,145.28
27/08/2026,BSE,bulk,538451,WORTH,RIYA KAUSHAL SHAH,S,4300708.0,3.32
27/08/2026,BSE,bulk,538451,WORTH,MUKTA AGARWAL,B,2000000.0,3.32
27/08/2026,BSE,bulk,544838,XTRANET,NANDANA AJAY KASOTIA,B,332000.0,161.13
27/08/2026,BSE,bulk,514378,YARNSYN,VIKASH GYANCHAND PARAKH,B,30000.0,14.55
26/08/2026,BSE,block,544578,RUBICON,HDFC MUTUAL FUND,B,4878009.0,1660.0
26/08/2026,BSE,block,544578,RUBICON,KOTAK MAHINDRA MUTUAL FUND,B,1656624.0,1660.0
26/08/2026,BSE,block,544578,RUBICON,ICICI PRUDENTIAL MUTUAL FUND,B,1807226.0,1660.0
26/08/2026,BSE,block,544578,RUBICON,SBI MUTUAL FUND,B,1204815.0,1660.0
26/08/2026,BSE,block,544578,RUBICON,NOMURA INDIA INVESTMENT FUND MOTHER FUND,B,1203999.0,1660.0
26/08/2026,BSE,block,544578,RUBICON,"VEMF-A , LP",B,150605.0,1660.0
26/08/2026,BSE,block,544578,RUBICON,AXIS MUTUAL FUND,B,903611.0,1660.0
26/08/2026,BSE,block,544578,RUBICON,TIMF HOLDINGS,B,903610.0,1660.0
26/08/2026,BSE,block,544578,RUBICON,PI OPPORTUNITIES AIF V LLP,B,301202.0,1660.0
26/08/2026,BSE,block,544578,RUBICON,GENERAL ATLANTIC SINGAPORE RR PTE LTD,S,150605.0,1660.0
26/08/2026,BSE,block,544578,RUBICON,GENERAL ATLANTIC SINGAPORE RR PTE LTD,S,301202.0,1660.0
26/08/2026,BSE,block,544578,RUBICON,GENERAL ATLANTIC SINGAPORE RR PTE LTD,S,903610.0,1660.0
26/08/2026,BSE,block,544578,RUBICON,GENERAL ATLANTIC SINGAPORE RR PTE LTD,S,903611.0,1660.0
26/08/2026,BSE,block,544578,RUBICON,GENERAL ATLANTIC SINGAPORE RR PTE LTD,S,1203999.0,1660.0
26/08/2026,BSE,block,544578,RUBICON,GENERAL ATLANTIC SINGAPORE RR PTE LTD,S,1204815.0,1660.0
26/08/2026,BSE,block,544578,RUBICON,GENERAL ATLANTIC SINGAPORE RR PTE LTD,S,1656624.0,1660.0
26/08/2026,BSE,block,544578,RUBICON,GENERAL ATLANTIC SINGAPORE RR PTE LTD,S,1807226.0,1660.0
26/08/2026,BSE,block,544578,RUBICON,GENERAL ATLANTIC SINGAPORE RR PTE LTD,S,4878009.0,1660.0
28-AUG-2026,NSE,bulk_deals,AAREYDRUGS,Aarey Drugs & Pharm Ltd,VAYUMIND INNOVATIONS PRIVATE LIMITED,BUY,274415,88.97
28-AUG-2026,NSE,bulk_deals,AASTHA,Aastha Spintex Limited,ACME CAPITAL MARKET LIMITED,BUY,250000,82.28
28-AUG-2026,NSE,bulk_deals,AASTHA,Aastha Spintex Limited,BULLPULSE MARKETEDGE PRIVATE LIMITED,BUY,250000,82.2
28-AUG-2026,NSE,bulk_deals,AASTHA,Aastha Spintex Limited,JIAUM BROKING LLP,BUY,250000,82.2
28-AUG-2026,NSE,bulk_deals,AASTHA,Aastha Spintex Limited,CHAUBARA EATS PRIVATE LIMITED,BUY,250000,82.21
28-AUG-2026,NSE,bulk_deals,ARIS,Arisinfra Solutions Ltd,HRTI PRIVATE LIMITED,BUY,480513,150.75
28-AUG-2026,NSE,bulk_deals,ATALREAL,Atal Realtech Limited,QE SECURITIES LLP,BUY,977627,35.36
28-AUG-2026,NSE,bulk_deals,ATALREAL,Atal Realtech Limited,VISHAL MAHESH WAGHELA,BUY,1124994,35.59
28-AUG-2026,NSE,bulk_deals,ATALREAL,Atal Realtech Limited,MAHESH MULCHAND WAGHELA,BUY,1089657,35.38
28-AUG-2026,NSE,bulk_deals,ATALREAL,Atal Realtech Limited,ALTIZEN VENTURES LLP,BUY,1107086,35.38
28-AUG-2026,NSE,bulk_deals,ATALREAL,Atal Realtech Limited,MAHESH MULCHAND WAGHELA,BUY,785019,35.39
28-AUG-2026,NSE,bulk_deals,ATALREAL,Atal Realtech Limited,ACME CAPITAL MARKET LIMITED,BUY,2829964,35.28
28-AUG-2026,NSE,bulk_deals,ATALREAL,Atal Realtech Limited,HRTI PRIVATE LIMITED,BUY,972181,35.28
28-AUG-2026,NSE,bulk_deals,ATHERENERG,Ather Energy Limited,HERO MOTOCORP LIMITED,BUY,11880000,1480.0
28-AUG-2026,NSE,bulk_deals,BANG,Bang Overseas Limited,IRAGE BROKING SERVICES LLP,BUY,141548,34.1
28-AUG-2026,NSE,bulk_deals,BANG,Bang Overseas Limited,ORION STOCKS LTD,BUY,3698,34.58
28-AUG-2026,NSE,bulk_deals,COMSYN,Commercial Syn Bags Ltd,ARIHANT CAPITAL MARKETS LIMITED,BUY,238353,275.31
28-AUG-2026,NSE,bulk_deals,DIGIKORE,Digikore Studios Limited,SARITA,BUY,96800,35.48
28-AUG-2026,NSE,bulk_deals,EXXARO,Exxaro Tiles Limited,BHAVISHYA ECOMMERCE PRIVATE LIMITED,BUY,1725287,7.41
28-AUG-2026,NSE,bulk_deals,FASCINATE,Fascinate Textiles Ltd,PROGNOSIS SECURITIES PVT. LTD,BUY,182400,93.6
28-AUG-2026,NSE,bulk_deals,FMGOETZE,Federal-Mogul Goetze (I),MICROCURVES TRADING PRIVATE LIMITED,BUY,983131,597.39
28-AUG-2026,NSE,bulk_deals,FMGOETZE,Federal-Mogul Goetze (I),HRTI PRIVATE LIMITED,BUY,572489,594.72
28-AUG-2026,NSE,bulk_deals,FMGOETZE,Federal-Mogul Goetze (I),QE SECURITIES LLP,BUY,544062,592.04
28-AUG-2026,NSE,bulk_deals,FMGOETZE,Federal-Mogul Goetze (I),JUNOMONETA FINSOL PRIVATE LIMITED,BUY,1051178,596.24
28-AUG-2026,NSE,bulk_deals,FMGOETZE,Federal-Mogul Goetze (I),ELIXIR WEALTH MANAGEMENT PRIVATE LIMITED,BUY,370262,601.36
28-AUG-2026,NSE,bulk_deals,GENUSPOWER,Genus Power Infrastru Ltd,HSBC MUTUAL FUND,BUY,2191700,324.5
28-AUG-2026,NSE,bulk_deals,JAYESH,Jayesh Logistics Limited,IBHANAN COMPLEX LLP,BUY,51000,141.92
28-AUG-2026,NSE,bulk_deals,JAYESH,Jayesh Logistics Limited,IDIKA COMPLEX LLP,BUY,52000,141.95
28-AUG-2026,NSE,bulk_deals,JGCHEM,J.G.Chemicals Limited,HRTI PRIVATE LIMITED,BUY,292430,652.79
28-AUG-2026,NSE,bulk_deals,JGCHEM,J.G.Chemicals Limited,JUNOMONETA FINSOL PRIVATE LIMITED,BUY,315935,656.4
28-AUG-2026,NSE,bulk_deals,KSHITIJ-RE,Kshitij Polyline Ltd,SUBHASH CHANDRA,BUY,997226,0.03
28-AUG-2026,NSE,bulk_deals,KSR,KSR Footwear Limited,ALPA WEALTH CREATOR,BUY,245090,31.28
28-AUG-2026,NSE,bulk_deals,LAMOSAIC,Lamosaic India Limited,ARYAMAN CAPITAL MARKETS LIMITED,BUY,99600,58.9
28-AUG-2026,NSE,bulk_deals,MANCREDIT,Mangal Credit N Fincorp L,LUNOVA VENTURES LLP,BUY,125700,239.76
28-AUG-2026,NSE,bulk_deals,MASTEK,Mastek Ltd,MICROCURVES TRADING PRIVATE LIMITED,BUY,264122,1839.78
28-AUG-2026,NSE,bulk_deals,MVELECTRO,MV Electrosystems Limited,JUNOMONETA FINSOL PRIVATE LIMITED,BUY,1034178,717.33
28-AUG-2026,NSE,bulk_deals,MVELECTRO,MV Electrosystems Limited,MICROCURVES TRADING PRIVATE LIMITED,BUY,2019049,724.7
28-AUG-2026,NSE,bulk_deals,MVELECTRO,MV Electrosystems Limited,BLITZQUANT RESEARCH LLP,BUY,492138,719.1
28-AUG-2026,NSE,bulk_deals,MVELECTRO,MV Electrosystems Limited,MARWADI SHARES AND FINANCE LTD.,BUY,172604,701.89
28-AUG-2026,NSE,bulk_deals,MVELECTRO,MV Electrosystems Limited,DIPAN MEHTA COMMODITIES PRIVATE LIMITED,BUY,192718,724.81
28-AUG-2026,NSE,bulk_deals,MVELECTRO,MV Electrosystems Limited,ELIXIR EQUITIES PRIVATE LTD,BUY,206540,729.05
28-AUG-2026,NSE,bulk_deals,MVELECTRO,MV Electrosystems Limited,ELIXIR WEALTH MANAGEMENT PRIVATE LIMITED,BUY,502608,728.91
28-AUG-2026,NSE,bulk_deals,MVELECTRO,MV Electrosystems Limited,VINSUL MAKARDI LTD,BUY,203324,721.06
28-AUG-2026,NSE,bulk_deals,MVELECTRO,MV Electrosystems Limited,J4S FINANCIAL SOLUTIONS LLP,BUY,150822,732.62
28-AUG-2026,NSE,bulk_deals,MVELECTRO,MV Electrosystems Limited,CLT RESEARCH TECH PRIVATE LTD,BUY,356060,719.2
28-AUG-2026,NSE,bulk_deals,MVELECTRO,MV Electrosystems Limited,PRATIK VIRENDRA MANIYAR HUF,BUY,277359,733.08
28-AUG-2026,NSE,bulk_deals,MVELECTRO,MV Electrosystems Limited,MATHEWS VARUGHESE,BUY,139604,727.43
28-AUG-2026,NSE,bulk_deals,MVELECTRO,MV Electrosystems Limited,NK SECURITIES RESEARCH PRIVATE LIMITED,BUY,798842,727.78
28-AUG-2026,NSE,bulk_deals,MVELECTRO,MV Electrosystems Limited,IRAGE BROKING SERVICES LLP,BUY,609694,727.44
28-AUG-2026,NSE,bulk_deals,MVELECTRO,MV Electrosystems Limited,QE SECURITIES LLP,BUY,940883,716.88
28-AUG-2026,NSE,bulk_deals,MVELECTRO,MV Electrosystems Limited,MATHISYS QUANTCAP LLP,BUY,683694,718.29
28-AUG-2026,NSE,bulk_deals,MVELECTRO,MV Electrosystems Limited,HRTI PRIVATE LIMITED,BUY,499926,722.04
28-AUG-2026,NSE,bulk_deals,MVELECTRO,MV Electrosystems Limited,RAVI RAJAGOPALAN RAMA,BUY,153000,724.53
28-AUG-2026,NSE,bulk_deals,MVELECTRO,MV Electrosystems Limited,JUMP TRADING FINANCIAL INDIA PRIVATE LIMITED,BUY,472242,727.13
28-AUG-2026,NSE,bulk_deals,OMAXE,Omaxe Limited,MICROCURVES TRADING PRIVATE LIMITED,BUY,1794017,129.84
28-AUG-2026,NSE,bulk_deals,OMAXE,Omaxe Limited,JUNOMONETA FINSOL PRIVATE LIMITED,BUY,1084016,127.23
28-AUG-2026,NSE,bulk_deals,RATNAVEER,Ratnaveer Precision Eng L,JUNOMONETA FINSOL PRIVATE LIMITED,BUY,378209,297.62
28-AUG-2026,NSE,bulk_deals,RATNAVEER,Ratnaveer Precision Eng L,ARIHANT CAPITAL MARKETS LIMITED,BUY,1158547,297.77
28-AUG-2026,NSE,bulk_deals,RATNAVEER,Ratnaveer Precision Eng L,THAKKAR NILESHKUMAR FARSHURAM HUF,BUY,665000,296.54
28-AUG-2026,NSE,bulk_deals,RATNAVEER,Ratnaveer Precision Eng L,HRTI PRIVATE LIMITED,BUY,496314,296.87
28-AUG-2026,NSE,bulk_deals,RELIGARE,Religare Enterprises Limi,ASHISH  DHAWAN,BUY,1800000,232.0
28-AUG-2026,NSE,bulk_deals,RULKA,Rulka Electricals Limited,GRATIAS VENTURES PRIVATE LIMITED,BUY,10200,111.68
28-AUG-2026,NSE,bulk_deals,SHAHALLOYS,Shah Alloys Limited,MANSI SHARE AND STOCK BROKING PRIVATE LIMITED,BUY,300000,103.07
28-AUG-2026,NSE,bulk_deals,SHAHALLOYS,Shah Alloys Limited,SETU SECURITIES PVT LTD,BUY,100000,103.06
28-AUG-2026,NSE,bulk_deals,SPAL,S. P. Apparels Limited,CARNELIAN ASSET MANAGEMENT & ADVISORS PRIVATE LIMITED,BUY,500000,925.0
28-AUG-2026,NSE,bulk_deals,SPRL,SP Refractories Limited,ARYAMAN CAPITAL MARKETS LIMITED,BUY,32000,102.5
28-AUG-2026,NSE,bulk_deals,STAR,Strides Pharma ScienceLtd,ARUN KUMAR PILLAI,BUY,1000000,990.0
28-AUG-2026,NSE,bulk_deals,SUNSHINE,Sunshine Pictures Limited,ARIHANT CAPITAL MARKETS LIMITED,BUY,1679598,418.1
28-AUG-2026,NSE,bulk_deals,SUNSHINE,Sunshine Pictures Limited,L7 HITECH PRIVATE LIMITED,BUY,165000,386.52
28-AUG-2026,NSE,bulk_deals,SUNSHINE,Sunshine Pictures Limited,NK SECURITIES RESEARCH PRIVATE LIMITED,BUY,244406,422.32
28-AUG-2026,NSE,bulk_deals,SUNSHINE,Sunshine Pictures Limited,IRAGE BROKING SERVICES LLP,BUY,158829,419.1
28-AUG-2026,NSE,bulk_deals,SUNSHINE,Sunshine Pictures Limited,MATHISYS QUANTCAP LLP,BUY,336542,415.04
28-AUG-2026,NSE,bulk_deals,SUNSHINE,Sunshine Pictures Limited,QE SECURITIES LLP,BUY,376926,413.95
28-AUG-2026,NSE,bulk_deals,SUNSHINE,Sunshine Pictures Limited,MICROCURVES TRADING PRIVATE LIMITED,BUY,437928,419.78
28-AUG-2026,NSE,bulk_deals,SUNSHINE,Sunshine Pictures Limited,JUNOMONETA FINSOL PRIVATE LIMITED,BUY,272695,420.3
28-AUG-2026,NSE,bulk_deals,TEJASNET,Tejas Networks Limited,MICROCURVES TRADING PRIVATE LIMITED,BUY,2397531,560.41
28-AUG-2026,NSE,bulk_deals,TEJASNET,Tejas Networks Limited,JUNOMONETA FINSOL PRIVATE LIMITED,BUY,1532204,560.33
28-AUG-2026,NSE,bulk_deals,TEJASNET,Tejas Networks Limited,JUMP TRADING FINANCIAL INDIA PRIVATE LIMITED,BUY,1785079,561.03
28-AUG-2026,NSE,bulk_deals,TEJASNET,Tejas Networks Limited,HRTI PRIVATE LIMITED,BUY,1030032,558.62
28-AUG-2026,NSE,bulk_deals,TEJASNET,Tejas Networks Limited,QE SECURITIES LLP,BUY,1514937,559.98
28-AUG-2026,NSE,bulk_deals,TEJASNET,Tejas Networks Limited,GRAVITON RESEARCH CAPITAL LLP,BUY,906031,560.07
28-AUG-2026,NSE,bulk_deals,TEMPSENS,Tempsens Inst (India) Ltd,GOLDMINE STOCKS PRIVATE LIMITED,BUY,579852,592.41
28-AUG-2026,NSE,bulk_deals,TEMPSENS,Tempsens Inst (India) Ltd,YUGA STOCKS AND COMMODITIES PRIVATE LIMITED,BUY,1033072,589.45
28-AUG-2026,NSE,bulk_deals,TEMPSENS,Tempsens Inst (India) Ltd,MARWADI CHANDARANA INTERMEDIARIES BROKERS PRIVATE LIMITED,BUY,680681,591.74
28-AUG-2026,NSE,bulk_deals,TEMPSENS,Tempsens Inst (India) Ltd,JUNOMONETA FINSOL PRIVATE LIMITED,BUY,1374636,588.8
28-AUG-2026,NSE,bulk_deals,TEMPSENS,Tempsens Inst (India) Ltd,BLITZQUANT RESEARCH LLP,BUY,1309464,603.96
28-AUG-2026,NSE,bulk_deals,TEMPSENS,Tempsens Inst (India) Ltd,NK SECURITIES RESEARCH PRIVATE LIMITED,BUY,1151516,581.57
28-AUG-2026,NSE,bulk_deals,TEMPSENS,Tempsens Inst (India) Ltd,PURE BROKING PRIVATE LIMITED,BUY,763765,588.39
28-AUG-2026,NSE,bulk_deals,TEMPSENS,Tempsens Inst (India) Ltd,PATRONUS TRADETECH LLP,BUY,764041,599.97
28-AUG-2026,NSE,bulk_deals,TEMPSENS,Tempsens Inst (India) Ltd,MICROCURVES TRADING PRIVATE LIMITED,BUY,1544877,580.81
28-AUG-2026,NSE,bulk_deals,TEMPSENS,Tempsens Inst (India) Ltd,GRT STRATEGIC VENTURES LLP,BUY,1505110,599.51
28-AUG-2026,NSE,bulk_deals,TEMPSENS,Tempsens Inst (India) Ltd,IRAGE BROKING SERVICES LLP,BUY,1647464,595.7
28-AUG-2026,NSE,bulk_deals,WEL,Wonder Electricals Ltd,NEO APEX SHARE BROKING SERVICES LLP,BUY,115600,99.8
28-AUG-2026,NSE,bulk_deals,XTRANET,Xtranet Technologies Ltd,NEO APEX SHARE BROKING SERVICES LLP,BUY,330016,197.1
28-AUG-2026,NSE,bulk_deals,AASTHA,Aastha Spintex Limited,BULLPULSE MARKETEDGE PRIVATE LIMITED,SELL,250000,82.21
28-AUG-2026,NSE,bulk_deals,AASTHA,Aastha Spintex Limited,CHAUBARA EATS PRIVATE LIMITED,SELL,250000,82.28
28-AUG-2026,NSE,bulk_deals,AASTHA,Aastha Spintex Limited,JIAUM BROKING LLP,SELL,250000,82.2
28-AUG-2026,NSE,bulk_deals,AASTHA,Aastha Spintex Limited,ACME CAPITAL MARKET LIMITED,SELL,250000,82.2
28-AUG-2026,NSE,bulk_deals,ALOKINDS,Alok Industries Limited,JM FINANCIAL ASSET RECONSTRUCTION COMPANY LIMITED,SELL,32500000,9.55
28-AUG-2026,NSE,bulk_deals,ARIS,Arisinfra Solutions Ltd,HRTI PRIVATE LIMITED,SELL,147131,149.66
28-AUG-2026,NSE,bulk_deals,ATALREAL,Atal Realtech Limited,ACME CAPITAL MARKET LIMITED,SELL,2829964,35.19
28-AUG-2026,NSE,bulk_deals,ATALREAL,Atal Realtech Limited,ALTIZEN VENTURES LLP,SELL,907086,35.4
28-AUG-2026,NSE,bulk_deals,ATALREAL,Atal Realtech Limited,HRTI PRIVATE LIMITED,SELL,928214,35.24
28-AUG-2026,NSE,bulk_deals,ATALREAL,Atal Realtech Limited,QE SECURITIES LLP,SELL,931525,35.38
28-AUG-2026,NSE,bulk_deals,ATALREAL,Atal Realtech Limited,VISHAL MAHESH WAGHELA,SELL,1124994,35.25
28-AUG-2026,NSE,bulk_deals,ATALREAL,Atal Realtech Limited,MAHESH MULCHAND WAGHELA,SELL,1675907,35.48
28-AUG-2026,NSE,bulk_deals,ATHERENERG,Ather Energy Limited,GOVERNMENT OF SINGAPORE,SELL,11880000,1480.0
28-AUG-2026,NSE,bulk_deals,BANG,Bang Overseas Limited,ORION STOCKS LTD,SELL,191519,34.16
28-AUG-2026,NSE,bulk_deals,BANG,Bang Overseas Limited,IRAGE BROKING SERVICES LLP,SELL,7829,34.04
28-AUG-2026,NSE,bulk_deals,COMSYN,Commercial Syn Bags Ltd,ARIHANT CAPITAL MARKETS LIMITED,SELL,445141,271.95
28-AUG-2026,NSE,bulk_deals,DCI,DC Infotech and Comun Ltd,ZETA GLOBAL FUNDS (OEIC) PCC LIMITED - ZETA SERIES C FUND PC,SELL,151100,434.93
28-AUG-2026,NSE,bulk_deals,DIGIKORE,Digikore Studios Limited,ROHIT KISHOR RATHI,SELL,103600,31.77
28-AUG-2026,NSE,bulk_deals,DIGIKORE,Digikore Studios Limited,SARITA,SELL,16400,36.48
28-AUG-2026,NSE,bulk_deals,DURLAX,Durlax Top Surface Ltd,KETAN RASHIKLAL DOSHI,SELL,150000,66.0
28-AUG-2026,NSE,bulk_deals,EXXARO,Exxaro Tiles Limited,BHAVISHYA ECOMMERCE PRIVATE LIMITED,SELL,2297778,7.42
28-AUG-2026,NSE,bulk_deals,FASCINATE,Fascinate Textiles Ltd,NEO APEX SHARE BROKING SERVICES LLP,SELL,118400,93.61
28-AUG-2026,NSE,bulk_deals,FMGOETZE,Federal-Mogul Goetze (I),JUNOMONETA FINSOL PRIVATE LIMITED,SELL,1050686,596.53
28-AUG-2026,NSE,bulk_deals,FMGOETZE,Federal-Mogul Goetze (I),HRTI PRIVATE LIMITED,SELL,488627,594.12
28-AUG-2026,NSE,bulk_deals,FMGOETZE,Federal-Mogul Goetze (I),MANISH MAHENDRA MODI,SELL,283294,593.37
28-AUG-2026,NSE,bulk_deals,FMGOETZE,Federal-Mogul Goetze (I),ELIXIR WEALTH MANAGEMENT PRIVATE LIMITED,SELL,370262,602.38
28-AUG-2026,NSE,bulk_deals,FMGOETZE,Federal-Mogul Goetze (I),QE SECURITIES LLP,SELL,532024,590.66
28-AUG-2026,NSE,bulk_deals,FMGOETZE,Federal-Mogul Goetze (I),MICROCURVES TRADING PRIVATE LIMITED,SELL,983131,597.73
28-AUG-2026,NSE,bulk_deals,GANGAFORGE,Ganga Forging Limited,NEO APEX SHARE BROKING SERVICES LLP,SELL,2620038,1.61
28-AUG-2026,NSE,bulk_deals,GATECH,GACM Technologies Limited,MGO HIGH CONVICTION FUND INCORPORATED VCC SUB-FUND,SELL,24451043,1.07
28-AUG-2026,NSE,bulk_deals,GATECH,GACM Technologies Limited,MINERVA VENTURES FUND,SELL,27000000,1.07
28-AUG-2026,NSE,bulk_deals,GATECH,GACM Technologies Limited,AL MAHA INVESTMENT FUND PCC - ONYX STRATEGY,SELL,22500000,1.07
28-AUG-2026,NSE,bulk_deals,GENUSPOWER,Genus Power Infrastru Ltd,CHISWICK INVESTMENT PTE LTD,SELL,3578450,324.5
28-AUG-2026,NSE,bulk_deals,JAYESH,Jayesh Logistics Limited,QAPLA INVESTMENTS,SELL,49000,142.0
28-AUG-2026,NSE,bulk_deals,JGCHEM,J.G.Chemicals Limited,HRTI PRIVATE LIMITED,SELL,259350,653.48
28-AUG-2026,NSE,bulk_deals,JGCHEM,J.G.Chemicals Limited,JUNOMONETA FINSOL PRIVATE LIMITED,SELL,314039,656.86
28-AUG-2026,NSE,bulk_deals,KSR,KSR Footwear Limited,AMBIT INVESTMENT ADVISORS PRIVATE LIMITED,SELL,182052,31.43
28-AUG-2026,NSE,bulk_deals,LAMOSAIC,Lamosaic India Limited,ALTIZEN VENTURES LLP,SELL,98400,58.9
28-AUG-2026,NSE,bulk_deals,LENSKART,Lenskart Solutions Ltd,ALPHA WAVE VENTURES II LP,SELL,9838209,630.0
28-AUG-2026,NSE,bulk_deals,LENSKART,Lenskart Solutions Ltd,ALPHA WAVE VENTURES II LP,SELL,10419555,630.0
28-AUG-2026,NSE,bulk_deals,MASTEK,Mastek Ltd,MICROCURVES TRADING PRIVATE LIMITED,SELL,264122,1841.57
28-AUG-2026,NSE,bulk_deals,MVELECTRO,MV Electrosystems Limited,MARWADI SHARES AND FINANCE LTD.,SELL,183119,698.24
28-AUG-2026,NSE,bulk_deals,MVELECTRO,MV Electrosystems Limited,DIPAN MEHTA COMMODITIES PRIVATE LIMITED,SELL,192718,728.38
28-AUG-2026,NSE,bulk_deals,MVELECTRO,MV Electrosystems Limited,ELIXIR EQUITIES PRIVATE LTD,SELL,208540,730.63
28-AUG-2026,NSE,bulk_deals,MVELECTRO,MV Electrosystems Limited,ELIXIR WEALTH MANAGEMENT PRIVATE LIMITED,SELL,504426,729.99
28-AUG-2026,NSE,bulk_deals,MVELECTRO,MV Electrosystems Limited,VINSUL MAKARDI LTD,SELL,203324,721.45
28-AUG-2026,NSE,bulk_deals,MVELECTRO,MV Electrosystems Limited,J4S FINANCIAL SOLUTIONS LLP,SELL,150822,732.62
28-AUG-2026,NSE,bulk_deals,MVELECTRO,MV Electrosystems Limited,CLT RESEARCH TECH PRIVATE LTD,SELL,356060,719.46
28-AUG-2026,NSE,bulk_deals,MVELECTRO,MV Electrosystems Limited,PRATIK VIRENDRA MANIYAR HUF,SELL,277359,733.59
28-AUG-2026,NSE,bulk_deals,MVELECTRO,MV Electrosystems Limited,MATHEWS VARUGHESE,SELL,139604,725.98
28-AUG-2026,NSE,bulk_deals,MVELECTRO,MV Electrosystems Limited,NK SECURITIES RESEARCH PRIVATE LIMITED,SELL,798842,728.06
28-AUG-2026,NSE,bulk_deals,MVELECTRO,MV Electrosystems Limited,IRAGE BROKING SERVICES LLP,SELL,419776,719.99
28-AUG-2026,NSE,bulk_deals,MVELECTRO,MV Electrosystems Limited,QE SECURITIES LLP,SELL,962574,711.99
28-AUG-2026,NSE,bulk_deals,MVELECTRO,MV Electrosystems Limited,MATHISYS QUANTCAP LLP,SELL,680900,719.3
28-AUG-2026,NSE,bulk_deals,MVELECTRO,MV Electrosystems Limited,HRTI PRIVATE LIMITED,SELL,514130,714.14
28-AUG-2026,NSE,bulk_deals,MVELECTRO,MV Electrosystems Limited,RAVI RAJAGOPALAN RAMA,SELL,187800,727.94
28-AUG-2026,NSE,bulk_deals,MVELECTRO,MV Electrosystems Limited,JUMP TRADING FINANCIAL INDIA PRIVATE LIMITED,SELL,472242,722.83
28-AUG-2026,NSE,bulk_deals,MVELECTRO,MV Electrosystems Limited,JUNOMONETA FINSOL PRIVATE LIMITED,SELL,1035909,718.01
28-AUG-2026,NSE,bulk_deals,MVELECTRO,MV Electrosystems Limited,MICROCURVES TRADING PRIVATE LIMITED,SELL,2019049,725.16
28-AUG-2026,NSE,bulk_deals,MVELECTRO,MV Electrosystems Limited,BLITZQUANT RESEARCH LLP,SELL,492138,719.42
28-AUG-2026,NSE,bulk_deals,OMAXE,Omaxe Limited,JUNOMONETA FINSOL PRIVATE LIMITED,SELL,1086607,127.24
28-AUG-2026,NSE,bulk_deals,OMAXE,Omaxe Limited,MICROCURVES TRADING PRIVATE LIMITED,SELL,1794017,129.89
28-AUG-2026,NSE,bulk_deals,RATNAVEER,Ratnaveer Precision Eng L,ARIHANT CAPITAL MARKETS LIMITED,SELL,1172661,297.3
28-AUG-2026,NSE,bulk_deals,RATNAVEER,Ratnaveer Precision Eng L,JUNOMONETA FINSOL PRIVATE LIMITED,SELL,368438,297.82
28-AUG-2026,NSE,bulk_deals,RATNAVEER,Ratnaveer Precision Eng L,HRTI PRIVATE LIMITED,SELL,625190,297.55
28-AUG-2026,NSE,bulk_deals,RULKA,Rulka Electricals Limited,GRATIAS VENTURES PRIVATE LIMITED,SELL,21600,111.33
28-AUG-2026,NSE,bulk_deals,SPAL,S. P. Apparels Limited,SUNDARARAJAN PERUMAL MUDALIAR,SELL,500000,925.0
28-AUG-2026,NSE,bulk_deals,SPRL,SP Refractories Limited,VANITA SANJAY BANSAL,SELL,32000,102.5
28-AUG-2026,NSE,bulk_deals,STAR,Strides Pharma ScienceLtd,SBI LIFE INSURANCE CO.LTD.,SELL,1000000,990.0
28-AUG-2026,NSE,bulk_deals,SUN-RE,Sunrest Life Ltd,MAHESH PRAKASH MHAPANKAR,SELL,25600,1.0
28-AUG-2026,NSE,bulk_deals,SUNSHINE,Sunshine Pictures Limited,MICROCURVES TRADING PRIVATE LIMITED,SELL,437928,420.03
28-AUG-2026,NSE,bulk_deals,SUNSHINE,Sunshine Pictures Limited,ARIHANT CAPITAL MARKETS LIMITED,SELL,1617627,419.99
28-AUG-2026,NSE,bulk_deals,SUNSHINE,Sunshine Pictures Limited,QE SECURITIES LLP,SELL,443835,415.87
28-AUG-2026,NSE,bulk_deals,SUNSHINE,Sunshine Pictures Limited,NK SECURITIES RESEARCH PRIVATE LIMITED,SELL,244406,422.69
28-AUG-2026,NSE,bulk_deals,SUNSHINE,Sunshine Pictures Limited,IRAGE BROKING SERVICES LLP,SELL,113851,419.71
28-AUG-2026,NSE,bulk_deals,SUNSHINE,Sunshine Pictures Limited,MATHISYS QUANTCAP LLP,SELL,338278,419.3
28-AUG-2026,NSE,bulk_deals,SUNSHINE,Sunshine Pictures Limited,JUNOMONETA FINSOL PRIVATE LIMITED,SELL,257334,421.01
28-AUG-2026,NSE,bulk_deals,TEJASNET,Tejas Networks Limited,QE SECURITIES LLP,SELL,1478799,561.32
28-AUG-2026,NSE,bulk_deals,TEJASNET,Tejas Networks Limited,HRTI PRIVATE LIMITED,SELL,955867,559.74
28-AUG-2026,NSE,bulk_deals,TEJASNET,Tejas Networks Limited,JUMP TRADING FINANCIAL INDIA PRIVATE LIMITED,SELL,1785079,560.78
28-AUG-2026,NSE,bulk_deals,TEJASNET,Tejas Networks Limited,GRAVITON RESEARCH CAPITAL LLP,SELL,906031,559.72
28-AUG-2026,NSE,bulk_deals,TEJASNET,Tejas Networks Limited,MICROCURVES TRADING PRIVATE LIMITED,SELL,2397531,560.7
28-AUG-2026,NSE,bulk_deals,TEJASNET,Tejas Networks Limited,JUNOMONETA FINSOL PRIVATE LIMITED,SELL,1529315,560.62
28-AUG-2026,NSE,bulk_deals,TEMPSENS,Tempsens Inst (India) Ltd,JUNOMONETA FINSOL PRIVATE LIMITED,SELL,1397338,588.79
28-AUG-2026,NSE,bulk_deals,TEMPSENS,Tempsens Inst (India) Ltd,GOLDMINE STOCKS PRIVATE LIMITED,SELL,579852,593.12
28-AUG-2026,NSE,bulk_deals,TEMPSENS,Tempsens Inst (India) Ltd,YUGA STOCKS AND COMMODITIES PRIVATE LIMITED,SELL,1033072,589.42
28-AUG-2026,NSE,bulk_deals,TEMPSENS,Tempsens Inst (India) Ltd,MARWADI CHANDARANA INTERMEDIARIES BROKERS PRIVATE LIMITED,SELL,673241,588.75
28-AUG-2026,NSE,bulk_deals,TEMPSENS,Tempsens Inst (India) Ltd,IRAGE BROKING SERVICES LLP,SELL,1706366,594.62
28-AUG-2026,NSE,bulk_deals,TEMPSENS,Tempsens Inst (India) Ltd,GRT STRATEGIC VENTURES LLP,SELL,1505110,599.97
28-AUG-2026,NSE,bulk_deals,TEMPSENS,Tempsens Inst (India) Ltd,NK SECURITIES RESEARCH PRIVATE LIMITED,SELL,1151516,581.8
28-AUG-2026,NSE,bulk_deals,TEMPSENS,Tempsens Inst (India) Ltd,PURE BROKING PRIVATE LIMITED,SELL,751896,588.92
28-AUG-2026,NSE,bulk_deals,TEMPSENS,Tempsens Inst (India) Ltd,PATRONUS TRADETECH LLP,SELL,887751,598.3
28-AUG-2026,NSE,bulk_deals,TEMPSENS,Tempsens Inst (India) Ltd,BLITZQUANT RESEARCH LLP,SELL,1309464,604.43
28-AUG-2026,NSE,bulk_deals,TEMPSENS,Tempsens Inst (India) Ltd,MICROCURVES TRADING PRIVATE LIMITED,SELL,1544877,581.1
28-AUG-2026,NSE,bulk_deals,WEL,Wonder Electricals Ltd,NEO APEX SHARE BROKING SERVICES LLP,SELL,1003343,99.8
28-AUG-2026,NSE,bulk_deals,XTRANET,Xtranet Technologies Ltd,NEO APEX SHARE BROKING SERVICES LLP,SELL,330016,197.11
28-AUG-2026,NSE,bulk_deals,XTRANET,Xtranet Technologies Ltd,TIGER STRATEGIES FUND -I,SELL,274240,182.02
28-AUG-2026,NSE,block_deals,ATHERENERG,Ather Energy Limited,HERO MOTOCORP LIMITED,BUY,11880000,1480.0
28-AUG-2026,NSE,block_deals,GENUSPOWER,Genus Power Infrastru Ltd,AART CORPORATE ADVISORS PRIVATE LIMITED,BUY,1386750,324.5
28-AUG-2026,NSE,block_deals,GENUSPOWER,Genus Power Infrastru Ltd,HSBC MUTUAL FUND,BUY,2191700,324.5
28-AUG-2026,NSE,block_deals,LENSKART,Lenskart Solutions Ltd,COPTHALL MAURITIUS INVESTMENT LIMITED,BUY,401901,630.0
28-AUG-2026,NSE,block_deals,LENSKART,Lenskart Solutions Ltd,GOLDMAN SACHS BANK EUROPE SE,BUY,985791,630.0
28-AUG-2026,NSE,block_deals,LENSKART,Lenskart Solutions Ltd,HDFC STANDARD LIFE INSURANCE COMPANY LTD,BUY,1269838,630.0
28-AUG-2026,NSE,block_deals,LENSKART,Lenskart Solutions Ltd,ICICI PRUDENTIAL LIFE INSURANCE COMPANY LIMITED,BUY,1428569,630.0
28-AUG-2026,NSE,block_deals,LENSKART,Lenskart Solutions Ltd,ICICI PRUDENTIAL MUTUAL FUND,BUY,6031747,630.0
28-AUG-2026,NSE,block_deals,LENSKART,Lenskart Solutions Ltd,INTEGRATED CORE STRATEGIES (ASIA) PTE.LTD.,BUY,758301,630.0
28-AUG-2026,NSE,block_deals,LENSKART,Lenskart Solutions Ltd,JIGNESH VIJAY SHAH,BUY,396827,630.0
28-AUG-2026,NSE,block_deals,LENSKART,Lenskart Solutions Ltd,MORGAN STANLEY ASIA SINGAPORE PTE,BUY,492896,630.0
28-AUG-2026,NSE,block_deals,LENSKART,Lenskart Solutions Ltd,MORGAN STANLEY ASIA SINGAPORE PTE,BUY,606641,630.0
28-AUG-2026,NSE,block_deals,LENSKART,Lenskart Solutions Ltd,SBI MUTUAL FUND,BUY,555556,630.0
28-AUG-2026,NSE,block_deals,LENSKART,Lenskart Solutions Ltd,SOCIETE GENERALE,BUY,397352,630.0
28-AUG-2026,NSE,block_deals,LENSKART,Lenskart Solutions Ltd,SUSQUEHANNA PACIFIC PTY LTD,BUY,401903,630.0
28-AUG-2026,NSE,block_deals,LENSKART,Lenskart Solutions Ltd,VIRIDIAN ASIA OPPORTUNITIES MASTER FUND,BUY,606639,630.0
28-AUG-2026,NSE,block_deals,LENSKART,Lenskart Solutions Ltd,BOFA SECURITIES EUROPE SA,BUY,606642,630.0
28-AUG-2026,NSE,block_deals,LENSKART,Lenskart Solutions Ltd,TM REDWHEEL GLOBAL EMERGING MARKETS FUND,BUY,87123,630.0
28-AUG-2026,NSE,block_deals,LENSKART,Lenskart Solutions Ltd,TEACHERS RETIREMENT SYSTEM OF THE STATE OF ILLINOIS,BUY,56018,630.0
28-AUG-2026,NSE,block_deals,LENSKART,Lenskart Solutions Ltd,WHITEOAK CAPITAL MUTUAL FUND,BUY,1587301,630.0
28-AUG-2026,NSE,block_deals,LENSKART,Lenskart Solutions Ltd,RETAIL EMPLOYEES SUPERANNUATION TRUST,BUY,313295,630.0
28-AUG-2026,NSE,block_deals,LENSKART,Lenskart Solutions Ltd,REDWHEEL GLOBAL EMERGING EQUITY FUND,BUY,85731,630.0
28-AUG-2026,NSE,block_deals,LENSKART,Lenskart Solutions Ltd,REDWHEEL FUNDS-REDWHEEL GLOBAL EMERGING MARKETS FUND,BUY,343376,630.0
28-AUG-2026,NSE,block_deals,LENSKART,Lenskart Solutions Ltd,BAJAJ LIFE INSURANCE LIMITED,BUY,793650,630.0
28-AUG-2026,NSE,block_deals,LENSKART,Lenskart Solutions Ltd,EDELWEISS MUTUAL FUND,BUY,793185,630.0
28-AUG-2026,NSE,block_deals,LENSKART,Lenskart Solutions Ltd,GHISALLO MASTER FUND LP,BUY,401900,630.0
28-AUG-2026,NSE,block_deals,LENSKART,Lenskart Solutions Ltd,KOTAK MAHINDRA MUTUAL FUND,BUY,409483,630.0
28-AUG-2026,NSE,block_deals,LENSKART,Lenskart Solutions Ltd,KUWAIT INVESTMENT AUTHORITY,BUY,340000,630.0
28-AUG-2026,NSE,block_deals,LENSKART,Lenskart Solutions Ltd,MOTILAL OSWAL MUTUAL FUND,BUY,793650,630.0
28-AUG-2026,NSE,block_deals,LENSKART,Lenskart Solutions Ltd,NATIONAL PENSION SYSTEM (NPS) TRUST,BUY,1190476,630.0
28-AUG-2026,NSE,block_deals,LENSKART,Lenskart Solutions Ltd,NATIONAL PENSION SYSTEM (NPS) TRUST,BUY,1904761,630.0
28-AUG-2026,NSE,block_deals,LENSKART,Lenskart Solutions Ltd,NATIONAL PENSION SYSTEM (NPS) TRUST,BUY,4761904,630.0
28-AUG-2026,NSE,block_deals,LENSKART,Lenskart Solutions Ltd,NIPPON INDIA INVESTMENT UNIT TRUST - NIPPON INDIA EQUITY FUND,BUY,100000,630.0
28-AUG-2026,NSE,block_deals,LENSKART,Lenskart Solutions Ltd,NIPPON INDIA INVESTMENT UNIT TRUST - NIPPON INDIA SMALL AND MID-CAP EF,BUY,14981,630.0
28-AUG-2026,NSE,block_deals,LENSKART,Lenskart Solutions Ltd,PACE INTERNATIONAL EMERGING MARKETS EQUITY INVESTMENTS,BUY,47664,630.0
28-AUG-2026,NSE,block_deals,LENSKART,Lenskart Solutions Ltd,REDWHEEL EMERGING MARKETS EQUITY MASTER FUND LIMITED,BUY,507569,630.0
28-AUG-2026,NSE,block_deals,SPAL,S. P. Apparels Limited,CARNELIAN ASSET MANAGEMENT & ADVISORS PRIVATE LIMITED,BUY,500000,925.0
28-AUG-2026,NSE,block_deals,STAR,Strides Pharma ScienceLtd,ARUN KUMAR PILLAI,BUY,1000000,990.0
28-AUG-2026,NSE,block_deals,ATHERENERG,Ather Energy Limited,GOVERNMENT OF SINGAPORE,SELL,11880000,1480.0
28-AUG-2026,NSE,block_deals,GENUSPOWER,Genus Power Infrastru Ltd,CHISWICK INVESTMENT PTE LTD,SELL,3578450,324.5
28-AUG-2026,NSE,block_deals,LENSKART,Lenskart Solutions Ltd,ALPHA WAVE VENTURES II LP,SELL,9838209,630.0
28-AUG-2026,NSE,block_deals,LENSKART,Lenskart Solutions Ltd,ALPHA WAVE VENTURES II LP,SELL,10419555,630.0
28-AUG-2026,NSE,block_deals,LENSKART,Lenskart Solutions Ltd,ALPHA WAVE VENTURES,SELL,4521048,630.0
28-AUG-2026,NSE,block_deals,LENSKART,Lenskart Solutions Ltd,ALPHA WAVE VENTURES LP,SELL,4693858,630.0
28-AUG-2026,NSE,block_deals,SPAL,S. P. Apparels Limited,SUNDARARAJAN PERUMAL MUDALIAR,SELL,500000,925.0
28-AUG-2026,NSE,block_deals,STAR,Strides Pharma ScienceLtd,SBI LIFE INSURANCE CO.LTD.,SELL,1000000,990.0
28/08/2026,BSE,bulk,539598,AMPL,SKYLINE RETAILER LLP,S,817500.0,29.61
28/08/2026,BSE,bulk,539598,AMPL,YAVA CORP GLOBAL LIMITED,B,943000.0,29.59
28/08/2026,BSE,bulk,544445,APL,PRAKRUTI R PALI,B,164000.0,112.81
28/08/2026,BSE,bulk,530187,ATHARVENT,BHUMI GADIA,S,98612.0,4.3
28/08/2026,BSE,bulk,530187,ATHARVENT,HARSH AGARWAL,B,93023.0,4.3
28/08/2026,BSE,bulk,524516,BACPHAR,BRENLEY ENGINEERS PRIVATE LIMITED,B,84658.0,11.67
28/08/2026,BSE,bulk,532946,BANG,IRAGE BROKING SERVICES LLP,S,135514.0,34.05
28/08/2026,BSE,bulk,532946,BANG,IRAGE BROKING SERVICES LLP,B,1795.0,34.16
28/08/2026,BSE,bulk,532946,BANG,ORION STOCKS LTD,B,188096.0,34.05
28/08/2026,BSE,bulk,532946,BANG,ORION STOCKS LTD,S,275.0,33.49
28/08/2026,BSE,bulk,539946,BAZELINTER,RAJESHBHAI BHAGATBHAI KESHWALA,S,11000.0,26.0
28/08/2026,BSE,bulk,539946,BAZELINTER,RAJESHBHAI BHAGATBHAI KESHWALA,B,68449.0,26.25
28/08/2026,BSE,bulk,507833,COMPUPN,PRITHVI  FINMART  PRIVATE LIMITED,S,187277.0,5.07
28/08/2026,BSE,bulk,507833,COMPUPN,PRITHVI  FINMART  PRIVATE LIMITED,B,161313.0,5.05
28/08/2026,BSE,bulk,544807,CRAZY,REKHA SINGAL,S,132000.0,57.0
28/08/2026,BSE,bulk,544807,CRAZY,NITIN KUMAR SINGAL,S,324000.0,57.0
28/08/2026,BSE,bulk,544807,CRAZY,ARIHANT CAPITAL MARKETS LIMITED,B,699000.0,57.0
28/08/2026,BSE,bulk,544876,ENS,GOLDENDUNES BUILDERS AND DEVELOPERS PRIVATE LIMITED,B,72000.0,103.75
28/08/2026,BSE,bulk,526614,EXPOEAPL,NIRAALIE MEYNON,S,200000.0,98.0
28/08/2026,BSE,bulk,526614,EXPOEAPL,AL MAHA INVESTMENT FUND PCC - ONYX STRATEGY,B,200000.0,98.0
28/08/2026,BSE,bulk,531486,FILME,VISAGAR FINANCIAL SERVICES LIMITED,S,373987.0,1.13
28/08/2026,BSE,bulk,531486,FILME,NISHANT INBUILD LIMITED,B,406038.0,1.13
28/08/2026,BSE,bulk,531723,GATECH,RATHOD DIGVIJAYSINH RAJENDRASINH,B,9331853.0,1.08
28/08/2026,BSE,bulk,531592,GENPHARMA,RAJESH MIRCHUMAL SADHWANI,B,5000000.0,1.01
28/08/2026,BSE,bulk,544759,GLPL,SWAPAN  KHANDELWAL,B,78000.0,40.97
28/08/2026,BSE,bulk,526935,KALIND,JASANI DHARMENDRA BHAI BECHARBHAI,S,5000000.0,4.18
28/08/2026,BSE,bulk,526935,KALIND,PRIJAL TRADEFIN LLP,B,4843181.0,4.02
28/08/2026,BSE,bulk,526935,KALIND,PRIJAL TRADEFIN LLP,S,3000000.0,4.03
28/08/2026,BSE,bulk,539408,KUBERJI,PARESH DHIRAJLAL SHAH,B,17863.0,53.55
28/08/2026,BSE,bulk,544863,LAPL,MANSI SHARE AND STOCK BROKING PRIVATE LIMITED,B,142800.0,123.52
28/08/2026,BSE,bulk,544863,LAPL,MANSI SHARE AND STOCK BROKING PRIVATE LIMITED,S,1200.0,127.9
28/08/2026,BSE,bulk,543613,MAFIA,HARYANA REFRACTORIES PRIVATE LIMITED,B,24000.0,3.96
28/08/2026,BSE,bulk,543613,MAFIA,RAJ KUMAR GUPTA HUF,B,24000.0,3.69
28/08/2026,BSE,bulk,543613,MAFIA,RAJ KUMAR GUPTA HUF,S,16000.0,3.79
28/08/2026,BSE,bulk,543613,MAFIA,LALJIBHAI G CHAUDHARY,S,56000.0,3.67
28/08/2026,BSE,bulk,543613,MAFIA,AMBABEN LALJIBHAI CHAUDHARY,S,32000.0,3.89
28/08/2026,BSE,bulk,531319,MGIL,STYLESTRY TEXTILES PRIVATE LIMITED,S,30081.0,37.11
28/08/2026,BSE,bulk,544851,MVELECTRO,IRAGE BROKING SERVICES LLP,S,515558.0,728.9
28/08/2026,BSE,bulk,544851,MVELECTRO,IRAGE BROKING SERVICES LLP,B,325640.0,718.98
28/08/2026,BSE,bulk,540243,NEWLIGHT,YAVA CORP GLOBAL LIMITED,B,1475000.0,1.44
28/08/2026,BSE,bulk,540243,NEWLIGHT,SHIKHA AGRAWAL,S,1459357.0,1.44
28/08/2026,BSE,bulk,543194,NIRMITEE,SANJAY NARENDRA BANSAL,S,79200.0,92.5
28/08/2026,BSE,bulk,543194,NIRMITEE,ARC FINANCE LIMITED,B,42300.0,92.5
28/08/2026,BSE,bulk,543194,NIRMITEE,ARYAMAN BROKING LIMITED,B,36900.0,92.5
28/08/2026,BSE,bulk,530805,OIVL,NEELRAMESHBHAIGAJERA,S,154782.0,6.4
28/08/2026,BSE,bulk,530805,OIVL,NEELRAMESHBHAIGAJERA,B,4138.0,6.39
28/08/2026,BSE,bulk,532340,OMNIAX,EMRALD COMMERCIAL LIMITED,B,285099.0,3.4
28/08/2026,BSE,bulk,532340,OMNIAX,VANITA SANJAY BANSAL,S,283042.0,3.4
28/08/2026,BSE,bulk,531254,OPTIFIN,ARYAMAN BROKING LIMITED,B,490000.0,13.2
28/08/2026,BSE,bulk,531254,OPTIFIN,KRISHNA N MEHTA HUF,S,490000.0,13.2
28/08/2026,BSE,bulk,544460,PATELCHEM,ZETA GLOBAL FUNDS (OEIC) PCC LIMITED - ZETA SERIES C FUND PC,S,232000.0,109.17
28/08/2026,BSE,bulk,544460,PATELCHEM,VENUS INVESTMENTS VCC - VENUS STELLAR FUND,B,232000.0,109.17
28/08/2026,BSE,bulk,500143,PHCAP,NINCETRENDS CAPITAL SERVICES LLP,B,17000.0,1105.09
28/08/2026,BSE,bulk,544538,PRARUH,MONEYYWISE FINANCIAL SERVICES PVT LTD,S,100000.0,99.66
28/08/2026,BSE,bulk,544538,PRARUH,TALIB  ZAFAR,B,70000.0,99.66
28/08/2026,BSE,bulk,540703,PROCLB,ALIA COMMOSALES LLP,S,32140.0,26.06
28/08/2026,BSE,bulk,540703,PROCLB,PARASRAMPURIA INFRASTRUCTURE LLP,B,40000.0,26.06
28/08/2026,BSE,bulk,544752,PSCELESTIA,CENTILLION CAPITAL PRIVATE LTD.,S,32.0,1020000.0
28/08/2026,BSE,bulk,544752,PSCELESTIA,STATSOL RESEARCH LLP,B,32.0,1020000.0
28/08/2026,BSE,bulk,532915,RELIGARE,ASHISH DHAWAN,B,2000000.0,232.0
28/08/2026,BSE,bulk,542145,RONI,SHAILESH SURESH BAJAJ,S,100800.0,25.94
28/08/2026,BSE,bulk,544582,SHLOKKA,INTERACTIVE FINANCIAL SERVICES LIMITED,B,183600.0,25.0
28/08/2026,BSE,bulk,544582,SHLOKKA,3 SIGMA GLOBAL FUND,S,204000.0,25.0
28/08/2026,BSE,bulk,543914,SWATIPRO,PRASHANT  GUPTA,B,95004.0,46.31
28/08/2026,BSE,bulk,543914,SWATIPRO,PRASHANT  GUPTA,S,1004.0,47.07
28/08/2026,BSE,bulk,544886,TEMPSENS,IRAGE BROKING SERVICES LLP,S,396489.0,596.16
28/08/2026,BSE,bulk,544886,TEMPSENS,IRAGE BROKING SERVICES LLP,B,455391.0,590.56
28/08/2026,BSE,bulk,544886,TEMPSENS,PATRONUS TRADETECH LLP,S,306560.0,591.49
28/08/2026,BSE,bulk,544886,TEMPSENS,PATRONUS TRADETECH LLP,B,430270.0,589.72
28/08/2026,BSE,bulk,542910,VALENCIA,KRISHNA N MEHTA HUF,S,111000.0,50.0
28/08/2026,BSE,bulk,542910,VALENCIA,ARYAMAN BROKING LIMITED,B,111000.0,50.0
28/08/2026,BSE,bulk,544508,VASHISHTHA,SATYA PRAKASH MITTAL,S,15600.0,66.3
28/08/2026,BSE,bulk,544508,VASHISHTHA,MONA CHETAN ROKAD,B,14400.0,66.33
28/08/2026,BSE,bulk,538451,WORTH,CHETAN KIRITBHAI MEHTA,S,2426591.0,3.4
28/08/2026,BSE,bulk,544838,XTRANET,NANDANA AJAY KASOTIA,B,502397.0,193.21
28/08/2026,BSE,bulk,514378,YARNSYN,VIKASH GYANCHAND PARAKH,S,30000.0,13.06
26/08/2026,BSE,block,544578,RUBICON,HDFC MUTUAL FUND,B,4878009.0,1660.0
26/08/2026,BSE,block,544578,RUBICON,KOTAK MAHINDRA MUTUAL FUND,B,1656624.0,1660.0
26/08/2026,BSE,block,544578,RUBICON,ICICI PRUDENTIAL MUTUAL FUND,B,1807226.0,1660.0
26/08/2026,BSE,block,544578,RUBICON,SBI MUTUAL FUND,B,1204815.0,1660.0
26/08/2026,BSE,block,544578,RUBICON,NOMURA INDIA INVESTMENT FUND MOTHER FUND,B,1203999.0,1660.0
26/08/2026,BSE,block,544578,RUBICON,"VEMF-A , LP",B,150605.0,1660.0
26/08/2026,BSE,block,544578,RUBICON,AXIS MUTUAL FUND,B,903611.0,1660.0
26/08/2026,BSE,block,544578,RUBICON,TIMF HOLDINGS,B,903610.0,1660.0
26/08/2026,BSE,block,544578,RUBICON,PI OPPORTUNITIES AIF V LLP,B,301202.0,1660.0
26/08/2026,BSE,block,544578,RUBICON,GENERAL ATLANTIC SINGAPORE RR PTE LTD,S,150605.0,1660.0
26/08/2026,BSE,block,544578,RUBICON,GENERAL ATLANTIC SINGAPORE RR PTE LTD,S,301202.0,1660.0
26/08/2026,BSE,block,544578,RUBICON,GENERAL ATLANTIC SINGAPORE RR PTE LTD,S,903610.0,1660.0
26/08/2026,BSE,block,544578,RUBICON,GENERAL ATLANTIC SINGAPORE RR PTE LTD,S,903611.0,1660.0
26/08/2026,BSE,block,544578,RUBICON,GENERAL ATLANTIC SINGAPORE RR PTE LTD,S,1203999.0,1660.0
26/08/2026,BSE,block,544578,RUBICON,GENERAL ATLANTIC SINGAPORE RR PTE LTD,S,1204815.0,1660.0
26/08/2026,BSE,block,544578,RUBICON,GENERAL ATLANTIC SINGAPORE RR PTE LTD,S,1656624.0,1660.0
26/08/2026,BSE,block,544578,RUBICON,GENERAL ATLANTIC SINGAPORE RR PTE LTD,S,1807226.0,1660.0
26/08/2026,BSE,block,544578,RUBICON,GENERAL ATLANTIC SINGAPORE RR PTE LTD,S,4878009.0,1660.0
28-AUG-2026,NSE,bulk_deals,AAREYDRUGS,Aarey Drugs & Pharm Ltd,VAYUMIND INNOVATIONS PRIVATE LIMITED,BUY,274415,88.97
28-AUG-2026,NSE,bulk_deals,AASTHA,Aastha Spintex Limited,ACME CAPITAL MARKET LIMITED,BUY,250000,82.28
28-AUG-2026,NSE,bulk_deals,AASTHA,Aastha Spintex Limited,BULLPULSE MARKETEDGE PRIVATE LIMITED,BUY,250000,82.2
28-AUG-2026,NSE,bulk_deals,AASTHA,Aastha Spintex Limited,JIAUM BROKING LLP,BUY,250000,82.2
28-AUG-2026,NSE,bulk_deals,AASTHA,Aastha Spintex Limited,CHAUBARA EATS PRIVATE LIMITED,BUY,250000,82.21
28-AUG-2026,NSE,bulk_deals,ARIS,Arisinfra Solutions Ltd,HRTI PRIVATE LIMITED,BUY,480513,150.75
28-AUG-2026,NSE,bulk_deals,ATALREAL,Atal Realtech Limited,QE SECURITIES LLP,BUY,977627,35.36
28-AUG-2026,NSE,bulk_deals,ATALREAL,Atal Realtech Limited,VISHAL MAHESH WAGHELA,BUY,1124994,35.59
28-AUG-2026,NSE,bulk_deals,ATALREAL,Atal Realtech Limited,MAHESH MULCHAND WAGHELA,BUY,1089657,35.38
28-AUG-2026,NSE,bulk_deals,ATALREAL,Atal Realtech Limited,ALTIZEN VENTURES LLP,BUY,1107086,35.38
28-AUG-2026,NSE,bulk_deals,ATALREAL,Atal Realtech Limited,MAHESH MULCHAND WAGHELA,BUY,785019,35.39
28-AUG-2026,NSE,bulk_deals,ATALREAL,Atal Realtech Limited,ACME CAPITAL MARKET LIMITED,BUY,2829964,35.28
28-AUG-2026,NSE,bulk_deals,ATALREAL,Atal Realtech Limited,HRTI PRIVATE LIMITED,BUY,972181,35.28
28-AUG-2026,NSE,bulk_deals,ATHERENERG,Ather Energy Limited,HERO MOTOCORP LIMITED,BUY,11880000,1480.0
28-AUG-2026,NSE,bulk_deals,BANG,Bang Overseas Limited,IRAGE BROKING SERVICES LLP,BUY,141548,34.1
28-AUG-2026,NSE,bulk_deals,BANG,Bang Overseas Limited,ORION STOCKS LTD,BUY,3698,34.58
28-AUG-2026,NSE,bulk_deals,COMSYN,Commercial Syn Bags Ltd,ARIHANT CAPITAL MARKETS LIMITED,BUY,238353,275.31
28-AUG-2026,NSE,bulk_deals,DIGIKORE,Digikore Studios Limited,SARITA,BUY,96800,35.48
28-AUG-2026,NSE,bulk_deals,EXXARO,Exxaro Tiles Limited,BHAVISHYA ECOMMERCE PRIVATE LIMITED,BUY,1725287,7.41
28-AUG-2026,NSE,bulk_deals,FASCINATE,Fascinate Textiles Ltd,PROGNOSIS SECURITIES PVT. LTD,BUY,182400,93.6
28-AUG-2026,NSE,bulk_deals,FMGOETZE,Federal-Mogul Goetze (I),MICROCURVES TRADING PRIVATE LIMITED,BUY,983131,597.39
28-AUG-2026,NSE,bulk_deals,FMGOETZE,Federal-Mogul Goetze (I),HRTI PRIVATE LIMITED,BUY,572489,594.72
28-AUG-2026,NSE,bulk_deals,FMGOETZE,Federal-Mogul Goetze (I),QE SECURITIES LLP,BUY,544062,592.04
28-AUG-2026,NSE,bulk_deals,FMGOETZE,Federal-Mogul Goetze (I),JUNOMONETA FINSOL PRIVATE LIMITED,BUY,1051178,596.24
28-AUG-2026,NSE,bulk_deals,FMGOETZE,Federal-Mogul Goetze (I),ELIXIR WEALTH MANAGEMENT PRIVATE LIMITED,BUY,370262,601.36
28-AUG-2026,NSE,bulk_deals,GENUSPOWER,Genus Power Infrastru Ltd,HSBC MUTUAL FUND,BUY,2191700,324.5
28-AUG-2026,NSE,bulk_deals,JAYESH,Jayesh Logistics Limited,IBHANAN COMPLEX LLP,BUY,51000,141.92
28-AUG-2026,NSE,bulk_deals,JAYESH,Jayesh Logistics Limited,IDIKA COMPLEX LLP,BUY,52000,141.95
28-AUG-2026,NSE,bulk_deals,JGCHEM,J.G.Chemicals Limited,HRTI PRIVATE LIMITED,BUY,292430,652.79
28-AUG-2026,NSE,bulk_deals,JGCHEM,J.G.Chemicals Limited,JUNOMONETA FINSOL PRIVATE LIMITED,BUY,315935,656.4
28-AUG-2026,NSE,bulk_deals,KSHITIJ-RE,Kshitij Polyline Ltd,SUBHASH CHANDRA,BUY,997226,0.03
28-AUG-2026,NSE,bulk_deals,KSR,KSR Footwear Limited,ALPA WEALTH CREATOR,BUY,245090,31.28
28-AUG-2026,NSE,bulk_deals,LAMOSAIC,Lamosaic India Limited,ARYAMAN CAPITAL MARKETS LIMITED,BUY,99600,58.9
28-AUG-2026,NSE,bulk_deals,MANCREDIT,Mangal Credit N Fincorp L,LUNOVA VENTURES LLP,BUY,125700,239.76
28-AUG-2026,NSE,bulk_deals,MASTEK,Mastek Ltd,MICROCURVES TRADING PRIVATE LIMITED,BUY,264122,1839.78
28-AUG-2026,NSE,bulk_deals,MVELECTRO,MV Electrosystems Limited,JUNOMONETA FINSOL PRIVATE LIMITED,BUY,1034178,717.33
28-AUG-2026,NSE,bulk_deals,MVELECTRO,MV Electrosystems Limited,MICROCURVES TRADING PRIVATE LIMITED,BUY,2019049,724.7
28-AUG-2026,NSE,bulk_deals,MVELECTRO,MV Electrosystems Limited,BLITZQUANT RESEARCH LLP,BUY,492138,719.1
28-AUG-2026,NSE,bulk_deals,MVELECTRO,MV Electrosystems Limited,MARWADI SHARES AND FINANCE LTD.,BUY,172604,701.89
28-AUG-2026,NSE,bulk_deals,MVELECTRO,MV Electrosystems Limited,DIPAN MEHTA COMMODITIES PRIVATE LIMITED,BUY,192718,724.81
28-AUG-2026,NSE,bulk_deals,MVELECTRO,MV Electrosystems Limited,ELIXIR EQUITIES PRIVATE LTD,BUY,206540,729.05
28-AUG-2026,NSE,bulk_deals,MVELECTRO,MV Electrosystems Limited,ELIXIR WEALTH MANAGEMENT PRIVATE LIMITED,BUY,502608,728.91
28-AUG-2026,NSE,bulk_deals,MVELECTRO,MV Electrosystems Limited,VINSUL MAKARDI LTD,BUY,203324,721.06
28-AUG-2026,NSE,bulk_deals,MVELECTRO,MV Electrosystems Limited,J4S FINANCIAL SOLUTIONS LLP,BUY,150822,732.62
28-AUG-2026,NSE,bulk_deals,MVELECTRO,MV Electrosystems Limited,CLT RESEARCH TECH PRIVATE LTD,BUY,356060,719.2
28-AUG-2026,NSE,bulk_deals,MVELECTRO,MV Electrosystems Limited,PRATIK VIRENDRA MANIYAR HUF,BUY,277359,733.08
28-AUG-2026,NSE,bulk_deals,MVELECTRO,MV Electrosystems Limited,MATHEWS VARUGHESE,BUY,139604,727.43
28-AUG-2026,NSE,bulk_deals,MVELECTRO,MV Electrosystems Limited,NK SECURITIES RESEARCH PRIVATE LIMITED,BUY,798842,727.78
28-AUG-2026,NSE,bulk_deals,MVELECTRO,MV Electrosystems Limited,IRAGE BROKING SERVICES LLP,BUY,609694,727.44
28-AUG-2026,NSE,bulk_deals,MVELECTRO,MV Electrosystems Limited,QE SECURITIES LLP,BUY,940883,716.88
28-AUG-2026,NSE,bulk_deals,MVELECTRO,MV Electrosystems Limited,MATHISYS QUANTCAP LLP,BUY,683694,718.29
28-AUG-2026,NSE,bulk_deals,MVELECTRO,MV Electrosystems Limited,HRTI PRIVATE LIMITED,BUY,499926,722.04
28-AUG-2026,NSE,bulk_deals,MVELECTRO,MV Electrosystems Limited,RAVI RAJAGOPALAN RAMA,BUY,153000,724.53
28-AUG-2026,NSE,bulk_deals,MVELECTRO,MV Electrosystems Limited,JUMP TRADING FINANCIAL INDIA PRIVATE LIMITED,BUY,472242,727.13
28-AUG-2026,NSE,bulk_deals,OMAXE,Omaxe Limited,MICROCURVES TRADING PRIVATE LIMITED,BUY,1794017,129.84
28-AUG-2026,NSE,bulk_deals,OMAXE,Omaxe Limited,JUNOMONETA FINSOL PRIVATE LIMITED,BUY,1084016,127.23
28-AUG-2026,NSE,bulk_deals,RATNAVEER,Ratnaveer Precision Eng L,JUNOMONETA FINSOL PRIVATE LIMITED,BUY,378209,297.62
28-AUG-2026,NSE,bulk_deals,RATNAVEER,Ratnaveer Precision Eng L,ARIHANT CAPITAL MARKETS LIMITED,BUY,1158547,297.77
28-AUG-2026,NSE,bulk_deals,RATNAVEER,Ratnaveer Precision Eng L,THAKKAR NILESHKUMAR FARSHURAM HUF,BUY,665000,296.54
28-AUG-2026,NSE,bulk_deals,RATNAVEER,Ratnaveer Precision Eng L,HRTI PRIVATE LIMITED,BUY,496314,296.87
28-AUG-2026,NSE,bulk_deals,RELIGARE,Religare Enterprises Limi,ASHISH  DHAWAN,BUY,1800000,232.0
28-AUG-2026,NSE,bulk_deals,RULKA,Rulka Electricals Limited,GRATIAS VENTURES PRIVATE LIMITED,BUY,10200,111.68
28-AUG-2026,NSE,bulk_deals,SHAHALLOYS,Shah Alloys Limited,MANSI SHARE AND STOCK BROKING PRIVATE LIMITED,BUY,300000,103.07
28-AUG-2026,NSE,bulk_deals,SHAHALLOYS,Shah Alloys Limited,SETU SECURITIES PVT LTD,BUY,100000,103.06
28-AUG-2026,NSE,bulk_deals,SPAL,S. P. Apparels Limited,CARNELIAN ASSET MANAGEMENT & ADVISORS PRIVATE LIMITED,BUY,500000,925.0
28-AUG-2026,NSE,bulk_deals,SPRL,SP Refractories Limited,ARYAMAN CAPITAL MARKETS LIMITED,BUY,32000,102.5
28-AUG-2026,NSE,bulk_deals,STAR,Strides Pharma ScienceLtd,ARUN KUMAR PILLAI,BUY,1000000,990.0
28-AUG-2026,NSE,bulk_deals,SUNSHINE,Sunshine Pictures Limited,ARIHANT CAPITAL MARKETS LIMITED,BUY,1679598,418.1
28-AUG-2026,NSE,bulk_deals,SUNSHINE,Sunshine Pictures Limited,L7 HITECH PRIVATE LIMITED,BUY,165000,386.52
28-AUG-2026,NSE,bulk_deals,SUNSHINE,Sunshine Pictures Limited,NK SECURITIES RESEARCH PRIVATE LIMITED,BUY,244406,422.32
28-AUG-2026,NSE,bulk_deals,SUNSHINE,Sunshine Pictures Limited,IRAGE BROKING SERVICES LLP,BUY,158829,419.1
28-AUG-2026,NSE,bulk_deals,SUNSHINE,Sunshine Pictures Limited,MATHISYS QUANTCAP LLP,BUY,336542,415.04
28-AUG-2026,NSE,bulk_deals,SUNSHINE,Sunshine Pictures Limited,QE SECURITIES LLP,BUY,376926,413.95
28-AUG-2026,NSE,bulk_deals,SUNSHINE,Sunshine Pictures Limited,MICROCURVES TRADING PRIVATE LIMITED,BUY,437928,419.78
28-AUG-2026,NSE,bulk_deals,SUNSHINE,Sunshine Pictures Limited,JUNOMONETA FINSOL PRIVATE LIMITED,BUY,272695,420.3
28-AUG-2026,NSE,bulk_deals,TEJASNET,Tejas Networks Limited,MICROCURVES TRADING PRIVATE LIMITED,BUY,2397531,560.41
28-AUG-2026,NSE,bulk_deals,TEJASNET,Tejas Networks Limited,JUNOMONETA FINSOL PRIVATE LIMITED,BUY,1532204,560.33
28-AUG-2026,NSE,bulk_deals,TEJASNET,Tejas Networks Limited,JUMP TRADING FINANCIAL INDIA PRIVATE LIMITED,BUY,1785079,561.03
28-AUG-2026,NSE,bulk_deals,TEJASNET,Tejas Networks Limited,HRTI PRIVATE LIMITED,BUY,1030032,558.62
28-AUG-2026,NSE,bulk_deals,TEJASNET,Tejas Networks Limited,QE SECURITIES LLP,BUY,1514937,559.98
28-AUG-2026,NSE,bulk_deals,TEJASNET,Tejas Networks Limited,GRAVITON RESEARCH CAPITAL LLP,BUY,906031,560.07
28-AUG-2026,NSE,bulk_deals,TEMPSENS,Tempsens Inst (India) Ltd,GOLDMINE STOCKS PRIVATE LIMITED,BUY,579852,592.41
28-AUG-2026,NSE,bulk_deals,TEMPSENS,Tempsens Inst (India) Ltd,YUGA STOCKS AND COMMODITIES PRIVATE LIMITED,BUY,1033072,589.45
28-AUG-2026,NSE,bulk_deals,TEMPSENS,Tempsens Inst (India) Ltd,MARWADI CHANDARANA INTERMEDIARIES BROKERS PRIVATE LIMITED,BUY,680681,591.74
28-AUG-2026,NSE,bulk_deals,TEMPSENS,Tempsens Inst (India) Ltd,JUNOMONETA FINSOL PRIVATE LIMITED,BUY,1374636,588.8
28-AUG-2026,NSE,bulk_deals,TEMPSENS,Tempsens Inst (India) Ltd,BLITZQUANT RESEARCH LLP,BUY,1309464,603.96
28-AUG-2026,NSE,bulk_deals,TEMPSENS,Tempsens Inst (India) Ltd,NK SECURITIES RESEARCH PRIVATE LIMITED,BUY,1151516,581.57
28-AUG-2026,NSE,bulk_deals,TEMPSENS,Tempsens Inst (India) Ltd,PURE BROKING PRIVATE LIMITED,BUY,763765,588.39
28-AUG-2026,NSE,bulk_deals,TEMPSENS,Tempsens Inst (India) Ltd,PATRONUS TRADETECH LLP,BUY,764041,599.97
28-AUG-2026,NSE,bulk_deals,TEMPSENS,Tempsens Inst (India) Ltd,MICROCURVES TRADING PRIVATE LIMITED,BUY,1544877,580.81
28-AUG-2026,NSE,bulk_deals,TEMPSENS,Tempsens Inst (India) Ltd,GRT STRATEGIC VENTURES LLP,BUY,1505110,599.51
28-AUG-2026,NSE,bulk_deals,TEMPSENS,Tempsens Inst (India) Ltd,IRAGE BROKING SERVICES LLP,BUY,1647464,595.7
28-AUG-2026,NSE,bulk_deals,WEL,Wonder Electricals Ltd,NEO APEX SHARE BROKING SERVICES LLP,BUY,115600,99.8
28-AUG-2026,NSE,bulk_deals,XTRANET,Xtranet Technologies Ltd,NEO APEX SHARE BROKING SERVICES LLP,BUY,330016,197.1
28-AUG-2026,NSE,bulk_deals,AASTHA,Aastha Spintex Limited,BULLPULSE MARKETEDGE PRIVATE LIMITED,SELL,250000,82.21
28-AUG-2026,NSE,bulk_deals,AASTHA,Aastha Spintex Limited,CHAUBARA EATS PRIVATE LIMITED,SELL,250000,82.28
28-AUG-2026,NSE,bulk_deals,AASTHA,Aastha Spintex Limited,JIAUM BROKING LLP,SELL,250000,82.2
28-AUG-2026,NSE,bulk_deals,AASTHA,Aastha Spintex Limited,ACME CAPITAL MARKET LIMITED,SELL,250000,82.2
28-AUG-2026,NSE,bulk_deals,ALOKINDS,Alok Industries Limited,JM FINANCIAL ASSET RECONSTRUCTION COMPANY LIMITED,SELL,32500000,9.55
28-AUG-2026,NSE,bulk_deals,ARIS,Arisinfra Solutions Ltd,HRTI PRIVATE LIMITED,SELL,147131,149.66
28-AUG-2026,NSE,bulk_deals,ATALREAL,Atal Realtech Limited,ACME CAPITAL MARKET LIMITED,SELL,2829964,35.19
28-AUG-2026,NSE,bulk_deals,ATALREAL,Atal Realtech Limited,ALTIZEN VENTURES LLP,SELL,907086,35.4
28-AUG-2026,NSE,bulk_deals,ATALREAL,Atal Realtech Limited,HRTI PRIVATE LIMITED,SELL,928214,35.24
28-AUG-2026,NSE,bulk_deals,ATALREAL,Atal Realtech Limited,QE SECURITIES LLP,SELL,931525,35.38
28-AUG-2026,NSE,bulk_deals,ATALREAL,Atal Realtech Limited,VISHAL MAHESH WAGHELA,SELL,1124994,35.25
28-AUG-2026,NSE,bulk_deals,ATALREAL,Atal Realtech Limited,MAHESH MULCHAND WAGHELA,SELL,1675907,35.48
28-AUG-2026,NSE,bulk_deals,ATHERENERG,Ather Energy Limited,GOVERNMENT OF SINGAPORE,SELL,11880000,1480.0
28-AUG-2026,NSE,bulk_deals,BANG,Bang Overseas Limited,ORION STOCKS LTD,SELL,191519,34.16
28-AUG-2026,NSE,bulk_deals,BANG,Bang Overseas Limited,IRAGE BROKING SERVICES LLP,SELL,7829,34.04
28-AUG-2026,NSE,bulk_deals,COMSYN,Commercial Syn Bags Ltd,ARIHANT CAPITAL MARKETS LIMITED,SELL,445141,271.95
28-AUG-2026,NSE,bulk_deals,DCI,DC Infotech and Comun Ltd,ZETA GLOBAL FUNDS (OEIC) PCC LIMITED - ZETA SERIES C FUND PC,SELL,151100,434.93
28-AUG-2026,NSE,bulk_deals,DIGIKORE,Digikore Studios Limited,ROHIT KISHOR RATHI,SELL,103600,31.77
28-AUG-2026,NSE,bulk_deals,DIGIKORE,Digikore Studios Limited,SARITA,SELL,16400,36.48
28-AUG-2026,NSE,bulk_deals,DURLAX,Durlax Top Surface Ltd,KETAN RASHIKLAL DOSHI,SELL,150000,66.0
28-AUG-2026,NSE,bulk_deals,EXXARO,Exxaro Tiles Limited,BHAVISHYA ECOMMERCE PRIVATE LIMITED,SELL,2297778,7.42
28-AUG-2026,NSE,bulk_deals,FASCINATE,Fascinate Textiles Ltd,NEO APEX SHARE BROKING SERVICES LLP,SELL,118400,93.61
28-AUG-2026,NSE,bulk_deals,FMGOETZE,Federal-Mogul Goetze (I),JUNOMONETA FINSOL PRIVATE LIMITED,SELL,1050686,596.53
28-AUG-2026,NSE,bulk_deals,FMGOETZE,Federal-Mogul Goetze (I),HRTI PRIVATE LIMITED,SELL,488627,594.12
28-AUG-2026,NSE,bulk_deals,FMGOETZE,Federal-Mogul Goetze (I),MANISH MAHENDRA MODI,SELL,283294,593.37
28-AUG-2026,NSE,bulk_deals,FMGOETZE,Federal-Mogul Goetze (I),ELIXIR WEALTH MANAGEMENT PRIVATE LIMITED,SELL,370262,602.38
28-AUG-2026,NSE,bulk_deals,FMGOETZE,Federal-Mogul Goetze (I),QE SECURITIES LLP,SELL,532024,590.66
28-AUG-2026,NSE,bulk_deals,FMGOETZE,Federal-Mogul Goetze (I),MICROCURVES TRADING PRIVATE LIMITED,SELL,983131,597.73
28-AUG-2026,NSE,bulk_deals,GANGAFORGE,Ganga Forging Limited,NEO APEX SHARE BROKING SERVICES LLP,SELL,2620038,1.61
28-AUG-2026,NSE,bulk_deals,GATECH,GACM Technologies Limited,MGO HIGH CONVICTION FUND INCORPORATED VCC SUB-FUND,SELL,24451043,1.07
28-AUG-2026,NSE,bulk_deals,GATECH,GACM Technologies Limited,MINERVA VENTURES FUND,SELL,27000000,1.07
28-AUG-2026,NSE,bulk_deals,GATECH,GACM Technologies Limited,AL MAHA INVESTMENT FUND PCC - ONYX STRATEGY,SELL,22500000,1.07
28-AUG-2026,NSE,bulk_deals,GENUSPOWER,Genus Power Infrastru Ltd,CHISWICK INVESTMENT PTE LTD,SELL,3578450,324.5
28-AUG-2026,NSE,bulk_deals,JAYESH,Jayesh Logistics Limited,QAPLA INVESTMENTS,SELL,49000,142.0
28-AUG-2026,NSE,bulk_deals,JGCHEM,J.G.Chemicals Limited,HRTI PRIVATE LIMITED,SELL,259350,653.48
28-AUG-2026,NSE,bulk_deals,JGCHEM,J.G.Chemicals Limited,JUNOMONETA FINSOL PRIVATE LIMITED,SELL,314039,656.86
28-AUG-2026,NSE,bulk_deals,KSR,KSR Footwear Limited,AMBIT INVESTMENT ADVISORS PRIVATE LIMITED,SELL,182052,31.43
28-AUG-2026,NSE,bulk_deals,LAMOSAIC,Lamosaic India Limited,ALTIZEN VENTURES LLP,SELL,98400,58.9
28-AUG-2026,NSE,bulk_deals,LENSKART,Lenskart Solutions Ltd,ALPHA WAVE VENTURES II LP,SELL,9838209,630.0
28-AUG-2026,NSE,bulk_deals,LENSKART,Lenskart Solutions Ltd,ALPHA WAVE VENTURES II LP,SELL,10419555,630.0
28-AUG-2026,NSE,bulk_deals,MASTEK,Mastek Ltd,MICROCURVES TRADING PRIVATE LIMITED,SELL,264122,1841.57
28-AUG-2026,NSE,bulk_deals,MVELECTRO,MV Electrosystems Limited,MARWADI SHARES AND FINANCE LTD.,SELL,183119,698.24
28-AUG-2026,NSE,bulk_deals,MVELECTRO,MV Electrosystems Limited,DIPAN MEHTA COMMODITIES PRIVATE LIMITED,SELL,192718,728.38
28-AUG-2026,NSE,bulk_deals,MVELECTRO,MV Electrosystems Limited,ELIXIR EQUITIES PRIVATE LTD,SELL,208540,730.63
28-AUG-2026,NSE,bulk_deals,MVELECTRO,MV Electrosystems Limited,ELIXIR WEALTH MANAGEMENT PRIVATE LIMITED,SELL,504426,729.99
28-AUG-2026,NSE,bulk_deals,MVELECTRO,MV Electrosystems Limited,VINSUL MAKARDI LTD,SELL,203324,721.45
28-AUG-2026,NSE,bulk_deals,MVELECTRO,MV Electrosystems Limited,J4S FINANCIAL SOLUTIONS LLP,SELL,150822,732.62
28-AUG-2026,NSE,bulk_deals,MVELECTRO,MV Electrosystems Limited,CLT RESEARCH TECH PRIVATE LTD,SELL,356060,719.46
28-AUG-2026,NSE,bulk_deals,MVELECTRO,MV Electrosystems Limited,PRATIK VIRENDRA MANIYAR HUF,SELL,277359,733.59
28-AUG-2026,NSE,bulk_deals,MVELECTRO,MV Electrosystems Limited,MATHEWS VARUGHESE,SELL,139604,725.98
28-AUG-2026,NSE,bulk_deals,MVELECTRO,MV Electrosystems Limited,NK SECURITIES RESEARCH PRIVATE LIMITED,SELL,798842,728.06
28-AUG-2026,NSE,bulk_deals,MVELECTRO,MV Electrosystems Limited,IRAGE BROKING SERVICES LLP,SELL,419776,719.99
28-AUG-2026,NSE,bulk_deals,MVELECTRO,MV Electrosystems Limited,QE SECURITIES LLP,SELL,962574,711.99
28-AUG-2026,NSE,bulk_deals,MVELECTRO,MV Electrosystems Limited,MATHISYS QUANTCAP LLP,SELL,680900,719.3
28-AUG-2026,NSE,bulk_deals,MVELECTRO,MV Electrosystems Limited,HRTI PRIVATE LIMITED,SELL,514130,714.14
28-AUG-2026,NSE,bulk_deals,MVELECTRO,MV Electrosystems Limited,RAVI RAJAGOPALAN RAMA,SELL,187800,727.94
28-AUG-2026,NSE,bulk_deals,MVELECTRO,MV Electrosystems Limited,JUMP TRADING FINANCIAL INDIA PRIVATE LIMITED,SELL,472242,722.83
28-AUG-2026,NSE,bulk_deals,MVELECTRO,MV Electrosystems Limited,JUNOMONETA FINSOL PRIVATE LIMITED,SELL,1035909,718.01
28-AUG-2026,NSE,bulk_deals,MVELECTRO,MV Electrosystems Limited,MICROCURVES TRADING PRIVATE LIMITED,SELL,2019049,725.16
28-AUG-2026,NSE,bulk_deals,MVELECTRO,MV Electrosystems Limited,BLITZQUANT RESEARCH LLP,SELL,492138,719.42
28-AUG-2026,NSE,bulk_deals,OMAXE,Omaxe Limited,JUNOMONETA FINSOL PRIVATE LIMITED,SELL,1086607,127.24
28-AUG-2026,NSE,bulk_deals,OMAXE,Omaxe Limited,MICROCURVES TRADING PRIVATE LIMITED,SELL,1794017,129.89
28-AUG-2026,NSE,bulk_deals,RATNAVEER,Ratnaveer Precision Eng L,ARIHANT CAPITAL MARKETS LIMITED,SELL,1172661,297.3
28-AUG-2026,NSE,bulk_deals,RATNAVEER,Ratnaveer Precision Eng L,JUNOMONETA FINSOL PRIVATE LIMITED,SELL,368438,297.82
28-AUG-2026,NSE,bulk_deals,RATNAVEER,Ratnaveer Precision Eng L,HRTI PRIVATE LIMITED,SELL,625190,297.55
28-AUG-2026,NSE,bulk_deals,RULKA,Rulka Electricals Limited,GRATIAS VENTURES PRIVATE LIMITED,SELL,21600,111.33
28-AUG-2026,NSE,bulk_deals,SPAL,S. P. Apparels Limited,SUNDARARAJAN PERUMAL MUDALIAR,SELL,500000,925.0
28-AUG-2026,NSE,bulk_deals,SPRL,SP Refractories Limited,VANITA SANJAY BANSAL,SELL,32000,102.5
28-AUG-2026,NSE,bulk_deals,STAR,Strides Pharma ScienceLtd,SBI LIFE INSURANCE CO.LTD.,SELL,1000000,990.0
28-AUG-2026,NSE,bulk_deals,SUN-RE,Sunrest Life Ltd,MAHESH PRAKASH MHAPANKAR,SELL,25600,1.0
28-AUG-2026,NSE,bulk_deals,SUNSHINE,Sunshine Pictures Limited,MICROCURVES TRADING PRIVATE LIMITED,SELL,437928,420.03
28-AUG-2026,NSE,bulk_deals,SUNSHINE,Sunshine Pictures Limited,ARIHANT CAPITAL MARKETS LIMITED,SELL,1617627,419.99
28-AUG-2026,NSE,bulk_deals,SUNSHINE,Sunshine Pictures Limited,QE SECURITIES LLP,SELL,443835,415.87
28-AUG-2026,NSE,bulk_deals,SUNSHINE,Sunshine Pictures Limited,NK SECURITIES RESEARCH PRIVATE LIMITED,SELL,244406,422.69
28-AUG-2026,NSE,bulk_deals,SUNSHINE,Sunshine Pictures Limited,IRAGE BROKING SERVICES LLP,SELL,113851,419.71
28-AUG-2026,NSE,bulk_deals,SUNSHINE,Sunshine Pictures Limited,MATHISYS QUANTCAP LLP,SELL,338278,419.3
28-AUG-2026,NSE,bulk_deals,SUNSHINE,Sunshine Pictures Limited,JUNOMONETA FINSOL PRIVATE LIMITED,SELL,257334,421.01
28-AUG-2026,NSE,bulk_deals,TEJASNET,Tejas Networks Limited,QE SECURITIES LLP,SELL,1478799,561.32
28-AUG-2026,NSE,bulk_deals,TEJASNET,Tejas Networks Limited,HRTI PRIVATE LIMITED,SELL,955867,559.74
28-AUG-2026,NSE,bulk_deals,TEJASNET,Tejas Networks Limited,JUMP TRADING FINANCIAL INDIA PRIVATE LIMITED,SELL,1785079,560.78
28-AUG-2026,NSE,bulk_deals,TEJASNET,Tejas Networks Limited,GRAVITON RESEARCH CAPITAL LLP,SELL,906031,559.72
28-AUG-2026,NSE,bulk_deals,TEJASNET,Tejas Networks Limited,MICROCURVES TRADING PRIVATE LIMITED,SELL,2397531,560.7
28-AUG-2026,NSE,bulk_deals,TEJASNET,Tejas Networks Limited,JUNOMONETA FINSOL PRIVATE LIMITED,SELL,1529315,560.62
28-AUG-2026,NSE,bulk_deals,TEMPSENS,Tempsens Inst (India) Ltd,JUNOMONETA FINSOL PRIVATE LIMITED,SELL,1397338,588.79
28-AUG-2026,NSE,bulk_deals,TEMPSENS,Tempsens Inst (India) Ltd,GOLDMINE STOCKS PRIVATE LIMITED,SELL,579852,593.12
28-AUG-2026,NSE,bulk_deals,TEMPSENS,Tempsens Inst (India) Ltd,YUGA STOCKS AND COMMODITIES PRIVATE LIMITED,SELL,1033072,589.42
28-AUG-2026,NSE,bulk_deals,TEMPSENS,Tempsens Inst (India) Ltd,MARWADI CHANDARANA INTERMEDIARIES BROKERS PRIVATE LIMITED,SELL,673241,588.75
28-AUG-2026,NSE,bulk_deals,TEMPSENS,Tempsens Inst (India) Ltd,IRAGE BROKING SERVICES LLP,SELL,1706366,594.62
28-AUG-2026,NSE,bulk_deals,TEMPSENS,Tempsens Inst (India) Ltd,GRT STRATEGIC VENTURES LLP,SELL,1505110,599.97
28-AUG-2026,NSE,bulk_deals,TEMPSENS,Tempsens Inst (India) Ltd,NK SECURITIES RESEARCH PRIVATE LIMITED,SELL,1151516,581.8
28-AUG-2026,NSE,bulk_deals,TEMPSENS,Tempsens Inst (India) Ltd,PURE BROKING PRIVATE LIMITED,SELL,751896,588.92
28-AUG-2026,NSE,bulk_deals,TEMPSENS,Tempsens Inst (India) Ltd,PATRONUS TRADETECH LLP,SELL,887751,598.3
28-AUG-2026,NSE,bulk_deals,TEMPSENS,Tempsens Inst (India) Ltd,BLITZQUANT RESEARCH LLP,SELL,1309464,604.43
28-AUG-2026,NSE,bulk_deals,TEMPSENS,Tempsens Inst (India) Ltd,MICROCURVES TRADING PRIVATE LIMITED,SELL,1544877,581.1
28-AUG-2026,NSE,bulk_deals,WEL,Wonder Electricals Ltd,NEO APEX SHARE BROKING SERVICES LLP,SELL,1003343,99.8
28-AUG-2026,NSE,bulk_deals,XTRANET,Xtranet Technologies Ltd,NEO APEX SHARE BROKING SERVICES LLP,SELL,330016,197.11
28-AUG-2026,NSE,bulk_deals,XTRANET,Xtranet Technologies Ltd,TIGER STRATEGIES FUND -I,SELL,274240,182.02
28-AUG-2026,NSE,block_deals,ATHERENERG,Ather Energy Limited,HERO MOTOCORP LIMITED,BUY,11880000,1480.0
28-AUG-2026,NSE,block_deals,GENUSPOWER,Genus Power Infrastru Ltd,AART CORPORATE ADVISORS PRIVATE LIMITED,BUY,1386750,324.5
28-AUG-2026,NSE,block_deals,GENUSPOWER,Genus Power Infrastru Ltd,HSBC MUTUAL FUND,BUY,2191700,324.5
28-AUG-2026,NSE,block_deals,LENSKART,Lenskart Solutions Ltd,COPTHALL MAURITIUS INVESTMENT LIMITED,BUY,401901,630.0
28-AUG-2026,NSE,block_deals,LENSKART,Lenskart Solutions Ltd,GOLDMAN SACHS BANK EUROPE SE,BUY,985791,630.0
28-AUG-2026,NSE,block_deals,LENSKART,Lenskart Solutions Ltd,HDFC STANDARD LIFE INSURANCE COMPANY LTD,BUY,1269838,630.0
28-AUG-2026,NSE,block_deals,LENSKART,Lenskart Solutions Ltd,ICICI PRUDENTIAL LIFE INSURANCE COMPANY LIMITED,BUY,1428569,630.0
28-AUG-2026,NSE,block_deals,LENSKART,Lenskart Solutions Ltd,ICICI PRUDENTIAL MUTUAL FUND,BUY,6031747,630.0
28-AUG-2026,NSE,block_deals,LENSKART,Lenskart Solutions Ltd,INTEGRATED CORE STRATEGIES (ASIA) PTE.LTD.,BUY,758301,630.0
28-AUG-2026,NSE,block_deals,LENSKART,Lenskart Solutions Ltd,JIGNESH VIJAY SHAH,BUY,396827,630.0
28-AUG-2026,NSE,block_deals,LENSKART,Lenskart Solutions Ltd,MORGAN STANLEY ASIA SINGAPORE PTE,BUY,492896,630.0
28-AUG-2026,NSE,block_deals,LENSKART,Lenskart Solutions Ltd,MORGAN STANLEY ASIA SINGAPORE PTE,BUY,606641,630.0
28-AUG-2026,NSE,block_deals,LENSKART,Lenskart Solutions Ltd,SBI MUTUAL FUND,BUY,555556,630.0
28-AUG-2026,NSE,block_deals,LENSKART,Lenskart Solutions Ltd,SOCIETE GENERALE,BUY,397352,630.0
28-AUG-2026,NSE,block_deals,LENSKART,Lenskart Solutions Ltd,SUSQUEHANNA PACIFIC PTY LTD,BUY,401903,630.0
28-AUG-2026,NSE,block_deals,LENSKART,Lenskart Solutions Ltd,VIRIDIAN ASIA OPPORTUNITIES MASTER FUND,BUY,606639,630.0
28-AUG-2026,NSE,block_deals,LENSKART,Lenskart Solutions Ltd,BOFA SECURITIES EUROPE SA,BUY,606642,630.0
28-AUG-2026,NSE,block_deals,LENSKART,Lenskart Solutions Ltd,TM REDWHEEL GLOBAL EMERGING MARKETS FUND,BUY,87123,630.0
28-AUG-2026,NSE,block_deals,LENSKART,Lenskart Solutions Ltd,TEACHERS RETIREMENT SYSTEM OF THE STATE OF ILLINOIS,BUY,56018,630.0
28-AUG-2026,NSE,block_deals,LENSKART,Lenskart Solutions Ltd,WHITEOAK CAPITAL MUTUAL FUND,BUY,1587301,630.0
28-AUG-2026,NSE,block_deals,LENSKART,Lenskart Solutions Ltd,RETAIL EMPLOYEES SUPERANNUATION TRUST,BUY,313295,630.0
28-AUG-2026,NSE,block_deals,LENSKART,Lenskart Solutions Ltd,REDWHEEL GLOBAL EMERGING EQUITY FUND,BUY,85731,630.0
28-AUG-2026,NSE,block_deals,LENSKART,Lenskart Solutions Ltd,REDWHEEL FUNDS-REDWHEEL GLOBAL EMERGING MARKETS FUND,BUY,343376,630.0
28-AUG-2026,NSE,block_deals,LENSKART,Lenskart Solutions Ltd,BAJAJ LIFE INSURANCE LIMITED,BUY,793650,630.0
28-AUG-2026,NSE,block_deals,LENSKART,Lenskart Solutions Ltd,EDELWEISS MUTUAL FUND,BUY,793185,630.0
28-AUG-2026,NSE,block_deals,LENSKART,Lenskart Solutions Ltd,GHISALLO MASTER FUND LP,BUY,401900,630.0
28-AUG-2026,NSE,block_deals,LENSKART,Lenskart Solutions Ltd,KOTAK MAHINDRA MUTUAL FUND,BUY,409483,630.0
28-AUG-2026,NSE,block_deals,LENSKART,Lenskart Solutions Ltd,KUWAIT INVESTMENT AUTHORITY,BUY,340000,630.0
28-AUG-2026,NSE,block_deals,LENSKART,Lenskart Solutions Ltd,MOTILAL OSWAL MUTUAL FUND,BUY,793650,630.0
28-AUG-2026,NSE,block_deals,LENSKART,Lenskart Solutions Ltd,NATIONAL PENSION SYSTEM (NPS) TRUST,BUY,1190476,630.0
28-AUG-2026,NSE,block_deals,LENSKART,Lenskart Solutions Ltd,NATIONAL PENSION SYSTEM (NPS) TRUST,BUY,1904761,630.0
28-AUG-2026,NSE,block_deals,LENSKART,Lenskart Solutions Ltd,NATIONAL PENSION SYSTEM (NPS) TRUST,BUY,4761904,630.0
28-AUG-2026,NSE,block_deals,LENSKART,Lenskart Solutions Ltd,NIPPON INDIA INVESTMENT UNIT TRUST - NIPPON INDIA EQUITY FUND,BUY,100000,630.0
28-AUG-2026,NSE,block_deals,LENSKART,Lenskart Solutions Ltd,NIPPON INDIA INVESTMENT UNIT TRUST - NIPPON INDIA SMALL AND MID-CAP EF,BUY,14981,630.0
28-AUG-2026,NSE,block_deals,LENSKART,Lenskart Solutions Ltd,PACE INTERNATIONAL EMERGING MARKETS EQUITY INVESTMENTS,BUY,47664,630.0
28-AUG-2026,NSE,block_deals,LENSKART,Lenskart Solutions Ltd,REDWHEEL EMERGING MARKETS EQUITY MASTER FUND LIMITED,BUY,507569,630.0
28-AUG-2026,NSE,block_deals,SPAL,S. P. Apparels Limited,CARNELIAN ASSET MANAGEMENT & ADVISORS PRIVATE LIMITED,BUY,500000,925.0
28-AUG-2026,NSE,block_deals,STAR,Strides Pharma ScienceLtd,ARUN KUMAR PILLAI,BUY,1000000,990.0
28-AUG-2026,NSE,block_deals,ATHERENERG,Ather Energy Limited,GOVERNMENT OF SINGAPORE,SELL,11880000,1480.0
28-AUG-2026,NSE,block_deals,GENUSPOWER,Genus Power Infrastru Ltd,CHISWICK INVESTMENT PTE LTD,SELL,3578450,324.5
28-AUG-2026,NSE,block_deals,LENSKART,Lenskart Solutions Ltd,ALPHA WAVE VENTURES II LP,SELL,9838209,630.0
28-AUG-2026,NSE,block_deals,LENSKART,Lenskart Solutions Ltd,ALPHA WAVE VENTURES II LP,SELL,10419555,630.0
28-AUG-2026,NSE,block_deals,LENSKART,Lenskart Solutions Ltd,ALPHA WAVE VENTURES,SELL,4521048,630.0
28-AUG-2026,NSE,block_deals,LENSKART,Lenskart Solutions Ltd,ALPHA WAVE VENTURES LP,SELL,4693858,630.0
28-AUG-2026,NSE,block_deals,SPAL,S. P. Apparels Limited,SUNDARARAJAN PERUMAL MUDALIAR,SELL,500000,925.0
28-AUG-2026,NSE,block_deals,STAR,Strides Pharma ScienceLtd,SBI LIFE INSURANCE CO.LTD.,SELL,1000000,990.0
31/08/2026,BSE,bulk,544445,APL,PRAKRUTI R PALI,B,100000.0,123.88
31/08/2026,BSE,bulk,544445,APL,SNEHLATA MANOJ KATHOTIA,B,43000.0,119.1
31/08/2026,BSE,bulk,520121,ARCEEIN,RAMESH CHANDER GUPTA,S,186002.0,14.25
31/08/2026,BSE,bulk,520121,ARCEEIN,SADRAVYA MONEY MANAGEMENT  PVT LTD,B,186003.0,14.25
31/08/2026,BSE,bulk,538576,BHANDERI,PRAVINBHAI LABHUBHAI VAGHASIYA,S,21600.0,128.0
31/08/2026,BSE,bulk,538576,BHANDERI,PLENITUDE ENTERPRISES PRIVATE LIMITED,B,31200.0,128.0
31/08/2026,BSE,bulk,539335,CALLISTA,ESPS CAPITAL ADVISORS PVT LTD,S,30900.0,143.65
31/08/2026,BSE,bulk,539335,CALLISTA,KETAN RASHIKLAL DOSHI,B,20000.0,143.65
31/08/2026,BSE,bulk,526546,CHOKSILA,NEXUS GLOBAL OPPORTUNITIES FUND,B,161273.0,144.25
31/08/2026,BSE,bulk,526546,CHOKSILA,ASC CONSULTING PRIVATE LIMITED,S,43273.0,144.25
31/08/2026,BSE,bulk,526546,CHOKSILA,EMKAY COMMERCIAL COMPANY LIMITED,S,118000.0,144.25
31/08/2026,BSE,bulk,543960,CONCORDBIO,DSP MUTUAL FUND,B,1288114.0,1404.1
31/08/2026,BSE,bulk,543960,CONCORDBIO,1575773 ONTARIO INC,S,2092325.0,1404.1
31/08/2026,BSE,bulk,544807,CRAZY,ARIHANT CAPITAL MARKETS LIMITED,B,300000.0,57.0
31/08/2026,BSE,bulk,531502,ESARIND,NYD GROUP AND CO,B,496921.0,12.07
31/08/2026,BSE,bulk,531502,ESARIND,RAJKUMAR JAIN,S,191862.0,12.11
31/08/2026,BSE,bulk,531502,ESARIND,RAJKUMAR M JAIN HUF,S,122500.0,12.08
31/08/2026,BSE,bulk,531502,ESARIND,VANDANA JAIN,S,232500.0,12.0
31/08/2026,BSE,bulk,531502,ESARIND,MSB E TRADE SECURITIES LIMITED,S,477000.0,12.08
31/08/2026,BSE,bulk,531502,ESARIND,MSB E TRADE SECURITIES LIMITED,B,580600.0,12.04
31/08/2026,BSE,bulk,531486,FILME,VISAGAR FINANCIAL SERVICES LIMITED,S,350000.0,1.1
31/08/2026,BSE,bulk,531723,GATECH,RATHOD DIGVIJAYSINH RAJENDRASINH,B,10235631.0,1.12
31/08/2026,BSE,bulk,531592,GENPHARMA,RAJESH MIRCHUMAL SADHWANI,B,4000000.0,1.05
31/08/2026,BSE,bulk,544759,GLPL,AMOL LAXMIKANT MUJUMDAR,B,60000.0,41.0
31/08/2026,BSE,bulk,544759,GLPL,VEER SINGH THAKUR,S,60000.0,41.0
31/08/2026,BSE,bulk,513059,GSAUTO,BINDU GARG,S,82599.0,22.64
31/08/2026,BSE,bulk,544675,GTIL,KAMAL KUMAR DUGAR AND CO ( PROP : KAMAL KUMAR DUGAR),B,73600.0,102.98
31/08/2026,BSE,bulk,524238,GUJINJEC,RAJNIKANT KISHORKUMAR SHAH,B,900000.0,11.45
31/08/2026,BSE,bulk,524238,GUJINJEC,PATADIYA CHIRAGKUMAR RAJESHKUMAR,S,900030.0,11.45
31/08/2026,BSE,bulk,544630,HELLOJI,MAHABIR TRADEVENTURES LLP,S,26400.0,118.75
31/08/2026,BSE,bulk,542446,JONJUA,GUNVIT  GUPTA,S,255513.0,4.1
31/08/2026,BSE,bulk,542446,JONJUA,DEEPINDERSINGHSINGH,S,159093.0,4.1
31/08/2026,BSE,bulk,536073,JULIEN,SHAH DIPAK KANAYALAL,B,605000.0,1.18
31/08/2026,BSE,bulk,531778,KACHCHH,TUSHAR SHAMJIBHAI PATEL,S,27991.0,28.65
31/08/2026,BSE,bulk,526935,KALIND,ABHISHEK ASHVINBHAI KAMDAR,S,4941753.0,4.25
31/08/2026,BSE,bulk,526935,KALIND,ONIX RENEWABLE LIMITED,S,4799067.0,4.3
31/08/2026,BSE,bulk,526935,KALIND,JASANI DHARMENDRA BHAI BECHARBHAI,B,4845001.0,4.24
31/08/2026,BSE,bulk,539408,KUBERJI,NEO APEX SHARE BROKING SERVICES LLP,B,19104.0,56.22
31/08/2026,BSE,bulk,539408,KUBERJI,GREEN PEAKS ENTERPRISES LLP,B,20000.0,56.22
31/08/2026,BSE,bulk,544554,KVSCASTING,VASUNDHARA PRAKASH SHINDE,S,102000.0,90.96
31/08/2026,BSE,bulk,517320,MAGNUS,NEEL DAMJI BHANUSHALI,S,19000.0,26.29
31/08/2026,BSE,bulk,517320,MAGNUS,RAJESH KUMAR RATHORE,S,70000.0,23.96
31/08/2026,BSE,bulk,517320,MAGNUS,JAGID VANITABEN RAJENDRAPRASAD,B,104339.0,24.85
31/08/2026,BSE,bulk,517320,MAGNUS,JAGID VANITABEN RAJENDRAPRASAD,S,27674.0,26.3
31/08/2026,BSE,bulk,531281,MARBLE,RIDDISIDDHI BULLIONS LIMITED,B,281315.0,120.0
31/08/2026,BSE,bulk,531281,MARBLE,PSH CONSTRUCTIONS PRIVATE LIMITED,S,280000.0,120.0
31/08/2026,BSE,bulk,526143,MPL,SHAH DIPAK KANAYALAL,B,61000.0,7.49
31/08/2026,BSE,bulk,544851,MVELECTRO,IRAGE BROKING SERVICES LLP,S,197674.0,748.04
31/08/2026,BSE,bulk,544851,MVELECTRO,IRAGE BROKING SERVICES LLP,B,215740.0,746.67
31/08/2026,BSE,bulk,544851,MVELECTRO,HRTI PRIVATE LIMITED,B,159055.0,746.81
31/08/2026,BSE,bulk,544851,MVELECTRO,HRTI PRIVATE LIMITED,S,163224.0,747.07
31/08/2026,BSE,bulk,544260,NORTHARC,NEO PRIME FUND,B,900000.0,278.0
31/08/2026,BSE,bulk,544260,NORTHARC,SOCIETE GENERALE,B,1059166.0,278.0
31/08/2026,BSE,bulk,544260,NORTHARC,LEAPFROG FINANCIAL INCLUSION INDIA (II) LTD,S,3667000.0,278.0
31/08/2026,BSE,bulk,544260,NORTHARC,EIGHT ROADS INVESTMENTS MAURITIUS II LIMITED,S,4049000.0,279.9
31/08/2026,BSE,bulk,544260,NORTHARC,AUGUSTA INVESTMENTS II PTE LTD,S,2338129.0,278.0
31/08/2026,BSE,bulk,544260,NORTHARC,PLUTUS WEALTH MANAGEMENT LLP,B,3866906.0,278.0
31/08/2026,BSE,bulk,544260,NORTHARC,COHESION MK BEST IDEAS SUB-TRUST,B,2428057.0,278.0
31/08/2026,BSE,bulk,513119,ONIXSOLAR,ABHISHEK ASHVINBHAI KAMDAR,S,185514.0,331.3
31/08/2026,BSE,bulk,538647,PURSHOTTAM,SATABDI TRACOM PRIVATE LIMITED,S,172660.0,33.76
31/08/2026,BSE,bulk,538647,PURSHOTTAM,MANMAL MARKETING LIMITED,S,182512.0,33.8
31/08/2026,BSE,bulk,538647,PURSHOTTAM,ARSTU TRADELINKS LIMITED,S,218000.0,34.0
31/08/2026,BSE,bulk,538647,PURSHOTTAM,PRANIDHI VENTURES PRIVATE LIMITED,B,572563.0,33.9
31/08/2026,BSE,bulk,511116,QUADRANT,FINDOC INVESTMART PVT LTD,B,4464319.0,0.57
31/08/2026,BSE,bulk,532915,RELIGARE,ASHISH DHAWAN,B,1901448.0,237.0
31/08/2026,BSE,bulk,539669,RGF,PUSPJEET KUMAR,S,4457445.0,1.55
31/08/2026,BSE,bulk,539669,RGF,QAPLA INVESTMENTS,B,4483504.0,1.53
31/08/2026,BSE,bulk,542145,RONI,SHAILESH SURESH BAJAJ,B,3600.0,23.97
31/08/2026,BSE,bulk,542145,RONI,SHAILESH SURESH BAJAJ,S,66600.0,21.66
31/08/2026,BSE,bulk,544490,SHREEJISPG,JAINAM BROKING LIMITED,B,1062000.0,645.3
31/08/2026,BSE,bulk,538897,SHRINIWAS,GLASTON MARIO MENEZES,S,27250.0,17.14
31/08/2026,BSE,bulk,531499,SYBLY,MERCY  ABRAHAM,S,250003.0,1.2
31/08/2026,BSE,bulk,531499,SYBLY,AMIT JUGRAJ JAIN,B,190000.0,1.2
31/08/2026,BSE,block,544260,NORTHARC,SOCIETE GENERALE,B,1059166.0,278.0
31/08/2026,BSE,block,544260,NORTHARC,PLUTUS WEALTH MANAGEMENT LLP,B,1528777.0,278.0
31/08/2026,BSE,block,544260,NORTHARC,PLUTUS WEALTH MANAGEMENT LLP,B,2338129.0,278.0
31/08/2026,BSE,block,544260,NORTHARC,COHESION MK BEST IDEAS SUB-TRUST,B,1079057.0,278.0
31/08/2026,BSE,block,544260,NORTHARC,COHESION MK BEST IDEAS SUB-TRUST,B,1349000.0,278.0
31/08/2026,BSE,block,544260,NORTHARC,NEO PRIME FUND,B,900000.0,278.0
31/08/2026,BSE,block,544260,NORTHARC,ASHOKA INDIA EQUITY INVESTMENT TRUST PLC,B,621000.0,278.0
31/08/2026,BSE,block,544260,NORTHARC,INDIA ACORN FUND LTD,B,279000.0,278.0
31/08/2026,BSE,block,544260,NORTHARC,LEAPFROG FINANCIAL INCLUSION INDIA (II) LTD,S,1059166.0,278.0
31/08/2026,BSE,block,544260,NORTHARC,LEAPFROG FINANCIAL INCLUSION INDIA (II) LTD,S,1079057.0,278.0
31/08/2026,BSE,block,544260,NORTHARC,LEAPFROG FINANCIAL INCLUSION INDIA (II) LTD,S,1528777.0,278.0
31/08/2026,BSE,block,544260,NORTHARC,EIGHT ROADS INVESTMENTS MAURITIUS II LIMITED,S,900000.0,278.0
31/08/2026,BSE,block,544260,NORTHARC,EIGHT ROADS INVESTMENTS MAURITIUS II LIMITED,S,900000.0,278.0
31/08/2026,BSE,block,544260,NORTHARC,EIGHT ROADS INVESTMENTS MAURITIUS II LIMITED,S,1349000.0,278.0
31/08/2026,BSE,block,544260,NORTHARC,AUGUSTA INVESTMENTS II PTE LTD,S,2338129.0,278.0
31/08/2026,BSE,block,544490,SHREEJISPG,JAINAM BROKING LIMITED,B,531000.0,645.3
31/08/2026,BSE,block,544490,SHREEJISPG,JAINAM BROKING LIMITED,B,531000.0,645.3
31/08/2026,BSE,block,544490,SHREEJISPG,ASHOKKUMAR HARIDAS LAL,S,531000.0,645.3
31/08/2026,BSE,block,544490,SHREEJISPG,LAL JITENDRA HARIDAS,S,531000.0,645.3
02-SEP-2026,NSE,bulk_deals,ANNU,Annu Projects Limited,MUKESH CHAND JAIN,BUY,825000,72.0
02-SEP-2026,NSE,bulk_deals,ANNU,Annu Projects Limited,PR ENERGY AND MINCHEM PRIVATE LIMITED,BUY,600000,72.0
02-SEP-2026,NSE,bulk_deals,ANNU,Annu Projects Limited,INDUBALA MUKESHCHAND JAIN,BUY,467000,72.0
02-SEP-2026,NSE,bulk_deals,ANTELOPUS,Antelopus Selan Enrgy Ltd,MICROCURVES TRADING PRIVATE LIMITED,BUY,831463,900.1
02-SEP-2026,NSE,bulk_deals,ANTELOPUS,Antelopus Selan Enrgy Ltd,JUNOMONETA FINSOL PRIVATE LIMITED,BUY,493439,900.39
02-SEP-2026,NSE,bulk_deals,ANTELOPUS,Antelopus Selan Enrgy Ltd,QE SECURITIES LLP,BUY,177225,894.28
02-SEP-2026,NSE,bulk_deals,ANTELOPUS,Antelopus Selan Enrgy Ltd,GRT STRATEGIC VENTURES LLP,BUY,252850,900.11
02-SEP-2026,NSE,bulk_deals,ANTELOPUS,Antelopus Selan Enrgy Ltd,NK SECURITIES RESEARCH PRIVATE LIMITED,BUY,496962,899.49
02-SEP-2026,NSE,bulk_deals,ASTERDM,Aster DM Quality Care Ltd,UNION (MAURITIUS) HOLDINGS LIMITED,BUY,4609800,760.0
02-SEP-2026,NSE,bulk_deals,ATALREAL,Atal Realtech Limited,HRTI PRIVATE LIMITED,BUY,3154976,25.54
02-SEP-2026,NSE,bulk_deals,ATALREAL,Atal Realtech Limited,HJS SECURITIES PRIVATE LIMITED,BUY,1125024,25.63
02-SEP-2026,NSE,bulk_deals,ATALREAL,Atal Realtech Limited,GARG SIYA RAM,BUY,870000,25.2
02-SEP-2026,NSE,bulk_deals,ATALREAL,Atal Realtech Limited,L7 HITECH PRIVATE LIMITED,BUY,7185554,25.51
02-SEP-2026,NSE,bulk_deals,ATALREAL,Atal Realtech Limited,IMC INDIA SECURITIES PRIVATE LIMITED,BUY,303157,25.53
02-SEP-2026,NSE,bulk_deals,ATALREAL,Atal Realtech Limited,PRRSAAR COMMODITIES PVT LTD,BUY,752090,25.47
02-SEP-2026,NSE,bulk_deals,ATALREAL,Atal Realtech Limited,KARAN RASHMIKANT SHAH,BUY,600000,25.52
02-SEP-2026,NSE,bulk_deals,ATALREAL,Atal Realtech Limited,RATHOD DIGVIJAYSINH RAJENDRASINH,BUY,100000,25.65
02-SEP-2026,NSE,bulk_deals,ATALREAL,Atal Realtech Limited,JUNOMONETA FINSOL PRIVATE LIMITED,BUY,678750,25.6
02-SEP-2026,NSE,bulk_deals,ATALREAL,Atal Realtech Limited,BULLPULSE MARKETEDGE PRIVATE LIMITED,BUY,1125000,25.55
02-SEP-2026,NSE,bulk_deals,ATALREAL,Atal Realtech Limited,JIAUM BROKING LLP,BUY,1125000,25.53
02-SEP-2026,NSE,bulk_deals,ATALREAL,Atal Realtech Limited,QE SECURITIES LLP,BUY,2043662,25.45
02-SEP-2026,NSE,bulk_deals,ATALREAL,Atal Realtech Limited,CHAUBARA EATS PRIVATE LIMITED,BUY,1125000,25.55
02-SEP-2026,NSE,bulk_deals,BODALCHEM,Bodal Chemicals Ltd,JUNOMONETA FINSOL PRIVATE LIMITED,BUY,1194151,139.48
02-SEP-2026,NSE,bulk_deals,BODALCHEM,Bodal Chemicals Ltd,NK SECURITIES RESEARCH PRIVATE LIMITED,BUY,1088638,140.11
02-SEP-2026,NSE,bulk_deals,BODALCHEM,Bodal Chemicals Ltd,MICROCURVES TRADING PRIVATE LIMITED,BUY,2103735,142.04
02-SEP-2026,NSE,bulk_deals,CENTENKA,Century Enka Ltd,JUNOMONETA FINSOL PRIVATE LIMITED,BUY,338531,594.92
02-SEP-2026,NSE,bulk_deals,CENTENKA,Century Enka Ltd,BLITZQUANT RESEARCH LLP,BUY,164918,602.5
02-SEP-2026,NSE,bulk_deals,CENTENKA,Century Enka Ltd,VINSUL MAKARDI LTD,BUY,151790,599.88
02-SEP-2026,NSE,bulk_deals,CENTENKA,Century Enka Ltd,J4S FINANCIAL SOLUTIONS LLP,BUY,122281,597.23
02-SEP-2026,NSE,bulk_deals,CENTENKA,Century Enka Ltd,QE SECURITIES LLP,BUY,192236,595.74
02-SEP-2026,NSE,bulk_deals,CENTENKA,Century Enka Ltd,CLT RESEARCH TECH PRIVATE LTD,BUY,119782,592.04
02-SEP-2026,NSE,bulk_deals,CENTENKA,Century Enka Ltd,NK SECURITIES RESEARCH PRIVATE LIMITED,BUY,488570,598.26
02-SEP-2026,NSE,bulk_deals,CENTENKA,Century Enka Ltd,GRT STRATEGIC VENTURES LLP,BUY,222414,593.91
02-SEP-2026,NSE,bulk_deals,CENTENKA,Century Enka Ltd,IRAGE BROKING SERVICES LLP,BUY,267554,595.37
02-SEP-2026,NSE,bulk_deals,CENTENKA,Century Enka Ltd,SILVERLEAF CAPITAL SERVICES PRIVATE LIMITED,BUY,263746,599.3
02-SEP-2026,NSE,bulk_deals,E2ERAIL,E To E Trans Infra Ltd,RAMDOOT REALTORS PVT LTD,BUY,104800,338.1
02-SEP-2026,NSE,bulk_deals,EMSLIMITED,EMS Limited,MICROCURVES TRADING PRIVATE LIMITED,BUY,467743,399.52
02-SEP-2026,NSE,bulk_deals,EMSLIMITED,EMS Limited,QE SECURITIES LLP,BUY,311303,395.49
02-SEP-2026,NSE,bulk_deals,EMSLIMITED,EMS Limited,NK SECURITIES RESEARCH PRIVATE LIMITED,BUY,305307,397.66
02-SEP-2026,NSE,bulk_deals,EMSLIMITED,EMS Limited,JUNOMONETA FINSOL PRIVATE LIMITED,BUY,401057,397.31
02-SEP-2026,NSE,bulk_deals,GCSL,Gretex Corporate Services,MANSUKH SECURITIES & FINANCE LIMITED,BUY,147754,568.74
02-SEP-2026,NSE,bulk_deals,GSMFOILS,GSM Foils Limited,MULTIPLIER SHARE & STOCK ADVISORS PRIVATE LIMITED,BUY,48000,123.67
02-SEP-2026,NSE,bulk_deals,GSMFOILS,GSM Foils Limited,NEO APEX SHARE BROKING SERVICES LLP,BUY,229500,123.15
02-SEP-2026,NSE,bulk_deals,IFCI,IFCI Ltd.,HRTI PRIVATE LIMITED,BUY,13512615,96.01
02-SEP-2026,NSE,bulk_deals,IFCI,IFCI Ltd.,JUMP TRADING FINANCIAL INDIA PRIVATE LIMITED,BUY,15628262,95.29
02-SEP-2026,NSE,bulk_deals,IFCI,IFCI Ltd.,JUNOMONETA FINSOL PRIVATE LIMITED,BUY,14694475,95.87
02-SEP-2026,NSE,bulk_deals,IFCI,IFCI Ltd.,MICROCURVES TRADING PRIVATE LIMITED,BUY,21355787,96.28
02-SEP-2026,NSE,bulk_deals,INDOCO,Indoco Remedies Limited,NK SECURITIES RESEARCH PRIVATE LIMITED,BUY,763047,275.58
02-SEP-2026,NSE,bulk_deals,INDOCO,Indoco Remedies Limited,MICROCURVES TRADING PRIVATE LIMITED,BUY,909179,275.73
02-SEP-2026,NSE,bulk_deals,INDOCO,Indoco Remedies Limited,JUNOMONETA FINSOL PRIVATE LIMITED,BUY,961463,275.4
02-SEP-2026,NSE,bulk_deals,INDOTHAI,Indo Thai Sec Ltd,NEO APEX SHARE BROKING SERVICES LLP,BUY,3457798,39.64
02-SEP-2026,NSE,bulk_deals,INDOTHAI,Indo Thai Sec Ltd,MANSI SHARE AND STOCK BROKING PRIVATE LIMITED,BUY,10,39.61
02-SEP-2026,NSE,bulk_deals,KSHITIJ-RE,Kshitij Polyline Ltd,BHAVISHYA ECOMMERCE PRIVATE LIMITED,BUY,500000,0.06
02-SEP-2026,NSE,bulk_deals,KSHITIJ-RE,Kshitij Polyline Ltd,VENKATESAN MANI,BUY,660000,0.06
02-SEP-2026,NSE,bulk_deals,KSHITIJ-RE,Kshitij Polyline Ltd,MUKESH KUMAR GEHLOT,BUY,4200000,0.06
02-SEP-2026,NSE,bulk_deals,KSHITIJ-RE,Kshitij Polyline Ltd,N J SHARES & SECURITIES PVT.LTD.,BUY,500000,0.06
02-SEP-2026,NSE,bulk_deals,MARKOLINES,Markolines Pavement Tec L,VISTAAR TRADING SERVICE PRIVATE LIMITED,BUY,184834,173.21
02-SEP-2026,NSE,bulk_deals,MOTISONS,Motisons Jewellers Ltd,ARIHANT CAPITAL MARKETS LIMITED,BUY,5921148,15.76
02-SEP-2026,NSE,bulk_deals,MVELECTRO,MV Electrosystems Limited,HRTI PRIVATE LIMITED,BUY,157130,696.5
02-SEP-2026,NSE,bulk_deals,NICCOPAR,Nicco Parks & Resorts Ltd,NICCO ENGINEERING SERVICES LIMITED,BUY,388988,81.42
02-SEP-2026,NSE,bulk_deals,OMAXE,Omaxe Limited,HRTI PRIVATE LIMITED,BUY,2308956,130.6
02-SEP-2026,NSE,bulk_deals,OMAXE,Omaxe Limited,QE SECURITIES LLP,BUY,1398435,129.99
02-SEP-2026,NSE,bulk_deals,OMAXE,Omaxe Limited,JUNOMONETA FINSOL PRIVATE LIMITED,BUY,2402323,130.57
02-SEP-2026,NSE,bulk_deals,PAR,Par Drugs and Chem Ltd,NIKUNJ SHAH,BUY,111838,167.62
02-SEP-2026,NSE,bulk_deals,PAR,Par Drugs and Chem Ltd,NK SECURITIES RESEARCH PRIVATE LIMITED,BUY,73318,158.87
02-SEP-2026,NSE,bulk_deals,PINELABS,Pine Labs Limited,ICICI PRUDENTIAL LIFE INSURANCE COMPANY LIMITED,BUY,10315925,155.1
02-SEP-2026,NSE,bulk_deals,RAMBHAJO,Advit Jewels Limited,NAVRATRI SHARE TRADING PRIVATE LIMITED,BUY,230000,237.42
02-SEP-2026,NSE,bulk_deals,RBZJEWEL,RBZ Jewellers Limited,MICROCURVES TRADING PRIVATE LIMITED,BUY,371130,165.9
02-SEP-2026,NSE,bulk_deals,RBZJEWEL,RBZ Jewellers Limited,QICAP MARKETS LLP,BUY,200115,167.34
02-SEP-2026,NSE,bulk_deals,RBZJEWEL,RBZ Jewellers Limited,SILVERLEAF CAPITAL SERVICES PRIVATE LIMITED,BUY,345879,165.83
02-SEP-2026,NSE,bulk_deals,RBZJEWEL,RBZ Jewellers Limited,QE SECURITIES LLP,BUY,315329,167.64
02-SEP-2026,NSE,bulk_deals,RBZJEWEL,RBZ Jewellers Limited,NK SECURITIES RESEARCH PRIVATE LIMITED,BUY,268997,167.22
02-SEP-2026,NSE,bulk_deals,RBZJEWEL,RBZ Jewellers Limited,ALPHAGREP SECURITIES PRIVATE LIMITED,BUY,324285,169.9
02-SEP-2026,NSE,bulk_deals,RBZJEWEL,RBZ Jewellers Limited,JUNOMONETA FINSOL PRIVATE LIMITED,BUY,535539,166.23
02-SEP-2026,NSE,bulk_deals,RCDL-RE,Rajgor Cast Derivati Ltd,AKASH KUMAR,BUY,138000,1.94
02-SEP-2026,NSE,bulk_deals,SAHLIBHFI,Shalibhadra Finance Ltd,PIYUSH SECURITIES PRIVATE LIMITED,BUY,149364,80.39
02-SEP-2026,NSE,bulk_deals,SAHLIBHFI,Shalibhadra Finance Ltd,PH CAPITAL LIMITED,BUY,250000,87.02
02-SEP-2026,NSE,bulk_deals,SHIVAUM,Shiv Aum Steels Limited,ARIHANT CAPITAL MARKETS LIMITED,BUY,2052,446.7
02-SEP-2026,NSE,bulk_deals,SHIVAUM,Shiv Aum Steels Limited,SIDHANT  SACHDEV,BUY,104469,430.0
02-SEP-2026,NSE,bulk_deals,SILGO,Silgo Retail Limited,NITIN JAIN,BUY,200000,70.5
02-SEP-2026,NSE,bulk_deals,SKYWAYS,Skyways Air Services Ltd,JUNOMONETA FINSOL PRIVATE LIMITED,BUY,1086834,130.29
02-SEP-2026,NSE,bulk_deals,SUMAX,Sumax Engineering Limited,KOMALAY INVESTRADE PRIVATE LIMITED,BUY,225600,111.0
02-SEP-2026,NSE,bulk_deals,SUMAX,Sumax Engineering Limited,MANSI SHARE AND STOCK BROKING PRIVATE LIMITED,BUY,129600,111.0
02-SEP-2026,NSE,bulk_deals,SUMAX,Sumax Engineering Limited,LONGTHRIVE CAPITAL VCC - TRENDVIEW CAPITAL FUND,BUY,189600,111.0
02-SEP-2026,NSE,bulk_deals,SUMAX,Sumax Engineering Limited,KIFS  ENTERPRISE,BUY,100800,113.86
02-SEP-2026,NSE,bulk_deals,SUNSHINE,Sunshine Pictures Limited,ARIHANT CAPITAL MARKETS LIMITED,BUY,284157,453.9
02-SEP-2026,NSE,bulk_deals,SYMBIOTEC,Symbiotec Pharmalab Ltd,JUNOMONETA FINSOL PRIVATE LIMITED,BUY,357516,1123.4
02-SEP-2026,NSE,bulk_deals,TBZ,Trib Bhimji Zaveri Ltd,MATHISYS QUANTCAP LLP,BUY,421013,399.42
02-SEP-2026,NSE,bulk_deals,TBZ,Trib Bhimji Zaveri Ltd,HRTI PRIVATE LIMITED,BUY,1508567,399.76
02-SEP-2026,NSE,bulk_deals,TBZ,Trib Bhimji Zaveri Ltd,JUNOMONETA FINSOL PRIVATE LIMITED,BUY,792246,402.13
02-SEP-2026,NSE,bulk_deals,TBZ,Trib Bhimji Zaveri Ltd,MICROCURVES TRADING PRIVATE LIMITED,BUY,1489617,406.04
02-SEP-2026,NSE,bulk_deals,TBZ,Trib Bhimji Zaveri Ltd,VINSUL MAKARDI LTD,BUY,399011,405.89
02-SEP-2026,NSE,bulk_deals,TBZ,Trib Bhimji Zaveri Ltd,MUSIGMA SECURITIES,BUY,448854,401.36
02-SEP-2026,NSE,bulk_deals,TBZ,Trib Bhimji Zaveri Ltd,NK SECURITIES RESEARCH PRIVATE LIMITED,BUY,459742,404.55
02-SEP-2026,NSE,bulk_deals,TBZ,Trib Bhimji Zaveri Ltd,IRAGE BROKING SERVICES LLP,BUY,479360,405.37
02-SEP-2026,NSE,bulk_deals,TBZ,Trib Bhimji Zaveri Ltd,QE SECURITIES LLP,BUY,1353171,401.81
02-SEP-2026,NSE,bulk_deals,TEMBO,Tembo Global Ind Ltd,SHREY JAIN,BUY,1084401,56.62
02-SEP-2026,NSE,bulk_deals,TEMPSENS,Tempsens Inst (India) Ltd,MATHISYS QUANTCAP LLP,BUY,533152,568.49
02-SEP-2026,NSE,bulk_deals,TEMPSENS,Tempsens Inst (India) Ltd,MICROCURVES TRADING PRIVATE LIMITED,BUY,902986,569.87
02-SEP-2026,NSE,bulk_deals,TEMPSENS,Tempsens Inst (India) Ltd,QE SECURITIES LLP,BUY,468489,567.63
02-SEP-2026,NSE,bulk_deals,TEMPSENS,Tempsens Inst (India) Ltd,JUNOMONETA FINSOL PRIVATE LIMITED,BUY,1288309,568.95
02-SEP-2026,NSE,bulk_deals,WEL,Wonder Electricals Ltd,NEXUS GLOBAL OPPORTUNITIES FUND,BUY,1522898,75.85
02-SEP-2026,NSE,bulk_deals,ALOKINDS,Alok Industries Limited,JM FINANCIAL ASSET RECONSTRUCTION COMPANY LIMITED,SELL,35000000,7.44
02-SEP-2026,NSE,bulk_deals,ANNU,Annu Projects Limited,CHANAKYA OPPORTUNITIES FUND I,SELL,668650,75.6
02-SEP-2026,NSE,bulk_deals,ANTELOPUS,Antelopus Selan Enrgy Ltd,GRT STRATEGIC VENTURES LLP,SELL,252850,900.45
02-SEP-2026,NSE,bulk_deals,ANTELOPUS,Antelopus Selan Enrgy Ltd,QE SECURITIES LLP,SELL,179151,906.12
02-SEP-2026,NSE,bulk_deals,ANTELOPUS,Antelopus Selan Enrgy Ltd,JUNOMONETA FINSOL PRIVATE LIMITED,SELL,477798,899.19
02-SEP-2026,NSE,bulk_deals,ANTELOPUS,Antelopus Selan Enrgy Ltd,MICROCURVES TRADING PRIVATE LIMITED,SELL,831463,900.6
02-SEP-2026,NSE,bulk_deals,ANTELOPUS,Antelopus Selan Enrgy Ltd,NK SECURITIES RESEARCH PRIVATE LIMITED,SELL,497342,899.92
02-SEP-2026,NSE,bulk_deals,ASTERDM,Aster DM Quality Care Ltd,CENTELLA MAURITIUS HOLDINGS LIMITED,SELL,4609800,760.0
02-SEP-2026,NSE,bulk_deals,ATALREAL,Atal Realtech Limited,RATHOD DIGVIJAYSINH RAJENDRASINH,SELL,775000,25.58
02-SEP-2026,NSE,bulk_deals,ATALREAL,Atal Realtech Limited,MAHESH MULCHAND WAGHELA,SELL,2210000,25.42
02-SEP-2026,NSE,bulk_deals,ATALREAL,Atal Realtech Limited,KARAN RASHMIKANT SHAH,SELL,633834,25.69
02-SEP-2026,NSE,bulk_deals,ATALREAL,Atal Realtech Limited,PRRSAAR COMMODITIES PVT LTD,SELL,752090,25.54
02-SEP-2026,NSE,bulk_deals,ATALREAL,Atal Realtech Limited,CHAUBARA EATS PRIVATE LIMITED,SELL,1125000,25.63
02-SEP-2026,NSE,bulk_deals,ATALREAL,Atal Realtech Limited,L7 HITECH PRIVATE LIMITED,SELL,7085545,25.45
02-SEP-2026,NSE,bulk_deals,ATALREAL,Atal Realtech Limited,HARENDRA M PARIKH,SELL,700000,25.53
02-SEP-2026,NSE,bulk_deals,ATALREAL,Atal Realtech Limited,HJS SECURITIES PRIVATE LIMITED,SELL,1125024,25.53
02-SEP-2026,NSE,bulk_deals,ATALREAL,Atal Realtech Limited,MAHESH MULCHAND WAGHELA,SELL,785019,25.21
02-SEP-2026,NSE,bulk_deals,ATALREAL,Atal Realtech Limited,JIAUM BROKING LLP,SELL,1125000,25.55
02-SEP-2026,NSE,bulk_deals,ATALREAL,Atal Realtech Limited,BULLPULSE MARKETEDGE PRIVATE LIMITED,SELL,1125000,25.55
02-SEP-2026,NSE,bulk_deals,ATALREAL,Atal Realtech Limited,IMC INDIA SECURITIES PRIVATE LIMITED,SELL,757553,25.5
02-SEP-2026,NSE,bulk_deals,ATALREAL,Atal Realtech Limited,JUNOMONETA FINSOL PRIVATE LIMITED,SELL,687056,25.56
02-SEP-2026,NSE,bulk_deals,ATALREAL,Atal Realtech Limited,HRTI PRIVATE LIMITED,SELL,2894091,25.61
02-SEP-2026,NSE,bulk_deals,ATALREAL,Atal Realtech Limited,QE SECURITIES LLP,SELL,2047883,25.55
02-SEP-2026,NSE,bulk_deals,BIOPOL,Biopol Chemicals Limited,NEO APEX SHARE BROKING SERVICES LLP,SELL,57600,41.55
02-SEP-2026,NSE,bulk_deals,BODALCHEM,Bodal Chemicals Ltd,MICROCURVES TRADING PRIVATE LIMITED,SELL,2103735,142.12
02-SEP-2026,NSE,bulk_deals,BODALCHEM,Bodal Chemicals Ltd,NK SECURITIES RESEARCH PRIVATE LIMITED,SELL,1088638,140.2
02-SEP-2026,NSE,bulk_deals,BODALCHEM,Bodal Chemicals Ltd,JUNOMONETA FINSOL PRIVATE LIMITED,SELL,1206051,139.61
02-SEP-2026,NSE,bulk_deals,CENTENKA,Century Enka Ltd,J4S FINANCIAL SOLUTIONS LLP,SELL,122281,597.56
02-SEP-2026,NSE,bulk_deals,CENTENKA,Century Enka Ltd,SILVERLEAF CAPITAL SERVICES PRIVATE LIMITED,SELL,263746,599.54
02-SEP-2026,NSE,bulk_deals,CENTENKA,Century Enka Ltd,NK SECURITIES RESEARCH PRIVATE LIMITED,SELL,488570,598.7
02-SEP-2026,NSE,bulk_deals,CENTENKA,Century Enka Ltd,JUNOMONETA FINSOL PRIVATE LIMITED,SELL,341421,595.26
02-SEP-2026,NSE,bulk_deals,CENTENKA,Century Enka Ltd,VINSUL MAKARDI LTD,SELL,151790,601.09
02-SEP-2026,NSE,bulk_deals,CENTENKA,Century Enka Ltd,CLT RESEARCH TECH PRIVATE LTD,SELL,119782,592.27
02-SEP-2026,NSE,bulk_deals,CENTENKA,Century Enka Ltd,GRT STRATEGIC VENTURES LLP,SELL,222414,594.16
02-SEP-2026,NSE,bulk_deals,CENTENKA,Century Enka Ltd,IRAGE BROKING SERVICES LLP,SELL,243119,596.16
02-SEP-2026,NSE,bulk_deals,CENTENKA,Century Enka Ltd,BLITZQUANT RESEARCH LLP,SELL,164918,602.81
02-SEP-2026,NSE,bulk_deals,CENTENKA,Century Enka Ltd,QE SECURITIES LLP,SELL,178820,598.08
02-SEP-2026,NSE,bulk_deals,E2ERAIL,E To E Trans Infra Ltd,RAMDOOT REALTORS PVT LTD,SELL,104800,335.25
02-SEP-2026,NSE,bulk_deals,EMSLIMITED,EMS Limited,NK SECURITIES RESEARCH PRIVATE LIMITED,SELL,305307,397.87
02-SEP-2026,NSE,bulk_deals,EMSLIMITED,EMS Limited,QE SECURITIES LLP,SELL,292163,399.33
02-SEP-2026,NSE,bulk_deals,EMSLIMITED,EMS Limited,JUNOMONETA FINSOL PRIVATE LIMITED,SELL,409097,397.62
02-SEP-2026,NSE,bulk_deals,EMSLIMITED,EMS Limited,MICROCURVES TRADING PRIVATE LIMITED,SELL,467743,399.77
02-SEP-2026,NSE,bulk_deals,GCSL,Gretex Corporate Services,MANSUKH SECURITIES & FINANCE LIMITED,SELL,100779,571.31
02-SEP-2026,NSE,bulk_deals,GSMFOILS,GSM Foils Limited,MULTIPLIER SHARE & STOCK ADVISORS PRIVATE LIMITED,SELL,78000,127.32
02-SEP-2026,NSE,bulk_deals,GSMFOILS,GSM Foils Limited,NEO APEX SHARE BROKING SERVICES LLP,SELL,94500,127.34
02-SEP-2026,NSE,bulk_deals,HPTL,HP Telecom India Limited,NITESH KUMAR MANJIBHAI PATEL,SELL,69600,312.0
02-SEP-2026,NSE,bulk_deals,IFCI,IFCI Ltd.,HRTI PRIVATE LIMITED,SELL,11288955,95.91
02-SEP-2026,NSE,bulk_deals,IFCI,IFCI Ltd.,MICROCURVES TRADING PRIVATE LIMITED,SELL,21356050,96.32
02-SEP-2026,NSE,bulk_deals,IFCI,IFCI Ltd.,JUMP TRADING FINANCIAL INDIA PRIVATE LIMITED,SELL,15628262,95.58
02-SEP-2026,NSE,bulk_deals,IFCI,IFCI Ltd.,JUNOMONETA FINSOL PRIVATE LIMITED,SELL,14812881,95.93
02-SEP-2026,NSE,bulk_deals,INDOCO,Indoco Remedies Limited,MICROCURVES TRADING PRIVATE LIMITED,SELL,909179,275.97
02-SEP-2026,NSE,bulk_deals,INDOCO,Indoco Remedies Limited,JUNOMONETA FINSOL PRIVATE LIMITED,SELL,982902,275.49
02-SEP-2026,NSE,bulk_deals,INDOCO,Indoco Remedies Limited,NK SECURITIES RESEARCH PRIVATE LIMITED,SELL,763047,275.76
02-SEP-2026,NSE,bulk_deals,INDOTHAI,Indo Thai Sec Ltd,NEO APEX SHARE BROKING SERVICES LLP,SELL,560678,39.75
02-SEP-2026,NSE,bulk_deals,INDOTHAI,Indo Thai Sec Ltd,MANSI SHARE AND STOCK BROKING PRIVATE LIMITED,SELL,2255821,39.61
02-SEP-2026,NSE,bulk_deals,KSHITIJ-RE,Kshitij Polyline Ltd,DINESH SARAN,SELL,700000,0.06
02-SEP-2026,NSE,bulk_deals,KSHITIJ-RE,Kshitij Polyline Ltd,DEENA RAM CHAUDHARY HUF,SELL,2200000,0.06
02-SEP-2026,NSE,bulk_deals,KSHITIJ-RE,Kshitij Polyline Ltd,SUBHASH CHANDRA,SELL,1797226,0.06
02-SEP-2026,NSE,bulk_deals,KSHITIJ-RE,Kshitij Polyline Ltd,BHAVISHYA ECOMMERCE PRIVATE LIMITED,SELL,49323,0.06
02-SEP-2026,NSE,bulk_deals,KSHITIJ-RE,Kshitij Polyline Ltd,SRIHARSHA POLAVARAPU,SELL,450000,0.06
02-SEP-2026,NSE,bulk_deals,KSHITIJ-RE,Kshitij Polyline Ltd,SUMITRA,SELL,350000,0.06
02-SEP-2026,NSE,bulk_deals,LAMOSAIC,Lamosaic India Limited,ACME CAPITAL MARKET LIMITED,SELL,65400,61.0
02-SEP-2026,NSE,bulk_deals,MALLCOM,Mallcom (India) Limited,BIMAL KUMAR BIJAY KUMAR (P) LIMITED,SELL,32164,1034.48
02-SEP-2026,NSE,bulk_deals,MARKOLINES,Markolines Pavement Tec L,VISTAAR TRADING SERVICE PRIVATE LIMITED,SELL,187118,172.85
02-SEP-2026,NSE,bulk_deals,MOTISONS,Motisons Jewellers Ltd,ARIHANT CAPITAL MARKETS LIMITED,SELL,5821148,15.54
02-SEP-2026,NSE,bulk_deals,MVELECTRO,MV Electrosystems Limited,HRTI PRIVATE LIMITED,SELL,125896,704.79
02-SEP-2026,NSE,bulk_deals,NICCOPAR,Nicco Parks & Resorts Ltd,ANGSHUMAN GHOSH,SELL,388000,81.43
02-SEP-2026,NSE,bulk_deals,OMAXE,Omaxe Limited,HRTI PRIVATE LIMITED,SELL,2285174,130.86
02-SEP-2026,NSE,bulk_deals,OMAXE,Omaxe Limited,JUNOMONETA FINSOL PRIVATE LIMITED,SELL,2406502,130.66
02-SEP-2026,NSE,bulk_deals,OMAXE,Omaxe Limited,QE SECURITIES LLP,SELL,1398633,130.47
02-SEP-2026,NSE,bulk_deals,PAR,Par Drugs and Chem Ltd,NK SECURITIES RESEARCH PRIVATE LIMITED,SELL,73318,159.08
02-SEP-2026,NSE,bulk_deals,PAR,Par Drugs and Chem Ltd,NIKUNJ SHAH,SELL,62138,168.5
02-SEP-2026,NSE,bulk_deals,PINELABS,Pine Labs Limited,ALPHA WAVE VENTURES II LP,SELL,35456317,155.1
02-SEP-2026,NSE,bulk_deals,RBZJEWEL,RBZ Jewellers Limited,QE SECURITIES LLP,SELL,320517,167.52
02-SEP-2026,NSE,bulk_deals,RBZJEWEL,RBZ Jewellers Limited,QICAP MARKETS LLP,SELL,200115,167.27
02-SEP-2026,NSE,bulk_deals,RBZJEWEL,RBZ Jewellers Limited,MICROCURVES TRADING PRIVATE LIMITED,SELL,371130,165.67
02-SEP-2026,NSE,bulk_deals,RBZJEWEL,RBZ Jewellers Limited,ALPHAGREP SECURITIES PRIVATE LIMITED,SELL,324285,169.09
02-SEP-2026,NSE,bulk_deals,RBZJEWEL,RBZ Jewellers Limited,SILVERLEAF CAPITAL SERVICES PRIVATE LIMITED,SELL,345879,165.76
02-SEP-2026,NSE,bulk_deals,RBZJEWEL,RBZ Jewellers Limited,GEETANSHU LODHA,SELL,411411,174.18
02-SEP-2026,NSE,bulk_deals,RBZJEWEL,RBZ Jewellers Limited,NK SECURITIES RESEARCH PRIVATE LIMITED,SELL,268997,167.27
02-SEP-2026,NSE,bulk_deals,RBZJEWEL,RBZ Jewellers Limited,JUNOMONETA FINSOL PRIVATE LIMITED,SELL,536263,166.31
02-SEP-2026,NSE,bulk_deals,RCDL-RE,Rajgor Cast Derivati Ltd,FIVEX CAPITAL VCC - FIVEX EMERGING STAR FUND,SELL,303000,1.84
02-SEP-2026,NSE,bulk_deals,SAHLIBHFI,Shalibhadra Finance Ltd,PIYUSH SECURITIES PRIVATE LIMITED,SELL,642640,86.46
02-SEP-2026,NSE,bulk_deals,SANGINITA,Sanginita Chemicals Limit,SHAH  JAYESHKUMAR,SELL,1087160,58.64
02-SEP-2026,NSE,bulk_deals,SHIVAUM,Shiv Aum Steels Limited,ARIHANT CAPITAL MARKETS LIMITED,SELL,105239,430.07
02-SEP-2026,NSE,bulk_deals,SILGO,Silgo Retail Limited,BELA AGRAWAL,SELL,200000,70.5
02-SEP-2026,NSE,bulk_deals,SKYWAYS,Skyways Air Services Ltd,JUNOMONETA FINSOL PRIVATE LIMITED,SELL,1086834,130.35
02-SEP-2026,NSE,bulk_deals,SUNSHINE,Sunshine Pictures Limited,ARIHANT CAPITAL MARKETS LIMITED,SELL,288976,458.63
02-SEP-2026,NSE,bulk_deals,SYMBIOTEC,Symbiotec Pharmalab Ltd,JUNOMONETA FINSOL PRIVATE LIMITED,SELL,357516,1123.68
02-SEP-2026,NSE,bulk_deals,TBZ,Trib Bhimji Zaveri Ltd,MICROCURVES TRADING PRIVATE LIMITED,SELL,1488796,406.13
02-SEP-2026,NSE,bulk_deals,TBZ,Trib Bhimji Zaveri Ltd,NK SECURITIES RESEARCH PRIVATE LIMITED,SELL,460134,404.73
02-SEP-2026,NSE,bulk_deals,TBZ,Trib Bhimji Zaveri Ltd,HRTI PRIVATE LIMITED,SELL,1536260,401.15
02-SEP-2026,NSE,bulk_deals,TBZ,Trib Bhimji Zaveri Ltd,IRAGE BROKING SERVICES LLP,SELL,414038,405.92
02-SEP-2026,NSE,bulk_deals,TBZ,Trib Bhimji Zaveri Ltd,QE SECURITIES LLP,SELL,1337255,401.22
02-SEP-2026,NSE,bulk_deals,TBZ,Trib Bhimji Zaveri Ltd,JUNOMONETA FINSOL PRIVATE LIMITED,SELL,805619,402.35
02-SEP-2026,NSE,bulk_deals,TBZ,Trib Bhimji Zaveri Ltd,VINSUL MAKARDI LTD,SELL,399011,405.64
02-SEP-2026,NSE,bulk_deals,TBZ,Trib Bhimji Zaveri Ltd,MUSIGMA SECURITIES,SELL,448854,401.53
02-SEP-2026,NSE,bulk_deals,TBZ,Trib Bhimji Zaveri Ltd,MATHISYS QUANTCAP LLP,SELL,419386,398.73
02-SEP-2026,NSE,bulk_deals,TEMBO,Tembo Global Ind Ltd,SHREY JAIN,SELL,1084401,56.53
02-SEP-2026,NSE,bulk_deals,TEMPSENS,Tempsens Inst (India) Ltd,MICROCURVES TRADING PRIVATE LIMITED,SELL,902986,570.09
02-SEP-2026,NSE,bulk_deals,TEMPSENS,Tempsens Inst (India) Ltd,JUNOMONETA FINSOL PRIVATE LIMITED,SELL,1292492,569.1
02-SEP-2026,NSE,bulk_deals,TEMPSENS,Tempsens Inst (India) Ltd,QE SECURITIES LLP,SELL,482966,566.94
02-SEP-2026,NSE,bulk_deals,TEMPSENS,Tempsens Inst (India) Ltd,MATHISYS QUANTCAP LLP,SELL,529946,567.83
02-SEP-2026,NSE,block_deals,ASTERDM,Aster DM Quality Care Ltd,UNION (MAURITIUS) HOLDINGS LIMITED,BUY,4609800,760.0
02-SEP-2026,NSE,block_deals,PINELABS,Pine Labs Limited,ICICI PRUDENTIAL LIFE INSURANCE COMPANY LIMITED,BUY,10315925,155.1
02-SEP-2026,NSE,block_deals,PINELABS,Pine Labs Limited,SOCIETE GENERALE,BUY,4531963,155.1
02-SEP-2026,NSE,block_deals,PINELABS,Pine Labs Limited,EDELWEISS MUTUAL FUND,BUY,2578981,155.1
02-SEP-2026,NSE,block_deals,PINELABS,Pine Labs Limited,GOLDMAN SACHS INVESTMENTS MAURITIUS I LIMITED,BUY,4162862,155.1
02-SEP-2026,NSE,block_deals,PINELABS,Pine Labs Limited,VIRIDIAN ASIA OPPORTUNITIES MASTER FUND,BUY,4132253,155.1
02-SEP-2026,NSE,block_deals,PINELABS,Pine Labs Limited,INTEGRATED CORE STRATEGIES (ASIA) PTE.LTD.,BUY,2450000,155.1
02-SEP-2026,NSE,block_deals,PINELABS,Pine Labs Limited,JM FINANCIAL MUTUAL FUND,BUY,1611865,155.1
02-SEP-2026,NSE,block_deals,PINELABS,Pine Labs Limited,MORGAN STANLEY ASIA SINGAPORE PTE,BUY,2448742,155.1
02-SEP-2026,NSE,block_deals,PINELABS,Pine Labs Limited,NORGES BANK ON ACCOUNT OF THE GOVERNMENT PENSION FUND GLOBAL,BUY,3223726,155.1
02-SEP-2026,NSE,block_deals,ASTERDM,Aster DM Quality Care Ltd,CENTELLA MAURITIUS HOLDINGS LIMITED,SELL,4609800,760.0
02-SEP-2026,NSE,block_deals,PINELABS,Pine Labs Limited,ALPHA WAVE VENTURES II LP,SELL,35456317,155.1
02/09/2026,BSE,bulk,543225,ALTIUSINVIT,ANAHERA INVESTMENT PTE. LTD.,S,211100000.0,165.0
02/09/2026,BSE,bulk,543225,ALTIUSINVIT,BIF IV JARVIS INDIA PTE LTD,S,520275000.0,165.0
02/09/2026,BSE,bulk,543225,ALTIUSINVIT,CDPQ INFRASTRUCTURES ASIA III INC.,B,731375000.0,165.0
02/09/2026,BSE,bulk,520121,ARCEEIN,KRISHNA GUPTA,S,73902.0,14.0
02/09/2026,BSE,bulk,520121,ARCEEIN,SADRAVYA MONEY MANAGEMENT  PVT LTD,B,73902.0,14.0
02/09/2026,BSE,bulk,541702,ASHNI,SHAH  JAYESHKUMAR,B,1908666.0,2.79
02/09/2026,BSE,bulk,544628,ASTRONMULT,JYOTIBEN NARENDRAKUMAR VORA,B,44000.0,17.58
02/09/2026,BSE,bulk,544628,ASTRONMULT,JYOTIBEN NARENDRAKUMAR VORA,S,32000.0,17.55
02/09/2026,BSE,bulk,531530,BETALA,GLASTON MARIO MENEZES,B,15000.0,32.43
02/09/2026,BSE,bulk,543209,BILLWIN,SATISHKUMAR RATANLAL MALANI,S,39000.0,16.92
02/09/2026,BSE,bulk,530249,BRIDGESE,KEYVENTURE ENTERPRISES PRIVATE LIMITED,B,71890.0,9.54
02/09/2026,BSE,bulk,530249,BRIDGESE,KEYVENTURE ENTERPRISES PRIVATE LIMITED,S,551100.0,9.59
02/09/2026,BSE,bulk,530249,BRIDGESE,ACME CAPITAL MARKET LIMITED,B,409043.0,9.46
02/09/2026,BSE,bulk,530249,BRIDGESE,ACME CAPITAL MARKET LIMITED,S,409043.0,9.59
02/09/2026,BSE,bulk,500280,CENTENKA,IRAGE BROKING SERVICES LLP,S,129415.0,595.75
02/09/2026,BSE,bulk,500280,CENTENKA,IRAGE BROKING SERVICES LLP,B,104980.0,595.95
02/09/2026,BSE,bulk,540811,DML,SINGASANDRA NAGAPPA MAHADEVA,S,55000.0,14.1
02/09/2026,BSE,bulk,540811,DML,SANA EJAZ KHAN,B,70000.0,13.76
02/09/2026,BSE,bulk,524444,EVEXIA,SHREE SAIBABA EXIM PRIVATE LIMITED,B,20395000.0,1.36
02/09/2026,BSE,bulk,524444,EVEXIA,F3 ADVISORS PRIVATE LIMITED,B,10000000.0,1.38
02/09/2026,BSE,bulk,524444,EVEXIA,MANSI SHARE AND STOCK BROKING PRIVATE LIMITED,B,10000000.0,1.38
02/09/2026,BSE,bulk,531486,FILME,VISAGAR FINANCIAL SERVICES LIMITED,S,300000.0,1.04
02/09/2026,BSE,bulk,544156,GCONNECT,NYATI ISHWARLAL GHISULAL HUF,S,25500.0,13.5
02/09/2026,BSE,bulk,532015,GRAVITY,SRI SURYANARAYANA RAJU VEGESNA,B,50000.0,14.97
02/09/2026,BSE,bulk,531840,IECEDU,NAMAN KASAT,B,80000.0,24.21
02/09/2026,BSE,bulk,544160,JAYKAILASH,SUJEETMANMOHANTALWAD,S,25600.0,60.23
02/09/2026,BSE,bulk,544160,JAYKAILASH,AARUSH  CHOPRA,B,65600.0,59.53
02/09/2026,BSE,bulk,538765,JSHL,MUKESH CHIMANLAL DESAI,S,110000.0,1.92
02/09/2026,BSE,bulk,538765,JSHL,DARSHANA MUKESH DESAI,B,110000.0,1.92
02/09/2026,BSE,bulk,539679,KAPILRAJ,RAJ KIRTI MAMANIA,B,640000.0,1.6
02/09/2026,BSE,bulk,534422,LOOKS,PALANIAPPAN RAM MEYYAPPAN,B,53080.0,10.43
02/09/2026,BSE,bulk,517320,MAGNUS,JAGID VANITABEN RAJENDRAPRASAD,S,23709.0,24.26
02/09/2026,BSE,bulk,531281,MARBLE,RIDDISIDDHI BULLIONS LIMITED,B,147000.0,110.67
02/09/2026,BSE,bulk,531281,MARBLE,PSH CONSTRUCTIONS PRIVATE LIMITED,S,151249.0,110.59
02/09/2026,BSE,bulk,540254,MTPL,NIRBHAY JAGDISHCHANDRA THAKKAR,B,750000.0,9.63
02/09/2026,BSE,bulk,540254,MTPL,RATHOD DIGVIJAYSINH RAJENDRASINH,B,3200000.0,9.63
02/09/2026,BSE,bulk,539200,NOBPOL,GREEN PEAKS ENTERPRISES LLP,S,107198.0,11.48
02/09/2026,BSE,bulk,539200,NOBPOL,AVIRAE CAPITAL,S,39642.0,11.94
02/09/2026,BSE,bulk,539200,NOBPOL,PACE COMMODITY BROKERS PRIVATE LIMITED,S,35000.0,11.48
02/09/2026,BSE,bulk,539200,NOBPOL,PARESH DHIRAJLAL SHAH,S,75000.0,11.48
02/09/2026,BSE,bulk,539200,NOBPOL,GLASTON MARIO MENEZES,B,74500.0,11.94
02/09/2026,BSE,bulk,539200,NOBPOL,SUNALI PRADIPKUMAR SHAH,B,35000.0,11.48
02/09/2026,BSE,bulk,539200,NOBPOL,KANTA DEVI SAMDARIA,B,40000.0,11.48
02/09/2026,BSE,bulk,511644,OMEGAIN,SAURABH MADHUSUDAN PATEL,S,530000.0,29.98
02/09/2026,BSE,bulk,511644,OMEGAIN,SAURABH MADHUSUDAN PATEL,B,29337.0,29.97
02/09/2026,BSE,bulk,543400,OMNIPOTENT,KOSIMAYANP,B,40000.0,2.38
02/09/2026,BSE,bulk,540386,ONTIC,NOBLE POLYMERS LIMITED  NOBLE,S,474410.0,1.65
02/09/2026,BSE,bulk,544629,RAVEL,VINEY GROWTH FUND,S,45000.0,112.72
02/09/2026,BSE,bulk,544629,RAVEL,VINEY EQUITY MARKET LLP,B,40000.0,113.0
02/09/2026,BSE,bulk,543256,RFLL,AMITA FAFADIA,S,66956.0,10.47
02/09/2026,BSE,bulk,543256,RFLL,RINKESH RAJENDRA SHAH,B,67485.0,10.55
02/09/2026,BSE,bulk,538212,SHARPINV,RANDAR BUSINESSES PRIVATE LIMITED,B,1468319.0,0.42
02/09/2026,BSE,bulk,544490,SHREEJISPG,UNITY ASSOCIATES,B,1098000.0,645.3
02/09/2026,BSE,bulk,531370,SPAR,KIRTI M JAIN,S,100234.0,4.37
02/09/2026,BSE,bulk,506122,VOLKAI,KREON FINNANCIAL SERVICES LIMITED,S,55.0,182.75
02/09/2026,BSE,bulk,506122,VOLKAI,KREON FINNANCIAL SERVICES LIMITED,B,8420.0,173.32
02/09/2026,BSE,bulk,532373,WEPSOLN,SHAH SHARAD KANAYALAL,B,400000.0,39.36
02/09/2026,BSE,bulk,543436,WITS,MITHUN AJITBHAI PATEL,S,2400.0,141.35
02/09/2026,BSE,bulk,543436,WITS,HURVAKSH ADI IRANI,B,3200.0,141.35
02/09/2026,BSE,bulk,538451,WORTH,CHETAN KIRITBHAI MEHTA,S,2394030.0,3.4
02/09/2026,BSE,bulk,538451,WORTH,MAHEVARSH FINCON PRIVATE LIMITED,B,2750000.0,3.4
02/09/2026,BSE,block,543225,ALTIUSINVIT,CDPQ INFRASTRUCTURES ASIA III INC.,B,211100000.0,165.0
02/09/2026,BSE,block,543225,ALTIUSINVIT,CDPQ INFRASTRUCTURES ASIA III INC.,B,520275000.0,165.0
02/09/2026,BSE,block,543225,ALTIUSINVIT,BIF IV JARVIS INDIA PTE LTD,S,520275000.0,165.0
02/09/2026,BSE,block,543225,ALTIUSINVIT,ANAHERA INVESTMENT PTE. LTD.,S,211100000.0,165.0
02/09/2026,BSE,block,544490,SHREEJISPG,UNITY ASSOCIATES,B,549000.0,645.3
02/09/2026,BSE,block,544490,SHREEJISPG,UNITY ASSOCIATES,B,549000.0,645.3
02/09/2026,BSE,block,544490,SHREEJISPG,ASHOKKUMAR HARIDAS LAL,S,549000.0,645.3
02/09/2026,BSE,block,544490,SHREEJISPG,LAL JITENDRA HARIDAS,S,549000.0,645.3
03-SEP-2026,NSE,bulk_deals,AKI,AKI India Limited,S A CAPITALS,BUY,550000,6.57
03-SEP-2026,NSE,bulk_deals,ALEMBICLTD,Alembic Limited,MICROCURVES TRADING PRIVATE LIMITED,BUY,1866187,113.87
03-SEP-2026,NSE,bulk_deals,ALEMBICLTD,Alembic Limited,NK SECURITIES RESEARCH PRIVATE LIMITED,BUY,1446441,113.11
03-SEP-2026,NSE,bulk_deals,ANTELOPUS,Antelopus Selan Enrgy Ltd,BLITZQUANT RESEARCH LLP,BUY,266770,1028.42
03-SEP-2026,NSE,bulk_deals,ANTELOPUS,Antelopus Selan Enrgy Ltd,DIPAN MEHTA COMMODITIES PRIVATE LIMITED,BUY,355341,1018.42
03-SEP-2026,NSE,bulk_deals,ANTELOPUS,Antelopus Selan Enrgy Ltd,ELIXIR WEALTH MANAGEMENT PRIVATE LIMITED,BUY,555880,1018.57
03-SEP-2026,NSE,bulk_deals,ANTELOPUS,Antelopus Selan Enrgy Ltd,MUSIGMA SECURITIES,BUY,178010,1023.1
03-SEP-2026,NSE,bulk_deals,ANTELOPUS,Antelopus Selan Enrgy Ltd,MICROCURVES TRADING PRIVATE LIMITED,BUY,1329277,1021.09
03-SEP-2026,NSE,bulk_deals,ANTELOPUS,Antelopus Selan Enrgy Ltd,HRTI PRIVATE LIMITED,BUY,180440,1011.89
03-SEP-2026,NSE,bulk_deals,ANTELOPUS,Antelopus Selan Enrgy Ltd,SANJAY KUMAR GUPTA,BUY,214079,1015.33
03-SEP-2026,NSE,bulk_deals,ANTELOPUS,Antelopus Selan Enrgy Ltd,JUNOMONETA FINSOL PRIVATE LIMITED,BUY,763598,1019.41
03-SEP-2026,NSE,bulk_deals,ANTELOPUS,Antelopus Selan Enrgy Ltd,QE SECURITIES LLP,BUY,593062,1018.34
03-SEP-2026,NSE,bulk_deals,ANTELOPUS,Antelopus Selan Enrgy Ltd,NK SECURITIES RESEARCH PRIVATE LIMITED,BUY,768314,1020.77
03-SEP-2026,NSE,bulk_deals,ANTELOPUS,Antelopus Selan Enrgy Ltd,ALPHAGREP SECURITIES PRIVATE LIMITED,BUY,263078,1018.59
03-SEP-2026,NSE,bulk_deals,ANTELOPUS,Antelopus Selan Enrgy Ltd,GRT STRATEGIC VENTURES LLP,BUY,371108,1024.86
03-SEP-2026,NSE,bulk_deals,ANTELOPUS,Antelopus Selan Enrgy Ltd,IRAGE BROKING SERVICES LLP,BUY,470209,1022.63
03-SEP-2026,NSE,bulk_deals,ASIANTILES,Asian Granito India Limit,CORE INC,BUY,1484152,49.95
03-SEP-2026,NSE,bulk_deals,ASIANTILES,Asian Granito India Limit,THAKKAR NILESHKUMAR FARSHURAM HUF,BUY,2518702,49.96
03-SEP-2026,NSE,bulk_deals,ATALREAL,Atal Realtech Limited,L7 HITECH PRIVATE LIMITED,BUY,1717174,25.79
03-SEP-2026,NSE,bulk_deals,ATALREAL,Atal Realtech Limited,MAHESH MULCHAND WAGHELA,BUY,692892,25.86
03-SEP-2026,NSE,bulk_deals,ATALREAL,Atal Realtech Limited,HRTI PRIVATE LIMITED,BUY,391001,25.88
03-SEP-2026,NSE,bulk_deals,BFUTILITIE,BF Utilities Limited,MICROCURVES TRADING PRIVATE LIMITED,BUY,194104,571.43
03-SEP-2026,NSE,bulk_deals,BFUTILITIE,BF Utilities Limited,NK SECURITIES RESEARCH PRIVATE LIMITED,BUY,271991,564.04
03-SEP-2026,NSE,bulk_deals,BIOPOL,Biopol Chemicals Limited,NEO APEX SHARE BROKING SERVICES LLP,BUY,33600,39.64
03-SEP-2026,NSE,bulk_deals,BULKCORP,Bulkcorp International L,CHANAKYA OPPORTUNITIES FUND I,BUY,108000,75.59
03-SEP-2026,NSE,bulk_deals,CENTENKA,Century Enka Ltd,JUNOMONETA FINSOL PRIVATE LIMITED,BUY,122662,616.37
03-SEP-2026,NSE,bulk_deals,CLASSICEIL,Classic Electrode (Ind) L,SHINCHO ASIA CAPITAL (INCORPORATED VCC SUB-FUND),BUY,206400,55.2
03-SEP-2026,NSE,bulk_deals,GANGAFORGE,Ganga Forging Limited,NEO APEX SHARE BROKING SERVICES LLP,BUY,1700000,1.76
03-SEP-2026,NSE,bulk_deals,GCSL,Gretex Corporate Services,MANSUKH SECURITIES & FINANCE LIMITED,BUY,166189,575.6
03-SEP-2026,NSE,bulk_deals,GCSL,Gretex Corporate Services,TALISMAN SECURITIES PRIVATE LIMITED,BUY,134000,570.0
03-SEP-2026,NSE,bulk_deals,GOCLCORP,Gulf Oil Corp. Ltd.,NK SECURITIES RESEARCH PRIVATE LIMITED,BUY,335062,434.04
03-SEP-2026,NSE,bulk_deals,HIKAL,Hikal Limited,JUNOMONETA FINSOL PRIVATE LIMITED,BUY,743947,230.26
03-SEP-2026,NSE,bulk_deals,HIKAL,Hikal Limited,NK SECURITIES RESEARCH PRIVATE LIMITED,BUY,944937,230.25
03-SEP-2026,NSE,bulk_deals,HIKAL,Hikal Limited,MICROCURVES TRADING PRIVATE LIMITED,BUY,778907,229.87
03-SEP-2026,NSE,bulk_deals,HINDOILEXP,Hind. Oil Exploration,NK SECURITIES RESEARCH PRIVATE LIMITED,BUY,1356168,185.57
03-SEP-2026,NSE,bulk_deals,HINDOILEXP,Hind. Oil Exploration,BLITZQUANT RESEARCH LLP,BUY,972992,185.64
03-SEP-2026,NSE,bulk_deals,HINDOILEXP,Hind. Oil Exploration,ALPHAGREP SECURITIES PRIVATE LIMITED,BUY,783342,184.72
03-SEP-2026,NSE,bulk_deals,HINDOILEXP,Hind. Oil Exploration,JUNOMONETA FINSOL PRIVATE LIMITED,BUY,1399806,184.94
03-SEP-2026,NSE,bulk_deals,HINDOILEXP,Hind. Oil Exploration,MICROCURVES TRADING PRIVATE LIMITED,BUY,2151943,185.57
03-SEP-2026,NSE,bulk_deals,JINDWORLD,Jindal Worldwide Ltd,HRTI PRIVATE LIMITED,BUY,5612823,46.17
03-SEP-2026,NSE,bulk_deals,JINDWORLD,Jindal Worldwide Ltd,JUNOMONETA FINSOL PRIVATE LIMITED,BUY,5124821,45.37
03-SEP-2026,NSE,bulk_deals,JISLDVREQS,Jain DVR Equity Shares,ORION STOCKS LTD,BUY,98788,20.99
03-SEP-2026,NSE,bulk_deals,KSHITIJ-RE,Kshitij Polyline Ltd,MUKESH KUMAR GEHLOT,BUY,757859,0.07
03-SEP-2026,NSE,bulk_deals,KSHITIJ-RE,Kshitij Polyline Ltd,MURINGATHERY JOHNY VARGHESE,BUY,750170,0.07
03-SEP-2026,NSE,bulk_deals,KSHITIJPOL,Kshitij Polyline Limited,BHAVISHYA ECOMMERCE PRIVATE LIMITED,BUY,498134,3.15
03-SEP-2026,NSE,bulk_deals,KSHITIJPOL,Kshitij Polyline Limited,HI KLASS TRADING & INVESTMENT LIMITED,BUY,894132,3.15
03-SEP-2026,NSE,bulk_deals,KSR,KSR Footwear Limited,RANU PARWAL HUF,BUY,150000,31.2
03-SEP-2026,NSE,bulk_deals,KSR,KSR Footwear Limited,INDRA  INVESTMENT,BUY,150000,31.59
03-SEP-2026,NSE,bulk_deals,LAMOSAIC,Lamosaic India Limited,VIRALI VICKY JHAVERI,BUY,63600,61.0
03-SEP-2026,NSE,bulk_deals,LAMOSAIC,Lamosaic India Limited,ESCORP ASSET MANAGEMENT LIMITED,BUY,74400,60.99
03-SEP-2026,NSE,bulk_deals,LUMINO,Lumino Industries Limited,MICROCURVES TRADING PRIVATE LIMITED,BUY,3946770,114.32
03-SEP-2026,NSE,bulk_deals,LUMINO,Lumino Industries Limited,GOLDMINE STOCKS PRIVATE LIMITED,BUY,2188731,113.38
03-SEP-2026,NSE,bulk_deals,LUMINO,Lumino Industries Limited,DIPAN MEHTA COMMODITIES PRIVATE LIMITED,BUY,1542481,114.25
03-SEP-2026,NSE,bulk_deals,LUMINO,Lumino Industries Limited,ELIXIR WEALTH MANAGEMENT PRIVATE LIMITED,BUY,2143579,114.56
03-SEP-2026,NSE,bulk_deals,LUMINO,Lumino Industries Limited,IRAGE BROKING SERVICES LLP,BUY,4629182,112.08
03-SEP-2026,NSE,bulk_deals,LUMINO,Lumino Industries Limited,NK SECURITIES RESEARCH PRIVATE LIMITED,BUY,4011915,113.19
03-SEP-2026,NSE,bulk_deals,LUMINO,Lumino Industries Limited,PURE BROKING PRIVATE LIMITED,BUY,4580133,113.81
03-SEP-2026,NSE,bulk_deals,LUMINO,Lumino Industries Limited,TWO ROADS TRADING PRIVATE LIMITED,BUY,1980830,112.47
03-SEP-2026,NSE,bulk_deals,LUMINO,Lumino Industries Limited,GRT STRATEGIC VENTURES LLP,BUY,3077479,114.13
03-SEP-2026,NSE,bulk_deals,LUMINO,Lumino Industries Limited,JUNOMONETA FINSOL PRIVATE LIMITED,BUY,11562930,113.32
03-SEP-2026,NSE,bulk_deals,LUMINO,Lumino Industries Limited,MARWADI CHANDARANA INTERMEDIARIES BROKERS PRIVATE LIMITED,BUY,2089022,113.57
03-SEP-2026,NSE,bulk_deals,LUMINO,Lumino Industries Limited,YUGA STOCKS AND COMMODITIES PRIVATE LIMITED,BUY,6444413,114.71
03-SEP-2026,NSE,bulk_deals,MANALIPETC,Manali Petrochemicals Lt,JUNOMONETA FINSOL PRIVATE LIMITED,BUY,2010434,88.52
03-SEP-2026,NSE,bulk_deals,MANALIPETC,Manali Petrochemicals Lt,QE SECURITIES LLP,BUY,1563815,88.29
03-SEP-2026,NSE,bulk_deals,MANALIPETC,Manali Petrochemicals Lt,MICROCURVES TRADING PRIVATE LIMITED,BUY,2969127,89.2
03-SEP-2026,NSE,bulk_deals,MANALIPETC,Manali Petrochemicals Lt,ALPHAGREP SECURITIES PRIVATE LIMITED,BUY,956915,88.61
03-SEP-2026,NSE,bulk_deals,MANALIPETC,Manali Petrochemicals Lt,HRTI PRIVATE LIMITED,BUY,1596322,88.53
03-SEP-2026,NSE,bulk_deals,MVELECTRO,MV Electrosystems Limited,IRAGE BROKING SERVICES LLP,BUY,137117,719.74
03-SEP-2026,NSE,bulk_deals,MVELECTRO,MV Electrosystems Limited,QE SECURITIES LLP,BUY,294804,718.57
03-SEP-2026,NSE,bulk_deals,MVELECTRO,MV Electrosystems Limited,NK SECURITIES RESEARCH PRIVATE LIMITED,BUY,290629,720.6
03-SEP-2026,NSE,bulk_deals,MVELECTRO,MV Electrosystems Limited,MATHISYS QUANTCAP LLP,BUY,155213,718.28
03-SEP-2026,NSE,bulk_deals,MVELECTRO,MV Electrosystems Limited,JUNOMONETA FINSOL PRIVATE LIMITED,BUY,535373,721.56
03-SEP-2026,NSE,bulk_deals,MVELECTRO,MV Electrosystems Limited,JUMP TRADING FINANCIAL INDIA PRIVATE LIMITED,BUY,169688,720.12
03-SEP-2026,NSE,bulk_deals,MVELECTRO,MV Electrosystems Limited,HRTI PRIVATE LIMITED,BUY,689468,719.25
03-SEP-2026,NSE,bulk_deals,MVELECTRO,MV Electrosystems Limited,MICROCURVES TRADING PRIVATE LIMITED,BUY,399650,728.68
03-SEP-2026,NSE,bulk_deals,PAISALO,Paisalo Digital Limited,DHANSUBH COMPLEX PRIVATE LIMITED,BUY,5011000,70.22
03-SEP-2026,NSE,bulk_deals,RAMBHAJO,Advit Jewels Limited,L7 HITECH PRIVATE LIMITED,BUY,198565,249.52
03-SEP-2026,NSE,bulk_deals,RAMBHAJO,Advit Jewels Limited,RAMESH SAWALRAM SARAOGI,BUY,500000,242.92
03-SEP-2026,NSE,bulk_deals,RAMBHAJO,Advit Jewels Limited,HRTI PRIVATE LIMITED,BUY,267540,246.68
03-SEP-2026,NSE,bulk_deals,RATNAVEER,Ratnaveer Precision Eng L,ARIHANT CAPITAL MARKETS LIMITED,BUY,393300,288.58
03-SEP-2026,NSE,bulk_deals,RAYMOND,Raymond Ltd.,MICROCURVES TRADING PRIVATE LIMITED,BUY,1187368,751.59
03-SEP-2026,NSE,bulk_deals,RAYMOND,Raymond Ltd.,JUNOMONETA FINSOL PRIVATE LIMITED,BUY,477986,749.67
03-SEP-2026,NSE,bulk_deals,RAYMOND,Raymond Ltd.,HRTI PRIVATE LIMITED,BUY,249584,744.82
03-SEP-2026,NSE,bulk_deals,RAYMOND,Raymond Ltd.,QE SECURITIES LLP,BUY,622995,746.98
03-SEP-2026,NSE,bulk_deals,RBZJEWEL,RBZ Jewellers Limited,JUNOMONETA FINSOL PRIVATE LIMITED,BUY,541097,181.46
03-SEP-2026,NSE,bulk_deals,RBZJEWEL,RBZ Jewellers Limited,HRTI PRIVATE LIMITED,BUY,411419,180.54
03-SEP-2026,NSE,bulk_deals,RBZJEWEL,RBZ Jewellers Limited,QE SECURITIES LLP,BUY,380806,178.93
03-SEP-2026,NSE,bulk_deals,RBZJEWEL,RBZ Jewellers Limited,NK SECURITIES RESEARCH PRIVATE LIMITED,BUY,478905,182.7
03-SEP-2026,NSE,bulk_deals,RBZJEWEL,RBZ Jewellers Limited,ALPHAGREP SECURITIES PRIVATE LIMITED,BUY,440086,179.74
03-SEP-2026,NSE,bulk_deals,RBZJEWEL,RBZ Jewellers Limited,PADMABEN MUKESHBHAI PATEL,BUY,225887,188.17
03-SEP-2026,NSE,bulk_deals,RBZJEWEL,RBZ Jewellers Limited,MICROCURVES TRADING PRIVATE LIMITED,BUY,239230,180.99
03-SEP-2026,NSE,bulk_deals,RCDL-RE,Rajgor Cast Derivati Ltd,ALPESH VAGHAJIBHAI VORA,BUY,183000,2.1
03-SEP-2026,NSE,bulk_deals,SHRIRAMPPS,Shriram Properties Ltd,OMEGA FINHOLD PRIVATE LIMITED,BUY,999999,75.67
03-SEP-2026,NSE,bulk_deals,SUNSHINE,Sunshine Pictures Limited,ARIHANT CAPITAL MARKETS LIMITED,BUY,464503,444.11
03-SEP-2026,NSE,bulk_deals,TBZ,Trib Bhimji Zaveri Ltd,QE SECURITIES LLP,BUY,361896,419.74
03-SEP-2026,NSE,bulk_deals,UCL,Ushanti Colour Chem Ltd,TWIN BULLS CAPITAL,BUY,88000,249.75
03-SEP-2026,NSE,bulk_deals,UDS,Updater Services Limited,SIS LIMITED,BUY,1012731,234.59
03-SEP-2026,NSE,bulk_deals,ALEMBICLTD,Alembic Limited,MICROCURVES TRADING PRIVATE LIMITED,SELL,1866187,113.99
03-SEP-2026,NSE,bulk_deals,ALEMBICLTD,Alembic Limited,NK SECURITIES RESEARCH PRIVATE LIMITED,SELL,1446441,113.15
03-SEP-2026,NSE,bulk_deals,ANTELOPUS,Antelopus Selan Enrgy Ltd,DIPAN MEHTA COMMODITIES PRIVATE LIMITED,SELL,362474,1020.96
03-SEP-2026,NSE,bulk_deals,ANTELOPUS,Antelopus Selan Enrgy Ltd,ELIXIR WEALTH MANAGEMENT PRIVATE LIMITED,SELL,553959,1020.86
03-SEP-2026,NSE,bulk_deals,ANTELOPUS,Antelopus Selan Enrgy Ltd,MUSIGMA SECURITIES,SELL,178010,1023.41
03-SEP-2026,NSE,bulk_deals,ANTELOPUS,Antelopus Selan Enrgy Ltd,NK SECURITIES RESEARCH PRIVATE LIMITED,SELL,768314,1021.3
03-SEP-2026,NSE,bulk_deals,ANTELOPUS,Antelopus Selan Enrgy Ltd,ALPHAGREP SECURITIES PRIVATE LIMITED,SELL,263078,1018.91
03-SEP-2026,NSE,bulk_deals,ANTELOPUS,Antelopus Selan Enrgy Ltd,GRT STRATEGIC VENTURES LLP,SELL,371108,1025.28
03-SEP-2026,NSE,bulk_deals,ANTELOPUS,Antelopus Selan Enrgy Ltd,IRAGE BROKING SERVICES LLP,SELL,261716,1024.38
03-SEP-2026,NSE,bulk_deals,ANTELOPUS,Antelopus Selan Enrgy Ltd,QE SECURITIES LLP,SELL,594719,1017.61
03-SEP-2026,NSE,bulk_deals,ANTELOPUS,Antelopus Selan Enrgy Ltd,HRTI PRIVATE LIMITED,SELL,166110,1014.86
03-SEP-2026,NSE,bulk_deals,ANTELOPUS,Antelopus Selan Enrgy Ltd,SANJAY KUMAR GUPTA,SELL,227221,1016.64
03-SEP-2026,NSE,bulk_deals,ANTELOPUS,Antelopus Selan Enrgy Ltd,JUNOMONETA FINSOL PRIVATE LIMITED,SELL,754663,1019.89
03-SEP-2026,NSE,bulk_deals,ANTELOPUS,Antelopus Selan Enrgy Ltd,MICROCURVES TRADING PRIVATE LIMITED,SELL,1329277,1021.83
03-SEP-2026,NSE,bulk_deals,ANTELOPUS,Antelopus Selan Enrgy Ltd,BLITZQUANT RESEARCH LLP,SELL,266770,1028.82
03-SEP-2026,NSE,bulk_deals,ASIANTILES,Asian Granito India Limit,CORE INC,SELL,1484152,49.96
03-SEP-2026,NSE,bulk_deals,ATALREAL,Atal Realtech Limited,HRTI PRIVATE LIMITED,SELL,719439,25.92
03-SEP-2026,NSE,bulk_deals,ATALREAL,Atal Realtech Limited,MAHESH MULCHAND WAGHELA,SELL,692892,25.88
03-SEP-2026,NSE,bulk_deals,ATALREAL,Atal Realtech Limited,MANSI SHARE AND STOCK BROKING PRIVATE LIMITED,SELL,1100000,25.85
03-SEP-2026,NSE,bulk_deals,ATALREAL,Atal Realtech Limited,L7 HITECH PRIVATE LIMITED,SELL,1775117,25.88
03-SEP-2026,NSE,bulk_deals,BFUTILITIE,BF Utilities Limited,NK SECURITIES RESEARCH PRIVATE LIMITED,SELL,271863,564.48
03-SEP-2026,NSE,bulk_deals,BFUTILITIE,BF Utilities Limited,MICROCURVES TRADING PRIVATE LIMITED,SELL,194104,571.64
03-SEP-2026,NSE,bulk_deals,BIOPOL,Biopol Chemicals Limited,NEO APEX SHARE BROKING SERVICES LLP,SELL,70800,41.38
03-SEP-2026,NSE,bulk_deals,BULKCORP,Bulkcorp International L,CARE WEALTH ADVISORS LLP,SELL,91200,75.6
03-SEP-2026,NSE,bulk_deals,CENTENKA,Century Enka Ltd,JUNOMONETA FINSOL PRIVATE LIMITED,SELL,123699,617.19
03-SEP-2026,NSE,bulk_deals,CLEANMAX,Clean Max Enviro En Sol L,DSDG HOLDING APS,SELL,1633727,1220.0
03-SEP-2026,NSE,bulk_deals,GANGAFORGE,Ganga Forging Limited,NEO APEX SHARE BROKING SERVICES LLP,SELL,1700000,1.76
03-SEP-2026,NSE,bulk_deals,GCSL,Gretex Corporate Services,MANSUKH SECURITIES & FINANCE LIMITED,SELL,303920,570.81
03-SEP-2026,NSE,bulk_deals,GCSL,Gretex Corporate Services,TALISMAN SECURITIES PRIVATE LIMITED,SELL,5000,580.0
03-SEP-2026,NSE,bulk_deals,GOCLCORP,Gulf Oil Corp. Ltd.,NK SECURITIES RESEARCH PRIVATE LIMITED,SELL,335026,434.37
03-SEP-2026,NSE,bulk_deals,HIKAL,Hikal Limited,NK SECURITIES RESEARCH PRIVATE LIMITED,SELL,950837,230.41
03-SEP-2026,NSE,bulk_deals,HIKAL,Hikal Limited,JUNOMONETA FINSOL PRIVATE LIMITED,SELL,742316,230.43
03-SEP-2026,NSE,bulk_deals,HIKAL,Hikal Limited,MICROCURVES TRADING PRIVATE LIMITED,SELL,778907,230.14
03-SEP-2026,NSE,bulk_deals,HINDOILEXP,Hind. Oil Exploration,BLITZQUANT RESEARCH LLP,SELL,972992,185.74
03-SEP-2026,NSE,bulk_deals,HINDOILEXP,Hind. Oil Exploration,JUNOMONETA FINSOL PRIVATE LIMITED,SELL,1415015,185.09
03-SEP-2026,NSE,bulk_deals,HINDOILEXP,Hind. Oil Exploration,MICROCURVES TRADING PRIVATE LIMITED,SELL,2151943,185.67
03-SEP-2026,NSE,bulk_deals,HINDOILEXP,Hind. Oil Exploration,ALPHAGREP SECURITIES PRIVATE LIMITED,SELL,783342,184.68
03-SEP-2026,NSE,bulk_deals,HINDOILEXP,Hind. Oil Exploration,NK SECURITIES RESEARCH PRIVATE LIMITED,SELL,1356123,185.67
03-SEP-2026,NSE,bulk_deals,INNOMET,Innomet Advanced Materi L,NEO APEX SHARE BROKING SERVICES LLP,SELL,82200,276.95
03-SEP-2026,NSE,bulk_deals,JINDWORLD,Jindal Worldwide Ltd,HRTI PRIVATE LIMITED,SELL,4834636,45.81
03-SEP-2026,NSE,bulk_deals,JINDWORLD,Jindal Worldwide Ltd,JUNOMONETA FINSOL PRIVATE LIMITED,SELL,5017509,45.4
03-SEP-2026,NSE,bulk_deals,JISLDVREQS,Jain DVR Equity Shares,ORION STOCKS LTD,SELL,73412,21.33
03-SEP-2026,NSE,bulk_deals,KSHITIJPOL,Kshitij Polyline Limited,BHAVISHYA ECOMMERCE PRIVATE LIMITED,SELL,1000000,3.15
03-SEP-2026,NSE,bulk_deals,KSR,KSR Footwear Limited,ALPA WEALTH CREATOR,SELL,338285,31.43
03-SEP-2026,NSE,bulk_deals,LUMINO,Lumino Industries Limited,GOLDMINE STOCKS PRIVATE LIMITED,SELL,2188731,113.46
03-SEP-2026,NSE,bulk_deals,LUMINO,Lumino Industries Limited,DIPAN MEHTA COMMODITIES PRIVATE LIMITED,SELL,1538487,114.74
03-SEP-2026,NSE,bulk_deals,LUMINO,Lumino Industries Limited,ELIXIR WEALTH MANAGEMENT PRIVATE LIMITED,SELL,2129579,114.91
03-SEP-2026,NSE,bulk_deals,LUMINO,Lumino Industries Limited,YUGA STOCKS AND COMMODITIES PRIVATE LIMITED,SELL,1444423,116.71
03-SEP-2026,NSE,bulk_deals,LUMINO,Lumino Industries Limited,NK SECURITIES RESEARCH PRIVATE LIMITED,SELL,4012402,113.26
03-SEP-2026,NSE,bulk_deals,LUMINO,Lumino Industries Limited,MICROCURVES TRADING PRIVATE LIMITED,SELL,3946770,114.36
03-SEP-2026,NSE,bulk_deals,LUMINO,Lumino Industries Limited,TWO ROADS TRADING PRIVATE LIMITED,SELL,1980830,112.52
03-SEP-2026,NSE,bulk_deals,LUMINO,Lumino Industries Limited,GRT STRATEGIC VENTURES LLP,SELL,3077479,114.18
03-SEP-2026,NSE,bulk_deals,LUMINO,Lumino Industries Limited,IRAGE BROKING SERVICES LLP,SELL,5052769,112.52
03-SEP-2026,NSE,bulk_deals,LUMINO,Lumino Industries Limited,MARWADI CHANDARANA INTERMEDIARIES BROKERS PRIVATE LIMITED,SELL,2089022,115.11
03-SEP-2026,NSE,bulk_deals,LUMINO,Lumino Industries Limited,JUNOMONETA FINSOL PRIVATE LIMITED,SELL,11602150,113.37
03-SEP-2026,NSE,bulk_deals,LUMINO,Lumino Industries Limited,PURE BROKING PRIVATE LIMITED,SELL,4498647,113.98
03-SEP-2026,NSE,bulk_deals,MANALIPETC,Manali Petrochemicals Lt,QE SECURITIES LLP,SELL,1557468,88.23
03-SEP-2026,NSE,bulk_deals,MANALIPETC,Manali Petrochemicals Lt,MICROCURVES TRADING PRIVATE LIMITED,SELL,2969127,89.24
03-SEP-2026,NSE,bulk_deals,MANALIPETC,Manali Petrochemicals Lt,JUNOMONETA FINSOL PRIVATE LIMITED,SELL,1993869,88.57
03-SEP-2026,NSE,bulk_deals,MANALIPETC,Manali Petrochemicals Lt,ALPHAGREP SECURITIES PRIVATE LIMITED,SELL,956915,88.66
03-SEP-2026,NSE,bulk_deals,MANALIPETC,Manali Petrochemicals Lt,HRTI PRIVATE LIMITED,SELL,1528237,88.39
03-SEP-2026,NSE,bulk_deals,MEESHO,Meesho Limited,SVF II MEERKAT (DE) LLC,SELL,35317328,206.3
03-SEP-2026,NSE,bulk_deals,MEESHO,Meesho Limited,SVF II MEERKAT (DE) LLC,SELL,44682672,206.3
03-SEP-2026,NSE,bulk_deals,MVELECTRO,MV Electrosystems Limited,MATHISYS QUANTCAP LLP,SELL,155557,715.73
03-SEP-2026,NSE,bulk_deals,MVELECTRO,MV Electrosystems Limited,IRAGE BROKING SERVICES LLP,SELL,84622,721.67
03-SEP-2026,NSE,bulk_deals,MVELECTRO,MV Electrosystems Limited,HRTI PRIVATE LIMITED,SELL,707663,718.52
03-SEP-2026,NSE,bulk_deals,MVELECTRO,MV Electrosystems Limited,JUMP TRADING FINANCIAL INDIA PRIVATE LIMITED,SELL,169688,716.75
03-SEP-2026,NSE,bulk_deals,MVELECTRO,MV Electrosystems Limited,NK SECURITIES RESEARCH PRIVATE LIMITED,SELL,290167,720.92
03-SEP-2026,NSE,bulk_deals,MVELECTRO,MV Electrosystems Limited,JUNOMONETA FINSOL PRIVATE LIMITED,SELL,532316,721.98
03-SEP-2026,NSE,bulk_deals,MVELECTRO,MV Electrosystems Limited,MICROCURVES TRADING PRIVATE LIMITED,SELL,399650,729.09
03-SEP-2026,NSE,bulk_deals,MVELECTRO,MV Electrosystems Limited,QE SECURITIES LLP,SELL,294205,718.74
03-SEP-2026,NSE,bulk_deals,RAMBHAJO,Advit Jewels Limited,L7 HITECH PRIVATE LIMITED,SELL,344497,247.15
03-SEP-2026,NSE,bulk_deals,RAMBHAJO,Advit Jewels Limited,HRTI PRIVATE LIMITED,SELL,261214,247.9
03-SEP-2026,NSE,bulk_deals,RAMBHAJO,Advit Jewels Limited,TAURUS MUTUAL FUND FLEXICAP SHARE MULTI CAP,SELL,482650,241.0
03-SEP-2026,NSE,bulk_deals,RATNAVEER,Ratnaveer Precision Eng L,ARIHANT CAPITAL MARKETS LIMITED,SELL,542101,288.8
03-SEP-2026,NSE,bulk_deals,RAYMOND,Raymond Ltd.,JUNOMONETA FINSOL PRIVATE LIMITED,SELL,479953,750.18
03-SEP-2026,NSE,bulk_deals,RAYMOND,Raymond Ltd.,HRTI PRIVATE LIMITED,SELL,359605,750.8
03-SEP-2026,NSE,bulk_deals,RAYMOND,Raymond Ltd.,QE SECURITIES LLP,SELL,634379,747.52
03-SEP-2026,NSE,bulk_deals,RAYMOND,Raymond Ltd.,MICROCURVES TRADING PRIVATE LIMITED,SELL,1187368,752.02
03-SEP-2026,NSE,bulk_deals,RBZJEWEL,RBZ Jewellers Limited,JUNOMONETA FINSOL PRIVATE LIMITED,SELL,536629,181.46
03-SEP-2026,NSE,bulk_deals,RBZJEWEL,RBZ Jewellers Limited,HRTI PRIVATE LIMITED,SELL,393821,180.7
03-SEP-2026,NSE,bulk_deals,RBZJEWEL,RBZ Jewellers Limited,ALPHAGREP SECURITIES PRIVATE LIMITED,SELL,440086,179.76
03-SEP-2026,NSE,bulk_deals,RBZJEWEL,RBZ Jewellers Limited,NK SECURITIES RESEARCH PRIVATE LIMITED,SELL,479438,182.74
03-SEP-2026,NSE,bulk_deals,RBZJEWEL,RBZ Jewellers Limited,PADMABEN MUKESHBHAI PATEL,SELL,225887,189.89
03-SEP-2026,NSE,bulk_deals,RBZJEWEL,RBZ Jewellers Limited,QE SECURITIES LLP,SELL,384396,179.14
03-SEP-2026,NSE,bulk_deals,RBZJEWEL,RBZ Jewellers Limited,MICROCURVES TRADING PRIVATE LIMITED,SELL,239230,181.04
03-SEP-2026,NSE,bulk_deals,RCDL-RE,Rajgor Cast Derivati Ltd,FIVEX CAPITAL VCC - FIVEX EMERGING STAR FUND,SELL,201000,2.1
03-SEP-2026,NSE,bulk_deals,SHRIRAMPPS,Shriram Properties Ltd,CONSORTIUM ENTERPRISES,SELL,999999,75.67
03-SEP-2026,NSE,bulk_deals,SUNSHINE,Sunshine Pictures Limited,ARIHANT CAPITAL MARKETS LIMITED,SELL,380848,447.0
03-SEP-2026,NSE,bulk_deals,TBZ,Trib Bhimji Zaveri Ltd,QE SECURITIES LLP,SELL,366352,420.86
03-SEP-2026,NSE,bulk_deals,TEJA,Teja Engineering Ind L,YASHWANT AMRATLAL THAKKAR,SELL,52200,240.41
03-SEP-2026,NSE,bulk_deals,UCL,Ushanti Colour Chem Ltd,SARVAD INFRABUILD LLP,SELL,80000,249.75
03-SEP-2026,NSE,block_deals,CLEANMAX,Clean Max Enviro En Sol L,SBI LIFE INSURANCE COMPANY LTD.,BUY,509485,1220.0
03-SEP-2026,NSE,block_deals,CLEANMAX,Clean Max Enviro En Sol L,MAHINDRA MANULIFE MUTUAL FUND,BUY,204919,1220.0
03-SEP-2026,NSE,block_deals,CLEANMAX,Clean Max Enviro En Sol L,ICICI PRUDENTIAL LIFE INSURANCE COMPANY LTD,BUY,509485,1220.0
03-SEP-2026,NSE,block_deals,CLEANMAX,Clean Max Enviro En Sol L,DSP INDIA FUND INDIA LONG SHORT STRATEGY FUND WITH CASH MANAGEMENT OPTION,BUY,204919,1220.0
03-SEP-2026,NSE,block_deals,CLEANMAX,Clean Max Enviro En Sol L,WHITEOAK CAPITAL MUTUAL FUND,BUY,204919,1220.0
03-SEP-2026,NSE,block_deals,KRT,Knowledge Realty Trust,MEERA  GOYAL,BUY,2831050,109.5
03-SEP-2026,NSE,block_deals,MEESHO,Meesho Limited,FIDELITY CENTRAL INVESTMENTS PORTFOLIO LLC: FIDELITY EMERGING MARKETS EQUITY CENTRAL FUND,BUY,331100,206.3
03-SEP-2026,NSE,block_deals,MEESHO,Meesho Limited,FGTFEBPFIAM EMERGING MARKETS OPPORTUNITIES COMMINGLED POOL,BUY,913300,206.3
03-SEP-2026,NSE,block_deals,MEESHO,Meesho Limited,FIDELITY EMERGING MARKETS OPPORTUNITIES INSTITUTIONAL TRUST,BUY,84700,206.3
03-SEP-2026,NSE,block_deals,MEESHO,Meesho Limited,FIDELITY INVESTMENT TRUST FIDELITY FIDELITY SERIES EMERGING MARKETS FUND,BUY,3072600,206.3
03-SEP-2026,NSE,block_deals,MEESHO,Meesho Limited,FIDELITY RUTLAND SQUARE TRUST II: STRATEGIC ADVISERS EMERGING MARKETS FUND,BUY,58600,206.3
03-SEP-2026,NSE,block_deals,MEESHO,Meesho Limited,FIDELITY RUTLAND SQUARE TRUST II: STRATEGIC ADVISERS FID EMG MARKETS FUND,BUY,114400,206.3
03-SEP-2026,NSE,block_deals,MEESHO,Meesho Limited,FRANKLIN TEMPLETON MUTUAL FUND,BUY,169145,206.3
03-SEP-2026,NSE,block_deals,MEESHO,Meesho Limited,FRANKLIN TEMPLETON MUTUAL FUND,BUY,1498142,206.3
03-SEP-2026,NSE,block_deals,MEESHO,Meesho Limited,FRANKLIN TEMPLETON MUTUAL FUND,BUY,4832713,206.3
03-SEP-2026,NSE,block_deals,MEESHO,Meesho Limited,GOLDMAN SACHS BANK EUROPE SE,BUY,5300000,206.3
03-SEP-2026,NSE,block_deals,MEESHO,Meesho Limited,HDFC STANDARD LIFE INSURANCE CO LTD,BUY,6000000,206.3
03-SEP-2026,NSE,block_deals,MEESHO,Meesho Limited,HSBC MUTUAL FUND,BUY,1211828,206.3
03-SEP-2026,NSE,block_deals,MEESHO,Meesho Limited,MANULIFE GLOBAL FUND INDIA EQUITY FUND,BUY,1081780,206.3
03-SEP-2026,NSE,block_deals,MEESHO,Meesho Limited,MANULIFE PACIFIC ASIA EQUITY FUND,BUY,2773147,206.3
03-SEP-2026,NSE,block_deals,MEESHO,Meesho Limited,MANULIFE PROVIDENT FUNDS UNIT TRUST SERIES - MANULIFE INDIA EQUITY FUND,BUY,64907,206.3
03-SEP-2026,NSE,block_deals,MEESHO,Meesho Limited,MANULIFE SINGAPORE PTE LTD,BUY,1113810,206.3
03-SEP-2026,NSE,block_deals,MEESHO,Meesho Limited,NORGES BANK ON ACCOUNT OF THE GOVERNMENT PENSION FUND GLOBAL,BUY,1250000,206.3
03-SEP-2026,NSE,block_deals,MEESHO,Meesho Limited,SOCIAL PROTECTION FUND,BUY,216356,206.3
03-SEP-2026,NSE,block_deals,MEESHO,Meesho Limited,FIDELITY EMERGING MARKETS EQUITY MULTI - ASSET BASE FUND,BUY,80800,206.3
03-SEP-2026,NSE,block_deals,MEESHO,Meesho Limited,BAJAJ ALLIANZ LIFE INSURANCE COMPANY LIMITED,BUY,2000000,206.3
03-SEP-2026,NSE,block_deals,MEESHO,Meesho Limited,CANARA ROBECO MUTUAL FUND,BUY,380000,206.3
03-SEP-2026,NSE,block_deals,MEESHO,Meesho Limited,CANARA ROBECO MUTUAL FUND,BUY,760000,206.3
03-SEP-2026,NSE,block_deals,MEESHO,Meesho Limited,COPTHALL MAURITIUS INVESTMENT LIMITED,BUY,1250000,206.3
03-SEP-2026,NSE,block_deals,MEESHO,Meesho Limited,BAJAJ LIFE INSURANCE LIMITED,BUY,2000000,206.3
03-SEP-2026,NSE,block_deals,MEESHO,Meesho Limited,BOFA SECURITIES EUROPE SA -FPI,BUY,1250000,206.3
03-SEP-2026,NSE,block_deals,MEESHO,Meesho Limited,BOFA SECURITIES EUROPE SA -ODI,BUY,2050000,206.3
03-SEP-2026,NSE,block_deals,MEESHO,Meesho Limited,DENDANA INVESTMENTS (MAURITIUS) LIMITED,BUY,65665,206.3
03-SEP-2026,NSE,block_deals,MEESHO,Meesho Limited,FIDELITY FUNDS-INDIA FOCUS FUND,BUY,1856158,206.3
03-SEP-2026,NSE,block_deals,MEESHO,Meesho Limited,FIDELITY INVESTMENTS INTERNATIONAL A/C FIDELITY INDIA FUND,BUY,160849,206.3
03-SEP-2026,NSE,block_deals,MEESHO,Meesho Limited,FRANKLIN INDIA EQUITY SAVINGS FUND,BUY,169145,206.3
03-SEP-2026,NSE,block_deals,MEESHO,Meesho Limited,FRANKLIN INDIA FLEXI CAP FUND,BUY,4832714,206.3
03-SEP-2026,NSE,block_deals,MEESHO,Meesho Limited,FRANKLIN INDIA TAXSHIELD,BUY,1498141,206.3
03-SEP-2026,NSE,block_deals,MEESHO,Meesho Limited,FRANKLIN TEMPLETON INVESTMENT FUNDS - FRANKLIN INDIA FUND,BUY,2250000,206.3
03-SEP-2026,NSE,block_deals,MEESHO,Meesho Limited,GHISALLO MASTER FUND LP,BUY,2250000,206.3
03-SEP-2026,NSE,block_deals,MEESHO,Meesho Limited,HDFC STANDARD LIFE INSURANCE,BUY,6000000,206.3
03-SEP-2026,NSE,block_deals,MEESHO,Meesho Limited,INTEGRATED CORE STRATEGIES ASIA PTE LTD,BUY,2250000,206.3
03-SEP-2026,NSE,block_deals,MEESHO,Meesho Limited,KUWAIT INVESTMENT AUTHORITY,BUY,1250000,206.3
03-SEP-2026,NSE,block_deals,MEESHO,Meesho Limited,MORGAN STANLEY ASIA SINGAPORE PTE -ODI,BUY,3300000,206.3
03-SEP-2026,NSE,block_deals,MEESHO,Meesho Limited,MOTILAL OSWAL LARGE AND MIDCAP FUND,BUY,3400000,206.3
03-SEP-2026,NSE,block_deals,MEESHO,Meesho Limited,MOTILAL OSWAL MULTI CAP FUND,BUY,850000,206.3
03-SEP-2026,NSE,block_deals,MEESHO,Meesho Limited,SOCIETE GENERALE - ODI,BUY,8000000,206.3
03-SEP-2026,NSE,block_deals,MEESHO,Meesho Limited,SUSQUEHANNA PACIFIC PTY LTD,BUY,1250000,206.3
03-SEP-2026,NSE,block_deals,MEESHO,Meesho Limited,CANARA ROBECO MUTUAL FUND.,BUY,760000,206.3
03-SEP-2026,NSE,block_deals,CLEANMAX,Clean Max Enviro En Sol L,DSDG HOLDING APS,SELL,1633727,1220.0
03-SEP-2026,NSE,block_deals,KRT,Knowledge Realty Trust,IIFL MANAGEMENT SERVICES LIMITED,SELL,2831050,109.5
03-SEP-2026,NSE,block_deals,MEESHO,Meesho Limited,SVF II MEERKAT (DE) LLC,SELL,44682672,206.3
03-SEP-2026,NSE,block_deals,MEESHO,Meesho Limited,SVF II MEERKAT (DE) LLC,SELL,35317328,206.3
03/09/2026,BSE,bulk,511463,ALEXANDER,TATIA FINAANCIAL SERVICES LTD,B,70827.0,7.91
03/09/2026,BSE,bulk,530075,ANTELOPUS,IRAGE BROKING SERVICES LLP,B,191867.0,1026.45
03/09/2026,BSE,bulk,530075,ANTELOPUS,IRAGE BROKING SERVICES LLP,S,400360.0,1024.46
03/09/2026,BSE,bulk,541702,ASHNI,SHAH  JAYESHKUMAR,B,2862300.0,2.77
03/09/2026,BSE,bulk,531530,BETALA,AVIRAE CAPITAL,B,6885.0,34.05
03/09/2026,BSE,bulk,530249,BRIDGESE,KUNJIT MAHESHBHAI PATEL,B,438939.0,10.17
03/09/2026,BSE,bulk,530249,BRIDGESE,KUNJIT MAHESHBHAI PATEL,S,438939.0,10.32
03/09/2026,BSE,bulk,530249,BRIDGESE,KEYVENTURE ENTERPRISES PRIVATE LIMITED,S,1455100.0,10.32
03/09/2026,BSE,bulk,530249,BRIDGESE,KEYVENTURE ENTERPRISES PRIVATE LIMITED,B,100000.0,9.33
03/09/2026,BSE,bulk,530249,BRIDGESE,DEEPESH GOLECHA HUF,S,905331.0,10.32
03/09/2026,BSE,bulk,530249,BRIDGESE,DEEPESH GOLECHA HUF,B,905331.0,10.31
03/09/2026,BSE,bulk,530249,BRIDGESE,NEO APEX VENTURE LLP,B,500000.0,10.32
03/09/2026,BSE,bulk,530249,BRIDGESE,NEO APEX SHARE BROKING SERVICES LLP,B,500000.0,10.32
03/09/2026,BSE,bulk,530249,BRIDGESE,NEO APEX VENTURE LLP,S,500000.0,10.32
03/09/2026,BSE,bulk,530249,BRIDGESE,NEO APEX SHARE BROKING SERVICES LLP,S,500000.0,10.31
03/09/2026,BSE,bulk,539335,CALLISTA,ARCHANA DNYANESHWAR SADAWARTE,S,20000.0,143.0
03/09/2026,BSE,bulk,539335,CALLISTA,ANANTA TRADE ALLIANCE,B,35000.0,143.0
03/09/2026,BSE,bulk,524440,CAMEXLTD,PR ENERGY AND MINCHEM PRIVATE LIMITED,B,72669.0,41.0
03/09/2026,BSE,bulk,524440,CAMEXLTD,ANAND KANTILAL BAFNA,S,75000.0,41.0
03/09/2026,BSE,bulk,526546,CHOKSILA,EMKAY COMMERCIAL COMPANY LIMITED,B,39760.0,165.0
03/09/2026,BSE,bulk,540811,DML,SINGASANDRA NAGAPPA MAHADEVA,S,75000.0,13.95
03/09/2026,BSE,bulk,512441,ENBETRD,JABIR MOHAMMAD SILAWAT,B,5000000.0,0.29
03/09/2026,BSE,bulk,542543,ENERGYINF,SHAHI EXPORTS PRIVATE LIMITED,S,5400000.0,74.0
03/09/2026,BSE,bulk,542543,ENERGYINF,NEO TREASURY PLUS FUND,B,5425000.0,74.0
03/09/2026,BSE,bulk,531502,ESARIND,MSB E TRADE SECURITIES LIMITED,S,180344.0,12.89
03/09/2026,BSE,bulk,531502,ESARIND,MSB E TRADE SECURITIES LIMITED,B,180344.0,12.84
03/09/2026,BSE,bulk,531502,ESARIND,DIVAY DHAMIJA,B,107743.0,12.89
03/09/2026,BSE,bulk,521137,EUREKAI,AVULA SANDEEP MOHAN RAO,B,51122.0,6.46
03/09/2026,BSE,bulk,524444,EVEXIA,MANSI SHARE AND STOCK BROKING PRIVATE LIMITED,B,15700000.0,1.27
03/09/2026,BSE,bulk,524444,EVEXIA,NISHCHAYA TRADINGS PRIVATE LIMITED,S,25000000.0,1.27
03/09/2026,BSE,bulk,524444,EVEXIA,SILVERTOSS SHOPPERS PRIVATE LIMITED,S,10043529.0,1.28
03/09/2026,BSE,bulk,531911,GALAGEX,KANDHAN RAJARAM MUDALIYAR,S,80000.0,96.0
03/09/2026,BSE,bulk,531911,GALAGEX,SUNIL KISHINCHAND CHELLANI,B,100000.0,96.0
03/09/2026,BSE,bulk,544271,GARUDA,BRIDGE INDIA FUND,B,504403.0,179.0
03/09/2026,BSE,bulk,544271,GARUDA,MULTITUDE GROWTH FUNDS LIMITED,S,504403.0,179.0
03/09/2026,BSE,bulk,544156,GCONNECT,SUDHIR ISHWARLAL SHAH HUF,S,33000.0,14.0
03/09/2026,BSE,bulk,542446,JONJUA,ABHISHEK  GUPTA,S,255513.0,4.73
03/09/2026,BSE,bulk,544895,KWICK,SB OPPORTUNITIES FUND II,B,128000.0,153.05
03/09/2026,BSE,bulk,544895,KWICK,SANJAY POPATLAL JAIN,B,112000.0,155.29
03/09/2026,BSE,bulk,544895,KWICK,R K STOCKHOLDING PRIVATE LTD,S,280000.0,146.05
03/09/2026,BSE,bulk,544895,KWICK,MEZZANINE EQUITY PRIVATE LIMITED,B,174400.0,149.7
03/09/2026,BSE,bulk,544895,KWICK,SHIVARJUN BYRAPANENI RAO,B,240000.0,150.0
03/09/2026,BSE,bulk,544895,KWICK,SANDEEP SANJAR,B,129600.0,149.95
03/09/2026,BSE,bulk,544894,LUMINO,IRAGE BROKING SERVICES LLP,B,2854120.0,112.6
03/09/2026,BSE,bulk,544894,LUMINO,IRAGE BROKING SERVICES LLP,S,2430668.0,112.04
03/09/2026,BSE,bulk,544894,LUMINO,NK SECURITIES RESEARCH PVT. LTD.,B,1642663.0,112.21
03/09/2026,BSE,bulk,544894,LUMINO,NK SECURITIES RESEARCH PVT. LTD.,S,1642663.0,112.35
03/09/2026,BSE,bulk,544373,NAPSGLOBAL,RADHESHYAM MAKHARIA,S,49600.0,64.8
03/09/2026,BSE,bulk,544373,NAPSGLOBAL,MANISH UPENDRA SHANGHVI,B,52800.0,64.92
03/09/2026,BSE,bulk,511644,OMEGAIN,SAURABH MADHUSUDAN PATEL,S,446224.0,31.47
03/09/2026,BSE,bulk,540386,ONTIC,KAPADIA FINWEALTH LLP  .,S,493121.0,1.73
03/09/2026,BSE,bulk,540386,ONTIC,KAPADIA FINWEALTH LLP  .,B,5428.0,1.72
03/09/2026,BSE,bulk,540703,PROCLB,PARASRAMPURIA INFRASTRUCTURE LLP,S,27000.0,28.64
03/09/2026,BSE,bulk,540703,PROCLB,CLEAR VISION EYE HOSPITAL PRIVATE LIMITED,B,29960.0,28.64
03/09/2026,BSE,bulk,544629,RAVEL,VINEY GROWTH FUND,S,87000.0,108.0
03/09/2026,BSE,bulk,544629,RAVEL,VINEY EQUITY MARKET LLP,B,85000.0,108.0
03/09/2026,BSE,bulk,543366,SBLI,MAHESHBHAI RAMESHBHAI VAGHELA,B,6000.0,47.54
03/09/2026,BSE,bulk,544686,SHAYONAENG,SHAILI V PATEL,B,29000.0,139.0
03/09/2026,BSE,bulk,544686,SHAYONAENG,SINGASANDRA NAGAPPA MAHADEVA,S,31000.0,139.0
03/09/2026,BSE,bulk,540132,SIIL,SHAKUNTALA GUPTA,S,49297.0,15.01
03/09/2026,BSE,bulk,540132,SIIL,SAURABH  GUPTA,B,53761.0,15.0
03/09/2026,BSE,bulk,544566,SUNSKY,SINGASANDRA NAGAPPA MAHADEVA,S,76500.0,29.71
03/09/2026,BSE,bulk,531257,VELLORA,SHYAMA SHAHI,S,31222.0,13.01
02/09/2026,BSE,block,543225,ALTIUSINVIT,CDPQ INFRASTRUCTURES ASIA III INC.,B,211100000.0,165.0
02/09/2026,BSE,block,543225,ALTIUSINVIT,CDPQ INFRASTRUCTURES ASIA III INC.,B,520275000.0,165.0
02/09/2026,BSE,block,543225,ALTIUSINVIT,BIF IV JARVIS INDIA PTE LTD,S,520275000.0,165.0
02/09/2026,BSE,block,543225,ALTIUSINVIT,ANAHERA INVESTMENT PTE. LTD.,S,211100000.0,165.0
02/09/2026,BSE,block,544490,SHREEJISPG,UNITY ASSOCIATES,B,549000.0,645.3
02/09/2026,BSE,block,544490,SHREEJISPG,UNITY ASSOCIATES,B,549000.0,645.3
02/09/2026,BSE,block,544490,SHREEJISPG,ASHOKKUMAR HARIDAS LAL,S,549000.0,645.3
02/09/2026,BSE,block,544490,SHREEJISPG,LAL JITENDRA HARIDAS,S,549000.0,645.3
04-SEP-2026,NSE,bulk_deals,ABH,ABH Healthcare Limited,RAMASWAMY ANAND,BUY,129600,80.7
04-SEP-2026,NSE,bulk_deals,AHIMSA,Ahimsa Industries Ltd.,BRIDGE INDIA FUND,BUY,231000,25.75
04-SEP-2026,NSE,bulk_deals,ANTELOPUS,Antelopus Selan Enrgy Ltd,SANJAY KUMAR GUPTA,BUY,217937,1000.63
04-SEP-2026,NSE,bulk_deals,ANTELOPUS,Antelopus Selan Enrgy Ltd,JUNOMONETA FINSOL PRIVATE LIMITED,BUY,247701,1005.43
04-SEP-2026,NSE,bulk_deals,ANTELOPUS,Antelopus Selan Enrgy Ltd,QE SECURITIES LLP,BUY,278083,1001.1
04-SEP-2026,NSE,bulk_deals,ATALREAL,Atal Realtech Limited,MAHESH MULCHAND WAGHELA,BUY,1522972,26.06
04-SEP-2026,NSE,bulk_deals,ATALREAL,Atal Realtech Limited,L7 HITECH PRIVATE LIMITED,BUY,985564,26.15
04-SEP-2026,NSE,bulk_deals,BUILDPRO,Shankara Buildpro Limited,OHANA INDIA GROWTH FUND,BUY,200000,1296.99
04-SEP-2026,NSE,bulk_deals,CONNPLEX,Connplex Cinemas Limited,YANTRA ESOLARINDIA PRIVATE LIMITED,BUY,300000,225.0
04-SEP-2026,NSE,bulk_deals,CYBERMEDIA,Cyber Media (India) Limit,NK SECURITIES RESEARCH PRIVATE LIMITED,BUY,108500,26.32
04-SEP-2026,NSE,bulk_deals,DUCON-RE1,Ducon Infratech Ltd,NINJA SECURITIES PRIVATE LIMITED,BUY,2005000,0.39
04-SEP-2026,NSE,bulk_deals,GCSL,Gretex Corporate Services,MANSUKH SECURITIES & FINANCE LIMITED,BUY,145584,586.61
04-SEP-2026,NSE,bulk_deals,GIRIRAJ,Giriraj Civil Devp Ltd,AGARWAL FAMILY TRUST,BUY,875000,75.0
04-SEP-2026,NSE,bulk_deals,IFCI,IFCI Ltd.,MICROCURVES TRADING PRIVATE LIMITED,BUY,16087993,103.32
04-SEP-2026,NSE,bulk_deals,IFCI,IFCI Ltd.,JUNOMONETA FINSOL PRIVATE LIMITED,BUY,21297756,103.1
04-SEP-2026,NSE,bulk_deals,IFCI,IFCI Ltd.,JUMP TRADING FINANCIAL INDIA PRIVATE LIMITED,BUY,18677632,103.34
04-SEP-2026,NSE,bulk_deals,IFCI,IFCI Ltd.,HRTI PRIVATE LIMITED,BUY,21430978,103.26
04-SEP-2026,NSE,bulk_deals,IFCI,IFCI Ltd.,QE SECURITIES LLP,BUY,15311187,102.66
04-SEP-2026,NSE,bulk_deals,JINDWORLD,Jindal Worldwide Ltd,JUNOMONETA FINSOL PRIVATE LIMITED,BUY,10294764,53.53
04-SEP-2026,NSE,bulk_deals,JINDWORLD,Jindal Worldwide Ltd,ALPHAGREP SECURITIES PRIVATE LIMITED,BUY,5371312,54.24
04-SEP-2026,NSE,bulk_deals,JINDWORLD,Jindal Worldwide Ltd,IRAGE BROKING SERVICES LLP,BUY,5697202,53.52
04-SEP-2026,NSE,bulk_deals,JINDWORLD,Jindal Worldwide Ltd,HRTI PRIVATE LIMITED,BUY,6998787,54.68
04-SEP-2026,NSE,bulk_deals,JINDWORLD,Jindal Worldwide Ltd,MICROCURVES TRADING PRIVATE LIMITED,BUY,8785190,54.44
04-SEP-2026,NSE,bulk_deals,JINDWORLD,Jindal Worldwide Ltd,QE SECURITIES LLP,BUY,7730334,54.83
04-SEP-2026,NSE,bulk_deals,KSHITIJ-RE,Kshitij Polyline Ltd,JIGNESH EKNATH CHAUHAN,BUY,1200000,0.08
04-SEP-2026,NSE,bulk_deals,KSHITIJ-RE,Kshitij Polyline Ltd,EDWIN DSILVA,BUY,310200,0.08
04-SEP-2026,NSE,bulk_deals,KSHITIJPOL,Kshitij Polyline Limited,BHAVISHYA ECOMMERCE PRIVATE LIMITED,BUY,933593,3.29
04-SEP-2026,NSE,bulk_deals,KSHITIJPOL,Kshitij Polyline Limited,PRABHU LAL MEENA,BUY,880000,3.3
04-SEP-2026,NSE,bulk_deals,KSR,KSR Footwear Limited,KRISHNAM CHIRIMAR,BUY,181000,32.4
04-SEP-2026,NSE,bulk_deals,LAMOSAIC,Lamosaic India Limited,ACME CAPITAL MARKET LIMITED,BUY,60000,60.99
04-SEP-2026,NSE,bulk_deals,LANCORHOL,Lancor Holdings Limited,PRUDENT EQUITY PRIVATE LIMITED,BUY,16599,40.79
04-SEP-2026,NSE,bulk_deals,LUMINO,Lumino Industries Limited,GRT STRATEGIC VENTURES LLP,BUY,1700627,116.58
04-SEP-2026,NSE,bulk_deals,LUMINO,Lumino Industries Limited,BLITZQUANT RESEARCH LLP,BUY,2099235,117.66
04-SEP-2026,NSE,bulk_deals,LUMINO,Lumino Industries Limited,MICROCURVES TRADING PRIVATE LIMITED,BUY,7281236,116.74
04-SEP-2026,NSE,bulk_deals,LUMINO,Lumino Industries Limited,JUNOMONETA FINSOL PRIVATE LIMITED,BUY,7664459,116.89
04-SEP-2026,NSE,bulk_deals,LUMINO,Lumino Industries Limited,IRAGE BROKING SERVICES LLP,BUY,2892802,116.61
04-SEP-2026,NSE,bulk_deals,LUMINO,Lumino Industries Limited,ALPHAGREP SECURITIES PRIVATE LIMITED,BUY,1535247,117.26
04-SEP-2026,NSE,bulk_deals,LUMINO,Lumino Industries Limited,PURE BROKING PRIVATE LIMITED,BUY,2782193,116.79
04-SEP-2026,NSE,bulk_deals,LUMINO,Lumino Industries Limited,NK SECURITIES RESEARCH PRIVATE LIMITED,BUY,2921704,116.45
04-SEP-2026,NSE,bulk_deals,LUMINO,Lumino Industries Limited,YUGA STOCKS AND COMMODITIES PRIVATE LIMITED,BUY,2630515,116.09
04-SEP-2026,NSE,bulk_deals,LUMINO,Lumino Industries Limited,DIPAN MEHTA COMMODITIES PRIVATE LIMITED,BUY,2051306,116.56
04-SEP-2026,NSE,bulk_deals,MOTISONS,Motisons Jewellers Ltd,ARIHANT CAPITAL MARKETS LIMITED,BUY,10907748,16.45
04-SEP-2026,NSE,bulk_deals,MOTISONS,Motisons Jewellers Ltd,QE SECURITIES LLP,BUY,6109644,16.55
04-SEP-2026,NSE,bulk_deals,MOTISONS,Motisons Jewellers Ltd,HRTI PRIVATE LIMITED,BUY,6992916,16.45
04-SEP-2026,NSE,bulk_deals,MOTISONS,Motisons Jewellers Ltd,JUNOMONETA FINSOL PRIVATE LIMITED,BUY,7190902,16.56
04-SEP-2026,NSE,bulk_deals,MVELECTRO,MV Electrosystems Limited,HRTI PRIVATE LIMITED,BUY,206239,728.02
04-SEP-2026,NSE,bulk_deals,MVELECTRO,MV Electrosystems Limited,JUNOMONETA FINSOL PRIVATE LIMITED,BUY,241984,732.0
04-SEP-2026,NSE,bulk_deals,MVELECTRO,MV Electrosystems Limited,JUMP TRADING FINANCIAL INDIA PRIVATE LIMITED,BUY,183601,733.17
04-SEP-2026,NSE,bulk_deals,MVELECTRO,MV Electrosystems Limited,QE SECURITIES LLP,BUY,161439,729.59
04-SEP-2026,NSE,bulk_deals,PCJEWELLER,PC Jeweller Ltd,JUMP TRADING FINANCIAL INDIA PRIVATE LIMITED,BUY,114665998,11.33
04-SEP-2026,NSE,bulk_deals,PCJEWELLER,PC Jeweller Ltd,HRTI PRIVATE LIMITED,BUY,119828895,11.45
04-SEP-2026,NSE,bulk_deals,PRIORITY,Priority Jewels Limited,KIFS  ENTERPRISE,BUY,125000,232.3
04-SEP-2026,NSE,bulk_deals,PRIORITY,Priority Jewels Limited,AAGAM INVESTMENTS,BUY,198000,235.92
04-SEP-2026,NSE,bulk_deals,PROPSHOP,Propshop Events and Exh L,SAROJ ARYA,BUY,80000,69.0
04-SEP-2026,NSE,bulk_deals,RATNAVEER,Ratnaveer Precision Eng L,FINDELTA FINSERVE LLP,BUY,447000,303.62
04-SEP-2026,NSE,bulk_deals,RATNAVEER,Ratnaveer Precision Eng L,INFINITE DERIVATIVES LLP,BUY,450000,301.0
04-SEP-2026,NSE,bulk_deals,RATNAVEER,Ratnaveer Precision Eng L,ARIHANT CAPITAL MARKETS LIMITED,BUY,617397,298.33
04-SEP-2026,NSE,bulk_deals,RBZJEWEL,RBZ Jewellers Limited,QE SECURITIES LLP,BUY,296407,198.79
04-SEP-2026,NSE,bulk_deals,RBZJEWEL,RBZ Jewellers Limited,ALPHAGREP SECURITIES PRIVATE LIMITED,BUY,280687,199.52
04-SEP-2026,NSE,bulk_deals,RBZJEWEL,RBZ Jewellers Limited,JUNOMONETA FINSOL PRIVATE LIMITED,BUY,323696,199.57
04-SEP-2026,NSE,bulk_deals,RBZJEWEL,RBZ Jewellers Limited,NK SECURITIES RESEARCH PRIVATE LIMITED,BUY,231399,199.81
04-SEP-2026,NSE,bulk_deals,RCDL-RE,Rajgor Cast Derivati Ltd,SHABBIR NAZMUDDIN PARATHA,BUY,129000,2.48
04-SEP-2026,NSE,bulk_deals,RESPONIND,Responsive Industries Ltd,GRT STRATEGIC VENTURES LLP,BUY,1486402,169.04
04-SEP-2026,NSE,bulk_deals,RESPONIND,Responsive Industries Ltd,MICROCURVES TRADING PRIVATE LIMITED,BUY,2569617,168.87
04-SEP-2026,NSE,bulk_deals,SKYWAYS,Skyways Air Services Ltd,GOLDENDUNES LAND DEVELOPERS PRIVATE LIMITED,BUY,900000,131.0
04-SEP-2026,NSE,bulk_deals,SUNSHINE,Sunshine Pictures Limited,QE SECURITIES LLP,BUY,169868,457.75
04-SEP-2026,NSE,bulk_deals,SUNSHINE,Sunshine Pictures Limited,ARIHANT CAPITAL MARKETS LIMITED,BUY,294220,463.55
04-SEP-2026,NSE,bulk_deals,SUNSHINE,Sunshine Pictures Limited,JUMP TRADING FINANCIAL INDIA PRIVATE LIMITED,BUY,163305,464.14
04-SEP-2026,NSE,bulk_deals,SWIGGY,Swiggy Limited,BNP PARIBAS FINANCIAL MARKETS,BUY,17819404,276.1
04-SEP-2026,NSE,bulk_deals,SWIGGY,Swiggy Limited,GOLDMAN SACHS INVESTMENTS MAURITIUS I LIMITED,BUY,19884733,276.1
04-SEP-2026,NSE,bulk_deals,TEJASNET,Tejas Networks Limited,JUMP TRADING FINANCIAL INDIA PRIVATE LIMITED,BUY,1202941,609.53
04-SEP-2026,NSE,bulk_deals,TEJASNET,Tejas Networks Limited,HRTI PRIVATE LIMITED,BUY,1411116,611.31
04-SEP-2026,NSE,bulk_deals,TEJASNET,Tejas Networks Limited,GRAVITON RESEARCH CAPITAL LLP,BUY,898239,602.66
04-SEP-2026,NSE,bulk_deals,TEJASNET,Tejas Networks Limited,QE SECURITIES LLP,BUY,927729,607.31
04-SEP-2026,NSE,bulk_deals,TEJASNET,Tejas Networks Limited,MICROCURVES TRADING PRIVATE LIMITED,BUY,951789,610.67
04-SEP-2026,NSE,bulk_deals,TEMBO,Tembo Global Ind Ltd,VISTAAR TRADING SERVICE PRIVATE LIMITED,BUY,1349160,58.41
04-SEP-2026,NSE,bulk_deals,TEMBO,Tembo Global Ind Ltd,SHREY JAIN,BUY,1191952,58.43
04-SEP-2026,NSE,bulk_deals,UHTL,United Heat Transfer Ltd,MINDSET SECURITIES PRIVATE LIMITED,BUY,120000,158.4
04-SEP-2026,NSE,bulk_deals,VHLTD-RE1,Viceroy Hotels Ltd,DEENA RAM CHAUDHARY HUF,BUY,70000,0.49
04-SEP-2026,NSE,bulk_deals,VISAMAN,Visaman Global Sales Ltd,SANGEETA SHETALBHAI SHAH,BUY,465000,61.4
04-SEP-2026,NSE,bulk_deals,XTRANET,Xtranet Technologies Ltd,NEO APEX SHARE BROKING SERVICES LLP,BUY,347770,233.25
04-SEP-2026,NSE,bulk_deals,AARADHYA,Aaradhya Disposal Indus L,NARESH KUMAR BANSAL,SELL,350400,105.05
04-SEP-2026,NSE,bulk_deals,AHIMSA,Ahimsa Industries Ltd.,MULTITUDE GROWTH FUNDS LIMITED,SELL,231000,25.75
04-SEP-2026,NSE,bulk_deals,ANTELOPUS,Antelopus Selan Enrgy Ltd,SANJAY KUMAR GUPTA,SELL,229614,986.47
04-SEP-2026,NSE,bulk_deals,ANTELOPUS,Antelopus Selan Enrgy Ltd,JUNOMONETA FINSOL PRIVATE LIMITED,SELL,245060,1005.68
04-SEP-2026,NSE,bulk_deals,ANTELOPUS,Antelopus Selan Enrgy Ltd,QE SECURITIES LLP,SELL,267343,1000.19
04-SEP-2026,NSE,bulk_deals,ATALREAL,Atal Realtech Limited,MAHESH MULCHAND WAGHELA,SELL,1522972,26.12
04-SEP-2026,NSE,bulk_deals,ATALREAL,Atal Realtech Limited,L7 HITECH PRIVATE LIMITED,SELL,750000,26.15
04-SEP-2026,NSE,bulk_deals,CARERATING,CARE Ratings Ltd,TENCORE PARTNERS MASTER LTD.,SELL,217500,1725.0
04-SEP-2026,NSE,bulk_deals,CONNPLEX,Connplex Cinemas Limited,ANISH TULSHIBHAI PATEL,SELL,324800,225.02
04-SEP-2026,NSE,bulk_deals,CYBERMEDIA,Cyber Media (India) Limit,NK SECURITIES RESEARCH PRIVATE LIMITED,SELL,108500,26.57
04-SEP-2026,NSE,bulk_deals,ESDS,ESDS Software Solution L,ANCHORAGE CAPITAL SCHEME I,SELL,1003591,757.44
04-SEP-2026,NSE,bulk_deals,GCSL,Gretex Corporate Services,MANSUKH SECURITIES & FINANCE LIMITED,SELL,134306,589.79
04-SEP-2026,NSE,bulk_deals,GIRIRAJ,Giriraj Civil Devp Ltd,CHIPS AND BYTES INDIA PRIVATE LIMITED,SELL,875000,75.0
04-SEP-2026,NSE,bulk_deals,IFCI,IFCI Ltd.,MICROCURVES TRADING PRIVATE LIMITED,SELL,16087993,103.36
04-SEP-2026,NSE,bulk_deals,IFCI,IFCI Ltd.,JUNOMONETA FINSOL PRIVATE LIMITED,SELL,21324071,103.14
04-SEP-2026,NSE,bulk_deals,IFCI,IFCI Ltd.,JUMP TRADING FINANCIAL INDIA PRIVATE LIMITED,SELL,18677632,102.96
04-SEP-2026,NSE,bulk_deals,IFCI,IFCI Ltd.,HRTI PRIVATE LIMITED,SELL,15444587,103.02
04-SEP-2026,NSE,bulk_deals,IFCI,IFCI Ltd.,QE SECURITIES LLP,SELL,15752228,102.65
04-SEP-2026,NSE,bulk_deals,JINDWORLD,Jindal Worldwide Ltd,ALPHAGREP SECURITIES PRIVATE LIMITED,SELL,5371312,54.22
04-SEP-2026,NSE,bulk_deals,JINDWORLD,Jindal Worldwide Ltd,IRAGE BROKING SERVICES LLP,SELL,2897145,52.87
04-SEP-2026,NSE,bulk_deals,JINDWORLD,Jindal Worldwide Ltd,MICROCURVES TRADING PRIVATE LIMITED,SELL,8785190,54.48
04-SEP-2026,NSE,bulk_deals,JINDWORLD,Jindal Worldwide Ltd,HRTI PRIVATE LIMITED,SELL,6514552,54.13
04-SEP-2026,NSE,bulk_deals,JINDWORLD,Jindal Worldwide Ltd,QE SECURITIES LLP,SELL,7526883,54.28
04-SEP-2026,NSE,bulk_deals,JINDWORLD,Jindal Worldwide Ltd,JUNOMONETA FINSOL PRIVATE LIMITED,SELL,10220163,53.57
04-SEP-2026,NSE,bulk_deals,JISLDVREQS,Jain DVR Equity Shares,RAJENDRA SURINDER ARORA,SELL,99000,21.88
04-SEP-2026,NSE,bulk_deals,KSHITIJ-RE,Kshitij Polyline Ltd,BHAVISHYA ECOMMERCE PRIVATE LIMITED,SELL,519977,0.08
04-SEP-2026,NSE,bulk_deals,KSHITIJ-RE,Kshitij Polyline Ltd,MURINGATHERY JOHNY VARGHESE,SELL,1650170,0.08
04-SEP-2026,NSE,bulk_deals,KSHITIJ-RE,Kshitij Polyline Ltd,N J SHARES & SECURITIES PVT.LTD.,SELL,500000,0.08
04-SEP-2026,NSE,bulk_deals,KSR,KSR Footwear Limited,ALPA WEALTH CREATOR,SELL,133892,32.48
04-SEP-2026,NSE,bulk_deals,LANCORHOL,Lancor Holdings Limited,PRUDENT EQUITY PRIVATE LIMITED,SELL,388198,37.95
04-SEP-2026,NSE,bulk_deals,LUMINO,Lumino Industries Limited,JUNOMONETA FINSOL PRIVATE LIMITED,SELL,7753861,116.92
04-SEP-2026,NSE,bulk_deals,LUMINO,Lumino Industries Limited,MICROCURVES TRADING PRIVATE LIMITED,SELL,7281236,116.79
04-SEP-2026,NSE,bulk_deals,LUMINO,Lumino Industries Limited,BLITZQUANT RESEARCH LLP,SELL,2099235,117.7
04-SEP-2026,NSE,bulk_deals,LUMINO,Lumino Industries Limited,DIPAN MEHTA COMMODITIES PRIVATE LIMITED,SELL,2051306,116.84
04-SEP-2026,NSE,bulk_deals,LUMINO,Lumino Industries Limited,YUGA STOCKS AND COMMODITIES PRIVATE LIMITED,SELL,6882327,117.08
04-SEP-2026,NSE,bulk_deals,LUMINO,Lumino Industries Limited,NK SECURITIES RESEARCH PRIVATE LIMITED,SELL,2921704,116.49
04-SEP-2026,NSE,bulk_deals,LUMINO,Lumino Industries Limited,PURE BROKING PRIVATE LIMITED,SELL,2794315,116.84
04-SEP-2026,NSE,bulk_deals,LUMINO,Lumino Industries Limited,ALPHAGREP SECURITIES PRIVATE LIMITED,SELL,1535247,117.13
04-SEP-2026,NSE,bulk_deals,LUMINO,Lumino Industries Limited,GRT STRATEGIC VENTURES LLP,SELL,1700627,116.62
04-SEP-2026,NSE,bulk_deals,LUMINO,Lumino Industries Limited,IRAGE BROKING SERVICES LLP,SELL,2974124,116.48
04-SEP-2026,NSE,bulk_deals,MAXPOSURE,Maxposure Limited,GAVRILL METAL PRIVATE LIMITED,SELL,172000,30.0
04-SEP-2026,NSE,bulk_deals,MOTISONS,Motisons Jewellers Ltd,ARIHANT CAPITAL MARKETS LIMITED,SELL,11522548,16.6
04-SEP-2026,NSE,bulk_deals,MOTISONS,Motisons Jewellers Ltd,HRTI PRIVATE LIMITED,SELL,7223664,16.5
04-SEP-2026,NSE,bulk_deals,MOTISONS,Motisons Jewellers Ltd,JUNOMONETA FINSOL PRIVATE LIMITED,SELL,7195136,16.56
04-SEP-2026,NSE,bulk_deals,MOTISONS,Motisons Jewellers Ltd,QE SECURITIES LLP,SELL,6341203,16.5
04-SEP-2026,NSE,bulk_deals,MVELECTRO,MV Electrosystems Limited,JUMP TRADING FINANCIAL INDIA PRIVATE LIMITED,SELL,183601,733.68
04-SEP-2026,NSE,bulk_deals,MVELECTRO,MV Electrosystems Limited,JUNOMONETA FINSOL PRIVATE LIMITED,SELL,242774,732.47
04-SEP-2026,NSE,bulk_deals,MVELECTRO,MV Electrosystems Limited,HRTI PRIVATE LIMITED,SELL,256706,734.34
04-SEP-2026,NSE,bulk_deals,MVELECTRO,MV Electrosystems Limited,QE SECURITIES LLP,SELL,159657,733.54
04-SEP-2026,NSE,bulk_deals,PCJEWELLER,PC Jeweller Ltd,HRTI PRIVATE LIMITED,SELL,67151105,11.42
04-SEP-2026,NSE,bulk_deals,PCJEWELLER,PC Jeweller Ltd,JUMP TRADING FINANCIAL INDIA PRIVATE LIMITED,SELL,114665998,11.34
04-SEP-2026,NSE,bulk_deals,PROPSHOP,Propshop Events and Exh L,GOLDENDUNES BUILDERS AND DEVELOPERS PRIVATE LIMITED,SELL,114000,69.28
04-SEP-2026,NSE,bulk_deals,RATNAVEER,Ratnaveer Precision Eng L,ARIHANT CAPITAL MARKETS LIMITED,SELL,617397,301.42
04-SEP-2026,NSE,bulk_deals,RATNAVEER,Ratnaveer Precision Eng L,INFINITE DERIVATIVES LLP,SELL,500000,303.89
04-SEP-2026,NSE,bulk_deals,RBZJEWEL,RBZ Jewellers Limited,JUNOMONETA FINSOL PRIVATE LIMITED,SELL,324302,199.78
04-SEP-2026,NSE,bulk_deals,RBZJEWEL,RBZ Jewellers Limited,NK SECURITIES RESEARCH PRIVATE LIMITED,SELL,231399,199.97
04-SEP-2026,NSE,bulk_deals,RBZJEWEL,RBZ Jewellers Limited,QE SECURITIES LLP,SELL,290110,199.57
04-SEP-2026,NSE,bulk_deals,RBZJEWEL,RBZ Jewellers Limited,ALPHAGREP SECURITIES PRIVATE LIMITED,SELL,280687,199.47
04-SEP-2026,NSE,bulk_deals,RCDL-RE,Rajgor Cast Derivati Ltd,CRAFT EMERGING MARKET FUND PCC-ELITE CAPITAL FUND,SELL,141000,2.5
04-SEP-2026,NSE,bulk_deals,RESPONIND,Responsive Industries Ltd,MICROCURVES TRADING PRIVATE LIMITED,SELL,2569617,169.01
04-SEP-2026,NSE,bulk_deals,RESPONIND,Responsive Industries Ltd,GRT STRATEGIC VENTURES LLP,SELL,1486402,169.12
04-SEP-2026,NSE,bulk_deals,SUNSHINE,Sunshine Pictures Limited,ARIHANT CAPITAL MARKETS LIMITED,SELL,338666,465.17
04-SEP-2026,NSE,bulk_deals,SUNSHINE,Sunshine Pictures Limited,QE SECURITIES LLP,SELL,166514,457.48
04-SEP-2026,NSE,bulk_deals,SUNSHINE,Sunshine Pictures Limited,JUMP TRADING FINANCIAL INDIA PRIVATE LIMITED,SELL,163305,450.41
04-SEP-2026,NSE,bulk_deals,TEJASNET,Tejas Networks Limited,HRTI PRIVATE LIMITED,SELL,970588,609.76
04-SEP-2026,NSE,bulk_deals,TEJASNET,Tejas Networks Limited,QE SECURITIES LLP,SELL,971587,609.75
04-SEP-2026,NSE,bulk_deals,TEJASNET,Tejas Networks Limited,JUMP TRADING FINANCIAL INDIA PRIVATE LIMITED,SELL,1129538,609.73
04-SEP-2026,NSE,bulk_deals,TEJASNET,Tejas Networks Limited,GRAVITON RESEARCH CAPITAL LLP,SELL,898239,603.04
04-SEP-2026,NSE,bulk_deals,TEJASNET,Tejas Networks Limited,MICROCURVES TRADING PRIVATE LIMITED,SELL,951789,610.86
04-SEP-2026,NSE,bulk_deals,TEMBO,Tembo Global Ind Ltd,VISTAAR TRADING SERVICE PRIVATE LIMITED,SELL,1349160,58.46
04-SEP-2026,NSE,bulk_deals,TEMBO,Tembo Global Ind Ltd,SHREY JAIN,SELL,1202576,57.96
04-SEP-2026,NSE,bulk_deals,UHTL,United Heat Transfer Ltd,MULTIPLIER SHARE & STOCK ADVISORS PRIVATE LIMITED,SELL,124000,158.4
04-SEP-2026,NSE,bulk_deals,VHLTD-RE1,Viceroy Hotels Ltd,UDBHAV  AGARWALLA,SELL,76456,0.49
04-SEP-2026,NSE,bulk_deals,VISAMAN,Visaman Global Sales Ltd,MAYURI SHRIPAL VORA,SELL,520000,61.4
04-SEP-2026,NSE,bulk_deals,XTRANET,Xtranet Technologies Ltd,NEO APEX SHARE BROKING SERVICES LLP,SELL,347770,234.04
04-SEP-2026,NSE,block_deals,NXST,Nexus Select Trust,WHITEOAK CAPITAL MUTUAL FUND,BUY,7495149,164.0
04-SEP-2026,NSE,block_deals,NXST,Nexus Select Trust,BREP ASIA SG FORUM HOLDING (NQ) PTE LIMITED,SELL,7495149,164.0
04/09/2026,BSE,bulk,520121,ARCEEIN,SHRUTI  GUPTA,S,82000.0,12.64
04/09/2026,BSE,bulk,520121,ARCEEIN,SADRAVYA MONEY MANAGEMENT  PVT LTD,B,88000.0,12.64
04/09/2026,BSE,bulk,541702,ASHNI,SATISH JASHVANTBHAI MEJIYATAR,S,2810691.0,2.85
04/09/2026,BSE,bulk,541702,ASHNI,BHAVISHYA ECOMMERCE PRIVATE LIMITED,S,7155276.0,2.85
04/09/2026,BSE,bulk,541702,ASHNI,SAURABH MADHUSUDAN PATEL,B,10200000.0,2.85
04/09/2026,BSE,bulk,544628,ASTRONMULT,JYOTIBEN NARENDRAKUMAR VORA,S,72000.0,17.1
04/09/2026,BSE,bulk,544628,ASTRONMULT,JYOTIBEN NARENDRAKUMAR VORA,B,64000.0,17.28
04/09/2026,BSE,bulk,531530,BETALA,PARESH DHIRAJLAL SHAH,B,15664.0,35.75
04/09/2026,BSE,bulk,530249,BRIDGESE,NEO APEX SHARE BROKING SERVICES LLP,S,970087.0,11.33
04/09/2026,BSE,bulk,530249,BRIDGESE,KEYVENTURE ENTERPRISES PRIVATE LIMITED,S,324842.0,11.35
04/09/2026,BSE,bulk,530249,BRIDGESE,KEYVENTURE ENTERPRISES PRIVATE LIMITED,B,422100.0,11.31
04/09/2026,BSE,bulk,530249,BRIDGESE,DEEPESH GOLECHA HUF,B,1420906.0,11.34
04/09/2026,BSE,bulk,530249,BRIDGESE,DEEPESH GOLECHA HUF,S,1163915.0,11.35
04/09/2026,BSE,bulk,530249,BRIDGESE,NEO APEX VENTURE LLP,B,497846.0,11.35
04/09/2026,BSE,bulk,530249,BRIDGESE,NEO APEX SHARE BROKING SERVICES LLP,B,970087.0,11.28
04/09/2026,BSE,bulk,530249,BRIDGESE,NEO APEX VENTURE LLP,S,497846.0,11.35
04/09/2026,BSE,bulk,544517,BUILDPRO,OHANA INDIA GROWTH FUND,B,200000.0,1297.0
04/09/2026,BSE,bulk,539335,CALLISTA,ARCHANA DNYANESHWAR SADAWARTE,S,16356.0,144.36
04/09/2026,BSE,bulk,539335,CALLISTA,KRIS REGALIA,B,34000.0,144.4
04/09/2026,BSE,bulk,534804,CARERATING,TENCORE PARTNERS MASTER LTD.,S,209037.0,1725.0
04/09/2026,BSE,bulk,544900,CSML,HEEMA BIPIN SHAH,B,189000.0,138.99
04/09/2026,BSE,bulk,544900,CSML,SHRENI SHARES LTD,S,280000.0,141.63
04/09/2026,BSE,bulk,544900,CSML,SHRENI SHARES LTD,B,480000.0,139.0
04/09/2026,BSE,bulk,544900,CSML,MANSI SHARE AND STOCK BROKING PRIVATE LIMITED,B,530000.0,143.3
04/09/2026,BSE,bulk,544900,CSML,F3 ADVISORS PRIVATE LIMITED,B,104000.0,145.92
04/09/2026,BSE,bulk,544900,CSML,SURESH BACHUBHAI SHAH,B,117000.0,139.03
04/09/2026,BSE,bulk,531502,ESARIND,MSB E TRADE SECURITIES LIMITED,B,154896.0,13.44
04/09/2026,BSE,bulk,531502,ESARIND,MSB E TRADE SECURITIES LIMITED,S,154896.0,13.53
04/09/2026,BSE,bulk,531502,ESARIND,DIVAY DHAMIJA,B,175638.0,13.53
04/09/2026,BSE,bulk,524444,EVEXIA,NISHCHAYA TRADINGS PRIVATE LIMITED,S,9515948.0,1.25
04/09/2026,BSE,bulk,524444,EVEXIA,SETU SECURITIES PVT LTD,B,25000000.0,1.27
04/09/2026,BSE,bulk,524444,EVEXIA,NEO APEX SHARE BROKING SERVICES LLP,B,15000005.0,1.27
04/09/2026,BSE,bulk,524444,EVEXIA,NEO APEX SHARE BROKING SERVICES LLP,S,5.0,1.28
04/09/2026,BSE,bulk,543245,GLAND,FOSUN PHARMA INDUSTRIAL PTE. LTD.,S,2291500.0,2833.45
04/09/2026,BSE,bulk,543245,GLAND,FOSUN PHARMA INDUSTRIAL PTE. LTD.,S,7605500.0,2827.38
04/09/2026,BSE,bulk,543245,GLAND,ICICI PRUDENTIAL MUTUAL FUND,B,1039000.0,2826.6
04/09/2026,BSE,bulk,543245,GLAND,AXIS MUTUAL FUND,B,1357000.0,2826.6
04/09/2026,BSE,bulk,543245,GLAND,KOTAK MAHINDRA MUTUAL FUND,B,2793000.0,2826.6
04/09/2026,BSE,bulk,544675,GTIL,PACE STOCK BROKING SERVICES PVT LTD,S,72000.0,141.4
04/09/2026,BSE,bulk,531840,IECEDU,NAMAN KASAT,S,79960.0,31.59
04/09/2026,BSE,bulk,538833,KAIZENAGRO,MULTITUDE GROWTH FUNDS LIMITED,S,3468000.0,10.08
04/09/2026,BSE,bulk,538833,KAIZENAGRO,EMINENCE GLOBAL FUND PCC- EUBILIA CAPITAL PARTNERS FUND I,B,3468000.0,10.08
04/09/2026,BSE,bulk,531126,KATIPATANG,ALT-ATTITUDE ADVISORY LLP,S,350000.0,13.7
04/09/2026,BSE,bulk,531126,KATIPATANG,ARCANE TECHNOLOGY PRIVATE LIMITED,B,400000.0,13.7
04/09/2026,BSE,bulk,543542,KESAR,MULTITUDE GROWTH FUNDS LIMITED,S,986000.0,1150.0
04/09/2026,BSE,bulk,543542,KESAR,NORTH STAR OPPORTUNITIES FUND VCC-BULL VALUE INCORPORATED VCC SUB-FUND,B,980100.0,1150.0
04/09/2026,BSE,bulk,539408,KUBERJI,NEO APEX SHARE BROKING SERVICES LLP,S,25205.0,45.8
04/09/2026,BSE,bulk,539408,KUBERJI,GLOBALWORTH SECURITIES LIMITED,B,25000.0,47.74
04/09/2026,BSE,bulk,539408,KUBERJI,SAHASTRAA ADVISORS PRIVATE LIMITED,S,10000.0,50.62
04/09/2026,BSE,bulk,539408,KUBERJI,SAHASTRAA ADVISORS PRIVATE LIMITED,B,20000.0,47.01
04/09/2026,BSE,bulk,539408,KUBERJI,BHARAT DEWAKINANDAN AGARWAL,S,20000.0,47.5
04/09/2026,BSE,bulk,544895,KWICK,MEZZANINE EQUITY PRIVATE LIMITED,S,174400.0,165.37
04/09/2026,BSE,bulk,526179,LUDLOWJUT,RATNABALI EQUITY PRIVATE LIMITED,B,54452.0,339.3
04/09/2026,BSE,bulk,544894,LUMINO,IRAGE BROKING SERVICES LLP,S,1920987.0,116.63
04/09/2026,BSE,bulk,544894,LUMINO,IRAGE BROKING SERVICES LLP,B,2002309.0,116.27
04/09/2026,BSE,bulk,543613,MAFIA,PRAFUL SEVANTILAL DOSHI,B,24000.0,5.64
04/09/2026,BSE,bulk,531281,MARBLE,SALSETT VINIMAY PRIVATE LIMITED,B,389887.0,102.61
04/09/2026,BSE,bulk,531281,MARBLE,VPS CONSTRUCTIONS PRIVATE LIMITED,S,400400.0,102.63
04/09/2026,BSE,bulk,544668,NANTA,SANDEEP  SINGH,B,48000.0,324.55
04/09/2026,BSE,bulk,517554,NHCFOODS,NEO APEX SHARE BROKING SERVICES LLP,S,5300000.0,2.84
04/09/2026,BSE,bulk,517554,NHCFOODS,NEO APEX SHARE BROKING SERVICES LLP,B,5000000.0,2.59
04/09/2026,BSE,bulk,517554,NHCFOODS,BAKUL ANIL MANVATKAR,B,5800000.0,2.8
04/09/2026,BSE,bulk,517554,NHCFOODS,INVENTURE GROWTH & SECURITIES LTD.,B,5500000.0,2.58
04/09/2026,BSE,bulk,517554,NHCFOODS,SATYAM SHIRISHCHANDRA JOSHI,B,5200000.0,2.58
04/09/2026,BSE,bulk,531512,ORIENTTR,NIKHILESH TRADERS LLP,B,63336.0,4.16
04/09/2026,BSE,bulk,531512,ORIENTTR,NIKHILESH TRADERS LLP,S,398784.0,4.15
04/09/2026,BSE,bulk,531512,ORIENTTR,USHA SHARMA,B,335000.0,4.16
04/09/2026,BSE,bulk,544897,PALUCK,YUGA STOCKS AND COMMODITIES PRIVATE LIMITED,B,180000.0,49.13
04/09/2026,BSE,bulk,544897,PALUCK,SMC GLOBAL SECURITIES LIMITED,B,201000.0,46.56
04/09/2026,BSE,bulk,544897,PALUCK,PUNE E - STOCK BROKING LIMITED,B,165000.0,46.08
04/09/2026,BSE,bulk,544897,PALUCK,NEO APEX SHARE BROKING SERVICES LLP,B,369000.0,46.65
04/09/2026,BSE,bulk,526588,PHOTOQUP,PULIN DHAVAL SONI,B,60000.0,13.3
04/09/2026,BSE,bulk,526588,PHOTOQUP,DWAITH ADVISORY PRIVATE LIMITED,S,100000.0,13.3
04/09/2026,BSE,bulk,526588,PHOTOQUP,DHAVAL JAYANT SONI,B,40277.0,13.31
04/09/2026,BSE,bulk,544872,QTFOODS,KAMAL KUMAR KABRA,S,43200.0,53.64
04/09/2026,BSE,bulk,544872,QTFOODS,NEO APEX SHARE BROKING SERVICES LLP,B,180000.0,50.32
04/09/2026,BSE,bulk,544872,QTFOODS,NEO APEX SHARE BROKING SERVICES LLP,S,81600.0,50.53
04/09/2026,BSE,bulk,517035,RIR,MULTITUDE GROWTH FUNDS LIMITED,S,1898735.0,161.02
04/09/2026,BSE,bulk,517035,RIR,EMINENCE GLOBAL FUND PCC - EUBILIA CAPITAL PARTNERS FUND I,B,1898735.0,161.02
04/09/2026,BSE,bulk,517035,RIR,BRIDGE INDIA FUND,B,1680427.0,163.23
04/09/2026,BSE,bulk,517035,RIR,MULTITUDE GROWTH FUNDS LIMITED,S,1680427.0,163.22
04/09/2026,BSE,bulk,543970,SHOORA,MULTITUDE GROWTH FUNDS LIMITED,S,207000.0,68.6
04/09/2026,BSE,bulk,543970,SHOORA,BRIDGE INDIA FUND,B,207000.0,68.6
04/09/2026,BSE,bulk,539026,SSPNFIN,YOGI SHAJANAND NATH,S,32000.0,6.88
04/09/2026,BSE,bulk,530495,STRATMONT,EMINENCE GLOBAL FUND PCC- EUBILIA CAPITAL PARTNERS FUND I,B,1907600.0,55.1
04/09/2026,BSE,bulk,530495,STRATMONT,MULTITUDE GROWTH FUNDS LIMITED,S,1907600.0,55.1
04/09/2026,BSE,bulk,544028,TATATECH,PATRICK RAYMON MCGOLDRICK,S,2100000.0,785.0
04/09/2026,BSE,bulk,544877,TECHNOCRAT,SURYATEJ ADVISORS LLP,B,100000.0,349.63
04/09/2026,BSE,bulk,544406,UNIFIED,VIKAS VIJAYKUMAR KHEMANI,S,107600.0,387.61
04/09/2026,BSE,bulk,538918,VANICOM,LARES ALGOTECH INDIA PRIVATE LIMITED,B,828422.0,8.13
04/09/2026,BSE,bulk,538918,VANICOM,RICHA  AGRAWAL,S,198680.0,8.19
04/09/2026,BSE,bulk,538918,VANICOM,SHILPI  GUPTA,S,421796.0,8.08
04/09/2026,BSE,bulk,531257,VELLORA,SHYAMA SHAHI,S,34494.0,12.28
04/09/2026,BSE,bulk,524576,VIVIDIND,SUMIRAN SUMISH MODY,B,48253.0,24.32
04/09/2026,BSE,bulk,524576,VIVIDIND,SUMAN CHEPURI,B,3.0,21.59
04/09/2026,BSE,bulk,524576,VIVIDIND,SUMAN CHEPURI,S,83800.0,24.36
04/09/2026,BSE,bulk,538451,WORTH,MUKESH BABU SECURITIES LIMITED,B,2500000.0,3.6
04/09/2026,BSE,bulk,538451,WORTH,CHETAN KIRITBHAI MEHTA,S,4000000.0,3.61
04/09/2026,BSE,block,543245,GLAND,ADITYA BIRLA SUN LIFE MUTUAL FUND,B,90000.0,2826.6
04/09/2026,BSE,block,543245,GLAND,KOTAK MAHINDRA MUTUAL FUND,B,2793000.0,2826.6
04/09/2026,BSE,block,543245,GLAND,SBI LIFE INSURANCE COMPANY LIMITED,B,420000.0,2826.6
04/09/2026,BSE,block,543245,GLAND,HDFC STANDARD LIFE INSURANCE CO LTD,B,541500.0,2826.6
04/09/2026,BSE,block,543245,GLAND,MIRAE ASSET MUTUAL FUND,B,175000.0,2826.6
04/09/2026,BSE,block,543245,GLAND,SOCIETE GENERALE,B,400000.0,2826.6
04/09/2026,BSE,block,543245,GLAND,KOTAK MAHINDRA LIFE INSURANCE COMPANY LIMITED,B,250000.0,2826.6
04/09/2026,BSE,block,543245,GLAND,AXIS MUTUAL FUND,B,1357000.0,2826.6
04/09/2026,BSE,block,543245,GLAND,NRSGVCC,B,270000.0,2826.6
04/09/2026,BSE,block,543245,GLAND,ICICI PRUDENTIAL MUTUAL FUND,B,1039000.0,2826.6
04/09/2026,BSE,block,543245,GLAND,SUNDARAM MUTUAL FUND,B,170000.0,2826.6
04/09/2026,BSE,block,543245,GLAND,FOSUN PHARMA INDUSTRIAL PTE. LTD.,S,90000.0,2826.6
04/09/2026,BSE,block,543245,GLAND,FOSUN PHARMA INDUSTRIAL PTE. LTD.,S,170000.0,2826.6
04/09/2026,BSE,block,543245,GLAND,FOSUN PHARMA INDUSTRIAL PTE. LTD.,S,175000.0,2826.6
04/09/2026,BSE,block,543245,GLAND,FOSUN PHARMA INDUSTRIAL PTE. LTD.,S,250000.0,2826.6
04/09/2026,BSE,block,543245,GLAND,FOSUN PHARMA INDUSTRIAL PTE. LTD.,S,270000.0,2826.6
04/09/2026,BSE,block,543245,GLAND,FOSUN PHARMA INDUSTRIAL PTE. LTD.,S,400000.0,2826.6
04/09/2026,BSE,block,543245,GLAND,FOSUN PHARMA INDUSTRIAL PTE. LTD.,S,420000.0,2826.6
04/09/2026,BSE,block,543245,GLAND,FOSUN PHARMA INDUSTRIAL PTE. LTD.,S,541500.0,2826.6
04/09/2026,BSE,block,543245,GLAND,FOSUN PHARMA INDUSTRIAL PTE. LTD.,S,1039000.0,2826.6
04/09/2026,BSE,block,543245,GLAND,FOSUN PHARMA INDUSTRIAL PTE. LTD.,S,1357000.0,2826.6
04/09/2026,BSE,block,543245,GLAND,FOSUN PHARMA INDUSTRIAL PTE. LTD.,S,2793000.0,2826.6
04/09/2026,BSE,block,544028,TATATECH,ICICI PRUDENTIAL MUTUAL FUND,B,600000.0,785.0
04/09/2026,BSE,block,544028,TATATECH,KOTAK MAHINDRA MUTUAL FUND,B,780000.0,785.0
04/09/2026,BSE,block,544028,TATATECH,360 ONE ASSET MANAGEMENT LIMITED,B,400000.0,785.0
04/09/2026,BSE,block,544028,TATATECH,CARNELIAN ASSET MANAGEMENT & ADVISORS PRIVATE LIMITED,B,320000.0,785.0
04/09/2026,BSE,block,544028,TATATECH,PATRICK RAYMON MCGOLDRICK,S,320000.0,785.0
04/09/2026,BSE,block,544028,TATATECH,PATRICK RAYMON MCGOLDRICK,S,400000.0,785.0
04/09/2026,BSE,block,544028,TATATECH,PATRICK RAYMON MCGOLDRICK,S,600000.0,785.0
04/09/2026,BSE,block,544028,TATATECH,PATRICK RAYMON MCGOLDRICK,S,780000.0,785.0
07-SEP-2026,NSE,bulk_deals,ANDHRAPAP,ANDHRA PAPER LIMITED,SILVERLEAF CAPITAL SERVICES PRIVATE LIMITED,BUY,1310661,72.39
07-SEP-2026,NSE,bulk_deals,ANDHRAPAP,ANDHRA PAPER LIMITED,NK SECURITIES RESEARCH PRIVATE LIMITED,BUY,1593777,72.89
07-SEP-2026,NSE,bulk_deals,ANDHRAPAP,ANDHRA PAPER LIMITED,MICROCURVES TRADING PRIVATE LIMITED,BUY,1818411,73.88
07-SEP-2026,NSE,bulk_deals,ANTELOPUS,Antelopus Selan Enrgy Ltd,JUNOMONETA FINSOL PRIVATE LIMITED,BUY,190423,982.61
07-SEP-2026,NSE,bulk_deals,ANTELOPUS,Antelopus Selan Enrgy Ltd,QE SECURITIES LLP,BUY,179559,975.83
07-SEP-2026,NSE,bulk_deals,ASHUTOSH,Ashutosh Fibre Limited,KIFS  ENTERPRISE,BUY,174000,140.0
07-SEP-2026,NSE,bulk_deals,ASHUTOSH,Ashutosh Fibre Limited,VENKATA NAGARAJU PADALA,BUY,148800,140.98
07-SEP-2026,NSE,bulk_deals,ATALREAL,Atal Realtech Limited,MAHESH MULCHAND WAGHELA,BUY,1948500,26.53
07-SEP-2026,NSE,bulk_deals,ATALREAL,Atal Realtech Limited,NIRAJ HARSUKHLAL SANGHAVI,BUY,2000000,26.49
07-SEP-2026,NSE,bulk_deals,ATALREAL,Atal Realtech Limited,RATHOD DIGVIJAYSINH RAJENDRASINH,BUY,1380000,26.52
07-SEP-2026,NSE,bulk_deals,ATALREAL,Atal Realtech Limited,HARSHIL HITESH DOSHI,BUY,840000,26.56
07-SEP-2026,NSE,bulk_deals,ATALREAL,Atal Realtech Limited,MAHAMMADFARUK HAJIBHAI MIR,BUY,824336,26.52
07-SEP-2026,NSE,bulk_deals,ATALREAL,Atal Realtech Limited,VISHAL MAHESH WAGHELA,BUY,800000,26.56
07-SEP-2026,NSE,bulk_deals,ATALREAL,Atal Realtech Limited,HRTI PRIVATE LIMITED,BUY,682651,26.56
07-SEP-2026,NSE,bulk_deals,ATALREAL,Atal Realtech Limited,JAGID VANITABEN RAJENDRAPRASAD,BUY,3559319,26.55
07-SEP-2026,NSE,bulk_deals,ATALREAL,Atal Realtech Limited,KARAN RASHMIKANT SHAH,BUY,800001,26.53
07-SEP-2026,NSE,bulk_deals,ATALREAL,Atal Realtech Limited,PARKER PRECIOUS  METALS LLP,BUY,1886000,26.51
07-SEP-2026,NSE,bulk_deals,ATALREAL,Atal Realtech Limited,L7 HITECH PRIVATE LIMITED,BUY,1653583,26.51
07-SEP-2026,NSE,bulk_deals,ATALREAL,Atal Realtech Limited,TRADEFLOW DYNAMICS PRIVATE LIMITED,BUY,3500000,26.55
07-SEP-2026,NSE,bulk_deals,BI,Bilcare Ltd.,GUTTIKONDA VARA LAKSHMI,BUY,125814,100.64
07-SEP-2026,NSE,bulk_deals,BIRLACABLE,Birla Cable Limited,MULTIPLIER SHARE & STOCK ADVISORS PRIVATE LIMITED,BUY,157612,360.01
07-SEP-2026,NSE,bulk_deals,BODALCHEM,Bodal Chemicals Ltd,NEO APEX SHARE BROKING SERVICES LLP,BUY,734966,170.35
07-SEP-2026,NSE,bulk_deals,FASCINATE,Fascinate Textiles Ltd,KUBER INVESTMENTS,BUY,100800,65.3
07-SEP-2026,NSE,bulk_deals,FASCINATE,Fascinate Textiles Ltd,DV STOCK VISION LLP,BUY,100000,65.3
07-SEP-2026,NSE,bulk_deals,FMGOETZE,Federal-Mogul Goetze (I),HRTI PRIVATE LIMITED,BUY,201470,477.06
07-SEP-2026,NSE,bulk_deals,GCSL,Gretex Corporate Services,HRTI PRIVATE LIMITED,BUY,159924,606.04
07-SEP-2026,NSE,bulk_deals,GCSL,Gretex Corporate Services,MANSUKH SECURITIES & FINANCE LIMITED,BUY,96368,604.67
07-SEP-2026,NSE,bulk_deals,GMMPFAUDLR,GMM Pfaudler Limited,PERSISTENCE CAPITAL FUND I,BUY,240000,1236.11
07-SEP-2026,NSE,bulk_deals,HEG,HEG Ltd,HDFC MUTUAL FUND,BUY,993201,266.21
07-SEP-2026,NSE,bulk_deals,HIKAL,Hikal Limited,ALPHAGREP SECURITIES PRIVATE LIMITED,BUY,1417450,245.62
07-SEP-2026,NSE,bulk_deals,HIKAL,Hikal Limited,NK SECURITIES RESEARCH PRIVATE LIMITED,BUY,1000807,245.47
07-SEP-2026,NSE,bulk_deals,HIKAL,Hikal Limited,QE SECURITIES LLP,BUY,1079302,244.74
07-SEP-2026,NSE,bulk_deals,HIKAL,Hikal Limited,JUNOMONETA FINSOL PRIVATE LIMITED,BUY,760751,244.86
07-SEP-2026,NSE,bulk_deals,HIKAL,Hikal Limited,MICROCURVES TRADING PRIVATE LIMITED,BUY,1905095,245.94
07-SEP-2026,NSE,bulk_deals,HIKAL,Hikal Limited,HRTI PRIVATE LIMITED,BUY,629067,242.9
07-SEP-2026,NSE,bulk_deals,INDOTHAI,Indo Thai Sec Ltd,PRIJAL TRADEFIN LLP,BUY,1665780,36.07
07-SEP-2026,NSE,bulk_deals,INDOTHAI,Indo Thai Sec Ltd,SAHASTRAA ADVISORS PRIVATE LIMITED,BUY,1286066,35.85
07-SEP-2026,NSE,bulk_deals,INDOTHAI,Indo Thai Sec Ltd,NEO APEX SHARE BROKING SERVICES LLP,BUY,1766491,34.16
07-SEP-2026,NSE,bulk_deals,JINDWORLD,Jindal Worldwide Ltd,QE SECURITIES LLP,BUY,5403237,57.13
07-SEP-2026,NSE,bulk_deals,JINDWORLD,Jindal Worldwide Ltd,HRTI PRIVATE LIMITED,BUY,8499580,57.02
07-SEP-2026,NSE,bulk_deals,KSR,KSR Footwear Limited,SIDDHARTHA  DAGA,BUY,126000,34.2
07-SEP-2026,NSE,bulk_deals,LUMINO,Lumino Industries Limited,JUNOMONETA FINSOL PRIVATE LIMITED,BUY,3753186,117.46
07-SEP-2026,NSE,bulk_deals,MARKOLINES,Markolines Pavement Tec L,VISTAAR TRADING SERVICE PRIVATE LIMITED,BUY,135552,174.12
07-SEP-2026,NSE,bulk_deals,MITTAL,Mittal Life Style Limited,ARUN S PAI,BUY,4294600,0.93
07-SEP-2026,NSE,bulk_deals,MVELECTRO,MV Electrosystems Limited,JUMP TRADING FINANCIAL INDIA PRIVATE LIMITED,BUY,578358,816.2
07-SEP-2026,NSE,bulk_deals,MVELECTRO,MV Electrosystems Limited,HRTI PRIVATE LIMITED,BUY,843076,810.89
07-SEP-2026,NSE,bulk_deals,MVELECTRO,MV Electrosystems Limited,NK SECURITIES RESEARCH PRIVATE LIMITED,BUY,474641,815.53
07-SEP-2026,NSE,bulk_deals,MVELECTRO,MV Electrosystems Limited,IRAGE BROKING SERVICES LLP,BUY,267205,812.54
07-SEP-2026,NSE,bulk_deals,MVELECTRO,MV Electrosystems Limited,QE SECURITIES LLP,BUY,772243,809.73
07-SEP-2026,NSE,bulk_deals,MVELECTRO,MV Electrosystems Limited,MATHISYS QUANTCAP LLP,BUY,283751,811.1
07-SEP-2026,NSE,bulk_deals,MVELECTRO,MV Electrosystems Limited,MUSIGMA SECURITIES,BUY,216975,817.75
07-SEP-2026,NSE,bulk_deals,MVELECTRO,MV Electrosystems Limited,IMC INDIA SECURITIES PRIVATE LIMITED,BUY,169375,814.56
07-SEP-2026,NSE,bulk_deals,MVELECTRO,MV Electrosystems Limited,BLITZQUANT RESEARCH LLP,BUY,182165,813.51
07-SEP-2026,NSE,bulk_deals,MVELECTRO,MV Electrosystems Limited,MICROCURVES TRADING PRIVATE LIMITED,BUY,1170519,815.06
07-SEP-2026,NSE,bulk_deals,MVELECTRO,MV Electrosystems Limited,JUNOMONETA FINSOL PRIVATE LIMITED,BUY,1342177,812.37
07-SEP-2026,NSE,bulk_deals,MVELECTRO,MV Electrosystems Limited,J4S FINANCIAL SOLUTIONS LLP,BUY,141344,817.35
07-SEP-2026,NSE,bulk_deals,OPTIMYSTIX,Optimystix Ent India Ltd,NIKHIL VORA,BUY,200000,130.22
07-SEP-2026,NSE,bulk_deals,OPTIMYSTIX,Optimystix Ent India Ltd,AHINSA FINANCIAL SERVICES PVT.LTD.,BUY,259200,149.21
07-SEP-2026,NSE,bulk_deals,PCJEWELLER,PC Jeweller Ltd,QE SECURITIES LLP,BUY,84162444,13.35
07-SEP-2026,NSE,bulk_deals,PCJEWELLER,PC Jeweller Ltd,HRTI PRIVATE LIMITED,BUY,154696260,13.45
07-SEP-2026,NSE,bulk_deals,PCJEWELLER,PC Jeweller Ltd,JUMP TRADING FINANCIAL INDIA PRIVATE LIMITED,BUY,317222766,13.29
07-SEP-2026,NSE,bulk_deals,PRESSTONIC,Presstonic Engineering L,HI GROWTH CORPORATE SERVICES PVT LTD,BUY,77600,30.96
07-SEP-2026,NSE,bulk_deals,PRLIND,Premier Roadlines Limited,VINAY JAIPRAKASH AMBEKAR,BUY,235000,42.97
07-SEP-2026,NSE,bulk_deals,RADHIKAJWE,Radhika Jeweltech Limited,NK SECURITIES RESEARCH PRIVATE LIMITED,BUY,594373,93.4
07-SEP-2026,NSE,bulk_deals,RADHIKAJWE,Radhika Jeweltech Limited,MICROCURVES TRADING PRIVATE LIMITED,BUY,1297712,93.13
07-SEP-2026,NSE,bulk_deals,RADHIKAJWE,Radhika Jeweltech Limited,JUNOMONETA FINSOL PRIVATE LIMITED,BUY,1519265,92.9
07-SEP-2026,NSE,bulk_deals,RADHIKAJWE,Radhika Jeweltech Limited,QE SECURITIES LLP,BUY,1128000,92.08
07-SEP-2026,NSE,bulk_deals,RADHIKAJWE,Radhika Jeweltech Limited,ALPHAGREP SECURITIES PRIVATE LIMITED,BUY,2056834,92.47
07-SEP-2026,NSE,bulk_deals,RATNAVEER,Ratnaveer Precision Eng L,ARIHANT CAPITAL MARKETS LIMITED,BUY,659031,310.07
07-SEP-2026,NSE,bulk_deals,RIR,RIR Power Electronics L,JUNOMONETA FINSOL PRIVATE LIMITED,BUY,402997,193.54
07-SEP-2026,NSE,bulk_deals,RPPINFRA,R.P.P. Infra Projects Ltd,BASKARAN GANESAN ABIN DINESH,BUY,465000,53.58
07-SEP-2026,NSE,bulk_deals,RPPINFRA,R.P.P. Infra Projects Ltd,G VISALATCHI,BUY,462903,53.5
07-SEP-2026,NSE,bulk_deals,SAVY,Savy Infra and Logi Ltd,ANANT WEALTH CONSULTANTS PRIVATE LIMITED,BUY,108000,146.81
07-SEP-2026,NSE,bulk_deals,SHANTI,Shanti Overseas (Ind) Ltd,ANURADHA BAJAJ,BUY,76070,6.51
07-SEP-2026,NSE,bulk_deals,SHANTIGOLD,Shanti Gold Internation L,HRTI PRIVATE LIMITED,BUY,383955,270.57
07-SEP-2026,NSE,bulk_deals,SHANTIINOR,Shanti Inorganics Limited,RR FAMILY TRUST,BUY,475200,157.7
07-SEP-2026,NSE,bulk_deals,SHANTIINOR,Shanti Inorganics Limited,ABHISHEK GARG,BUY,96000,157.7
07-SEP-2026,NSE,bulk_deals,SHANTIINOR,Shanti Inorganics Limited,BHANUBEN BHARATBHAI PATEL,BUY,121600,157.7
07-SEP-2026,NSE,bulk_deals,SILGO,Silgo Retail Limited,NITIN JAIN,BUY,200000,72.86
07-SEP-2026,NSE,bulk_deals,SONUINFRA,Sonu Infratech Limited,KUNJIT MAHESHBHAI PATEL,BUY,94500,46.5
07-SEP-2026,NSE,bulk_deals,SUMAX,Sumax Engineering Limited,MANSI SHARE AND STOCK BROKING PRIVATE LIMITED,BUY,176400,110.61
07-SEP-2026,NSE,bulk_deals,SUMAX,Sumax Engineering Limited,NEXUS EQUITY GROWTH FUND SCH-1,BUY,96000,110.96
07-SEP-2026,NSE,bulk_deals,SUNSHINE,Sunshine Pictures Limited,QE SECURITIES LLP,BUY,176869,478.16
07-SEP-2026,NSE,bulk_deals,SUNSHINE,Sunshine Pictures Limited,ARIHANT CAPITAL MARKETS LIMITED,BUY,426599,476.91
07-SEP-2026,NSE,bulk_deals,SUNSHINE,Sunshine Pictures Limited,MATHISYS QUANTCAP LLP,BUY,159571,478.25
07-SEP-2026,NSE,bulk_deals,TECHNOCRAF,Technocraft Ventures Ltd,HRTI PRIVATE LIMITED,BUY,213956,386.89
07-SEP-2026,NSE,bulk_deals,TEXMOPIPES,Texmo Pipe & Products Ltd,ANKITA VISHAL SHAH,BUY,215382,55.02
07-SEP-2026,NSE,bulk_deals,TEXMOPIPES,Texmo Pipe & Products Ltd,K RAJ BUSINESS VENTURE PRIVATE LIMITED,BUY,219232,53.56
07-SEP-2026,NSE,bulk_deals,XTRANET,Xtranet Technologies Ltd,NK SECURITIES RESEARCH PRIVATE LIMITED,BUY,579766,267.87
07-SEP-2026,NSE,bulk_deals,XTRANET,Xtranet Technologies Ltd,HRTI PRIVATE LIMITED,BUY,519159,266.47
07-SEP-2026,NSE,bulk_deals,XTRANET,Xtranet Technologies Ltd,MICROCURVES TRADING PRIVATE LIMITED,BUY,444944,267.08
07-SEP-2026,NSE,bulk_deals,XTRANET,Xtranet Technologies Ltd,QE SECURITIES LLP,BUY,687749,270.66
07-SEP-2026,NSE,bulk_deals,XTRANET,Xtranet Technologies Ltd,JUNOMONETA FINSOL PRIVATE LIMITED,BUY,741597,267.59
07-SEP-2026,NSE,bulk_deals,AJOONI,Ajooni Biotech Limited,ANANTHARAMAN JANAKI,SELL,1073331,3.57
07-SEP-2026,NSE,bulk_deals,ANDHRAPAP,ANDHRA PAPER LIMITED,MICROCURVES TRADING PRIVATE LIMITED,SELL,1818411,73.95
07-SEP-2026,NSE,bulk_deals,ANDHRAPAP,ANDHRA PAPER LIMITED,NK SECURITIES RESEARCH PRIVATE LIMITED,SELL,1593777,72.96
07-SEP-2026,NSE,bulk_deals,ANDHRAPAP,ANDHRA PAPER LIMITED,SILVERLEAF CAPITAL SERVICES PRIVATE LIMITED,SELL,1310661,72.48
07-SEP-2026,NSE,bulk_deals,ANTELOPUS,Antelopus Selan Enrgy Ltd,QE SECURITIES LLP,SELL,179320,981.41
07-SEP-2026,NSE,bulk_deals,ANTELOPUS,Antelopus Selan Enrgy Ltd,JUNOMONETA FINSOL PRIVATE LIMITED,SELL,189631,982.82
07-SEP-2026,NSE,bulk_deals,ATALREAL,Atal Realtech Limited,MAANOR INVESTMENTS PRIVATE LIMITED,SELL,1300000,26.5
07-SEP-2026,NSE,bulk_deals,ATALREAL,Atal Realtech Limited,SEEMA JAIN,SELL,780000,26.49
07-SEP-2026,NSE,bulk_deals,ATALREAL,Atal Realtech Limited,SHARBHANG COMMERCIAL COMPANY PRIVATE LIMITED .,SELL,800000,26.5
07-SEP-2026,NSE,bulk_deals,ATALREAL,Atal Realtech Limited,HARSHIL HITESH DOSHI,SELL,710000,26.53
07-SEP-2026,NSE,bulk_deals,ATALREAL,Atal Realtech Limited,MAHESH MULCHAND WAGHELA,SELL,1198500,26.54
07-SEP-2026,NSE,bulk_deals,ATALREAL,Atal Realtech Limited,VIMLA DEVI PRATAPMAL JAIN,SELL,733750,26.56
07-SEP-2026,NSE,bulk_deals,ATALREAL,Atal Realtech Limited,HRTI PRIVATE LIMITED,SELL,516990,26.61
07-SEP-2026,NSE,bulk_deals,ATALREAL,Atal Realtech Limited,HILL TOP IMPEX PVT LTD .,SELL,800000,26.5
07-SEP-2026,NSE,bulk_deals,ATALREAL,Atal Realtech Limited,DHIRAJ  JAIN,SELL,1300000,26.5
07-SEP-2026,NSE,bulk_deals,ATALREAL,Atal Realtech Limited,JAGID VANITABEN RAJENDRAPRASAD,SELL,3559143,26.55
07-SEP-2026,NSE,bulk_deals,ATALREAL,Atal Realtech Limited,NIRAJ HARSUKHLAL SANGHAVI,SELL,2000000,26.56
07-SEP-2026,NSE,bulk_deals,ATALREAL,Atal Realtech Limited,VISHAL MAHESH WAGHELA,SELL,800000,26.52
07-SEP-2026,NSE,bulk_deals,ATALREAL,Atal Realtech Limited,RATHOD DIGVIJAYSINH RAJENDRASINH,SELL,1380000,26.55
07-SEP-2026,NSE,bulk_deals,ATALREAL,Atal Realtech Limited,KARAN RASHMIKANT SHAH,SELL,800001,26.49
07-SEP-2026,NSE,bulk_deals,ATALREAL,Atal Realtech Limited,L7 HITECH PRIVATE LIMITED,SELL,1595665,26.51
07-SEP-2026,NSE,bulk_deals,ATALREAL,Atal Realtech Limited,MAHAMMADFARUK HAJIBHAI MIR,SELL,824336,26.52
07-SEP-2026,NSE,bulk_deals,BIRLACABLE,Birla Cable Limited,MULTIPLIER SHARE & STOCK ADVISORS PRIVATE LIMITED,SELL,140514,359.21
07-SEP-2026,NSE,bulk_deals,BODALCHEM,Bodal Chemicals Ltd,NEO APEX SHARE BROKING SERVICES LLP,SELL,734968,171.15
07-SEP-2026,NSE,bulk_deals,EDELWEISS,Edelweiss Fin Serv Ltd,VENKATCHALAM ARAKONI RAMASWAMY,SELL,5000000,130.83
07-SEP-2026,NSE,bulk_deals,ETML,Emerald Tyre Manuf Ltd,AMIT CHORDIA(HUF),SELL,99600,80.2
07-SEP-2026,NSE,bulk_deals,FMGOETZE,Federal-Mogul Goetze (I),HRTI PRIVATE LIMITED,SELL,281406,476.27
07-SEP-2026,NSE,bulk_deals,GCSL,Gretex Corporate Services,BONANZA AGENCY LLP,SELL,225000,605.08
07-SEP-2026,NSE,bulk_deals,GCSL,Gretex Corporate Services,HRTI PRIVATE LIMITED,SELL,20623,606.28
07-SEP-2026,NSE,bulk_deals,GCSL,Gretex Corporate Services,MANSUKH SECURITIES & FINANCE LIMITED,SELL,129979,607.47
07-SEP-2026,NSE,bulk_deals,HIKAL,Hikal Limited,JUNOMONETA FINSOL PRIVATE LIMITED,SELL,768884,244.8
07-SEP-2026,NSE,bulk_deals,HIKAL,Hikal Limited,MICROCURVES TRADING PRIVATE LIMITED,SELL,1905095,246.06
07-SEP-2026,NSE,bulk_deals,HIKAL,Hikal Limited,NK SECURITIES RESEARCH PRIVATE LIMITED,SELL,1000807,245.6
07-SEP-2026,NSE,bulk_deals,HIKAL,Hikal Limited,ALPHAGREP SECURITIES PRIVATE LIMITED,SELL,1417450,245.65
07-SEP-2026,NSE,bulk_deals,HIKAL,Hikal Limited,QE SECURITIES LLP,SELL,1089461,244.56
07-SEP-2026,NSE,bulk_deals,HIKAL,Hikal Limited,HRTI PRIVATE LIMITED,SELL,564689,244.06
07-SEP-2026,NSE,bulk_deals,INDOTHAI,Indo Thai Sec Ltd,SAHASTRAA ADVISORS PRIVATE LIMITED,SELL,1286066,36.06
07-SEP-2026,NSE,bulk_deals,INDOTHAI,Indo Thai Sec Ltd,PRIJAL TRADEFIN LLP,SELL,1200000,36.31
07-SEP-2026,NSE,bulk_deals,INDOTHAI,Indo Thai Sec Ltd,NEO APEX SHARE BROKING SERVICES LLP,SELL,3697993,37.4
07-SEP-2026,NSE,bulk_deals,JINDWORLD,Jindal Worldwide Ltd,HRTI PRIVATE LIMITED,SELL,9695385,57.59
07-SEP-2026,NSE,bulk_deals,JINDWORLD,Jindal Worldwide Ltd,QE SECURITIES LLP,SELL,5386453,57.36
07-SEP-2026,NSE,bulk_deals,KOPRAN,Kopran Ltd.,UNITED SHIPPERS LTD,SELL,500000,234.66
07-SEP-2026,NSE,bulk_deals,KSR,KSR Footwear Limited,ALPA WEALTH CREATOR,SELL,126000,34.2
07-SEP-2026,NSE,bulk_deals,LUMINO,Lumino Industries Limited,JUNOMONETA FINSOL PRIVATE LIMITED,SELL,3806076,117.53
07-SEP-2026,NSE,bulk_deals,MARKOLINES,Markolines Pavement Tec L,VISTAAR TRADING SERVICE PRIVATE LIMITED,SELL,130910,175.65
07-SEP-2026,NSE,bulk_deals,MERCURYEV,Mercury Ev-Tech Limited,SHREE SAIBABA EXIM PRIVATE LIMITED,SELL,4000000,36.73
07-SEP-2026,NSE,bulk_deals,MITTAL,Mittal Life Style Limited,BHAVESH  JAIN,SELL,2663287,0.93
07-SEP-2026,NSE,bulk_deals,MITTAL,Mittal Life Style Limited,ARUN S PAI,SELL,484150,0.96
07-SEP-2026,NSE,bulk_deals,MOS,Mos Utility Limited,ASHOK INVESTORS TRUST LIMITED,SELL,1480000,7.47
07-SEP-2026,NSE,bulk_deals,MVELECTRO,MV Electrosystems Limited,IMC INDIA SECURITIES PRIVATE LIMITED,SELL,169375,816.64
07-SEP-2026,NSE,bulk_deals,MVELECTRO,MV Electrosystems Limited,BLITZQUANT RESEARCH LLP,SELL,182165,813.84
07-SEP-2026,NSE,bulk_deals,MVELECTRO,MV Electrosystems Limited,MICROCURVES TRADING PRIVATE LIMITED,SELL,1170519,815.41
07-SEP-2026,NSE,bulk_deals,MVELECTRO,MV Electrosystems Limited,JUNOMONETA FINSOL PRIVATE LIMITED,SELL,1339703,812.64
07-SEP-2026,NSE,bulk_deals,MVELECTRO,MV Electrosystems Limited,JUMP TRADING FINANCIAL INDIA PRIVATE LIMITED,SELL,578358,809.74
07-SEP-2026,NSE,bulk_deals,MVELECTRO,MV Electrosystems Limited,HRTI PRIVATE LIMITED,SELL,808658,811.56
07-SEP-2026,NSE,bulk_deals,MVELECTRO,MV Electrosystems Limited,MATHISYS QUANTCAP LLP,SELL,283401,809.68
07-SEP-2026,NSE,bulk_deals,MVELECTRO,MV Electrosystems Limited,QE SECURITIES LLP,SELL,777444,809.61
07-SEP-2026,NSE,bulk_deals,MVELECTRO,MV Electrosystems Limited,IRAGE BROKING SERVICES LLP,SELL,254833,807.3
07-SEP-2026,NSE,bulk_deals,MVELECTRO,MV Electrosystems Limited,NK SECURITIES RESEARCH PRIVATE LIMITED,SELL,474641,816.02
07-SEP-2026,NSE,bulk_deals,MVELECTRO,MV Electrosystems Limited,MUSIGMA SECURITIES,SELL,216975,818.0
07-SEP-2026,NSE,bulk_deals,MVELECTRO,MV Electrosystems Limited,J4S FINANCIAL SOLUTIONS LLP,SELL,141987,817.72
07-SEP-2026,NSE,bulk_deals,OPTIMYSTIX,Optimystix Ent India Ltd,AHINSA FINANCIAL SERVICES PVT.LTD.,SELL,300000,130.07
07-SEP-2026,NSE,bulk_deals,OPTIMYSTIX,Optimystix Ent India Ltd,VIKASA INDIA EIF I FUND-INCUBE GLOBAL OPPORTUNITIES,SELL,304000,143.28
07-SEP-2026,NSE,bulk_deals,PCJEWELLER,PC Jeweller Ltd,HRTI PRIVATE LIMITED,SELL,141178152,13.38
07-SEP-2026,NSE,bulk_deals,PCJEWELLER,PC Jeweller Ltd,QE SECURITIES LLP,SELL,85016216,13.28
07-SEP-2026,NSE,bulk_deals,PCJEWELLER,PC Jeweller Ltd,JUMP TRADING FINANCIAL INDIA PRIVATE LIMITED,SELL,317222766,13.28
07-SEP-2026,NSE,bulk_deals,PRESSTONIC,Presstonic Engineering L,HI GROWTH CORPORATE SERVICES PVT LTD,SELL,23200,31.42
07-SEP-2026,NSE,bulk_deals,RADHIKAJWE,Radhika Jeweltech Limited,JUNOMONETA FINSOL PRIVATE LIMITED,SELL,1521661,92.95
07-SEP-2026,NSE,bulk_deals,RADHIKAJWE,Radhika Jeweltech Limited,MICROCURVES TRADING PRIVATE LIMITED,SELL,1297712,93.17
07-SEP-2026,NSE,bulk_deals,RADHIKAJWE,Radhika Jeweltech Limited,ALPHAGREP SECURITIES PRIVATE LIMITED,SELL,2056834,92.47
07-SEP-2026,NSE,bulk_deals,RADHIKAJWE,Radhika Jeweltech Limited,QE SECURITIES LLP,SELL,1129420,91.8
07-SEP-2026,NSE,bulk_deals,RADHIKAJWE,Radhika Jeweltech Limited,NK SECURITIES RESEARCH PRIVATE LIMITED,SELL,594373,93.43
07-SEP-2026,NSE,bulk_deals,RATNAVEER,Ratnaveer Precision Eng L,ARIHANT CAPITAL MARKETS LIMITED,SELL,659031,310.55
07-SEP-2026,NSE,bulk_deals,RIR,RIR Power Electronics L,JUNOMONETA FINSOL PRIVATE LIMITED,SELL,412190,193.76
07-SEP-2026,NSE,bulk_deals,RPPINFRA,R.P.P. Infra Projects Ltd,YAGAVI N A *,SELL,831352,53.52
07-SEP-2026,NSE,bulk_deals,SAVY,Savy Infra and Logi Ltd,ANANT WEALTH CONSULTANTS PRIVATE LIMITED,SELL,57600,144.72
07-SEP-2026,NSE,bulk_deals,SHANTIGOLD,Shanti Gold Internation L,HRTI PRIVATE LIMITED,SELL,236304,269.98
07-SEP-2026,NSE,bulk_deals,SILGO,Silgo Retail Limited,BELA AGRAWAL,SELL,200000,72.75
07-SEP-2026,NSE,bulk_deals,SKIPPER,Skipper Limited,PRAGYA MERCANTILE PVT LTD,SELL,720000,599.92
07-SEP-2026,NSE,bulk_deals,SONUINFRA,Sonu Infratech Limited,THAKOR NAYANA CHANDUBHAI,SELL,67500,46.65
07-SEP-2026,NSE,bulk_deals,SUNSHINE,Sunshine Pictures Limited,MATHISYS QUANTCAP LLP,SELL,159415,478.76
07-SEP-2026,NSE,bulk_deals,SUNSHINE,Sunshine Pictures Limited,ARIHANT CAPITAL MARKETS LIMITED,SELL,360954,481.79
07-SEP-2026,NSE,bulk_deals,SUNSHINE,Sunshine Pictures Limited,QE SECURITIES LLP,SELL,191278,477.98
07-SEP-2026,NSE,bulk_deals,TECHNOCRAF,Technocraft Ventures Ltd,HRTI PRIVATE LIMITED,SELL,201499,386.24
07-SEP-2026,NSE,bulk_deals,TEXMOPIPES,Texmo Pipe & Products Ltd,ANKITA VISHAL SHAH,SELL,25870,55.38
07-SEP-2026,NSE,bulk_deals,TEXMOPIPES,Texmo Pipe & Products Ltd,K RAJ BUSINESS VENTURE PRIVATE LIMITED,SELL,219232,54.49
07-SEP-2026,NSE,bulk_deals,XTRANET,Xtranet Technologies Ltd,MICROCURVES TRADING PRIVATE LIMITED,SELL,444944,267.29
07-SEP-2026,NSE,bulk_deals,XTRANET,Xtranet Technologies Ltd,QE SECURITIES LLP,SELL,685408,265.79
07-SEP-2026,NSE,bulk_deals,XTRANET,Xtranet Technologies Ltd,NK SECURITIES RESEARCH PRIVATE LIMITED,SELL,580802,268.07
07-SEP-2026,NSE,bulk_deals,XTRANET,Xtranet Technologies Ltd,JUNOMONETA FINSOL PRIVATE LIMITED,SELL,735698,267.79
07-SEP-2026,NSE,bulk_deals,XTRANET,Xtranet Technologies Ltd,HRTI PRIVATE LIMITED,SELL,539701,265.99
NO RECORDS,NSE,block_deals,nan,nan,nan,nan,nan,nan
07/09/2026,BSE,bulk,531673,ANKIN,CRABEL VINTRADE PRIVATE LIMITED,B,480000.0,19.58
07/09/2026,BSE,bulk,538556,ARMAN,KANNIAH  KRISHNA,B,33700.0,117.66
07/09/2026,BSE,bulk,539335,CALLISTA,ANANTA TRADE ALLIANCE,B,34000.0,146.5
07/09/2026,BSE,bulk,539335,CALLISTA,ARCHANA DNYANESHWAR SADAWARTE,S,15925.0,146.5
07/09/2026,BSE,bulk,539335,CALLISTA,VIJAY SHIVAJI CHIBHADE,S,20000.0,146.5
07/09/2026,BSE,bulk,524440,CAMEXLTD,ANAND KANTILAL BAFNA,S,150000.0,43.0
07/09/2026,BSE,bulk,531913,CASTORA,VIVEK KANDA,B,38215.0,12.6
07/09/2026,BSE,bulk,539091,CCDL,METROCITY HEART CARE AND CRITICAL CARE PRIVATE LIMITED,S,30591716.0,1.2
07/09/2026,BSE,bulk,523105,CROPSTER,ROHITKUMAR KANAIYALAL DATANIYA,S,9024388.0,3.05
07/09/2026,BSE,bulk,523105,CROPSTER,SHIVANG NAVINCHANDRA NAYAK,S,14684957.0,3.05
07/09/2026,BSE,bulk,523105,CROPSTER,NAYANABEN BHIKHALAL SHAH,S,35808100.0,3.05
07/09/2026,BSE,bulk,531502,ESARIND,MSB E TRADE SECURITIES LIMITED,S,154421.0,12.86
07/09/2026,BSE,bulk,531502,ESARIND,MSB E TRADE SECURITIES LIMITED,B,164640.0,12.92
07/09/2026,BSE,bulk,531502,ESARIND,DIVAY DHAMIJA,B,115000.0,12.86
07/09/2026,BSE,bulk,526614,EXPOEAPL,NIRAALIE MEYNON,S,183287.0,90.0
07/09/2026,BSE,bulk,526614,EXPOEAPL,MINERVA VENTURES FUND,B,185000.0,89.99
07/09/2026,BSE,bulk,544156,GCONNECT,AAMIR ANJUM SAEED AHMAD,B,24000.0,13.19
07/09/2026,BSE,bulk,543520,GLHRL,NEELRAJ EKNATH JADHAV,B,67000.0,12.54
07/09/2026,BSE,bulk,543520,GLHRL,NEELRAJ EKNATH JADHAV,S,45000.0,12.54
07/09/2026,BSE,bulk,524590,HEMORGANIC,RAJYGURU JAYDIP GIRISHBHAI,S,17751.0,17.97
07/09/2026,BSE,bulk,524590,HEMORGANIC,JASANI DHARMENDRA BHAI BECHARBHAI,B,111341.0,18.25
07/09/2026,BSE,bulk,524590,HEMORGANIC,NILESH  CHAVDA,S,17767.0,17.97
07/09/2026,BSE,bulk,517063,JETKINGQ,CHETAN BURMAN,S,42000.0,124.33
07/09/2026,BSE,bulk,524280,KOPRAN,UNITED SHIPPERS LTD,S,700000.0,234.3
07/09/2026,BSE,bulk,539408,KUBERJI,SAHASTRAA ADVISORS PRIVATE LIMITED,S,20000.0,51.34
07/09/2026,BSE,bulk,539408,KUBERJI,SAHASTRAA ADVISORS PRIVATE LIMITED,B,25002.0,48.09
07/09/2026,BSE,bulk,531281,MARBLE,PSH CONSTRUCTIONS PRIVATE LIMITED,S,160800.0,110.32
07/09/2026,BSE,bulk,531281,MARBLE,RONAK SUDHIR JOSHI,B,147000.0,110.53
07/09/2026,BSE,bulk,544553,MPKSTEELS,SHERWOOD SECURITIES PVT LTD,B,126400.0,95.19
07/09/2026,BSE,bulk,540254,MTPL,RATHOD DIGVIJAYSINH RAJENDRASINH,B,251105.0,9.72
07/09/2026,BSE,bulk,540254,MTPL,RATHOD DIGVIJAYSINH RAJENDRASINH,S,423826.0,9.8
07/09/2026,BSE,bulk,544851,MVELECTRO,IRAGE BROKING SERVICES LLP,S,192218.0,812.7
07/09/2026,BSE,bulk,544851,MVELECTRO,IRAGE BROKING SERVICES LLP,B,179846.0,804.0
07/09/2026,BSE,bulk,544851,MVELECTRO,HRTI PRIVATE LIMITED,S,157882.0,808.59
07/09/2026,BSE,bulk,544851,MVELECTRO,HRTI PRIVATE LIMITED,B,172792.0,800.51
07/09/2026,BSE,bulk,539200,NOBPOL,PARESH DHIRAJLAL SHAH,B,45883.0,12.65
07/09/2026,BSE,bulk,500672,NOVARTIND,KARAN  BHAGAT,B,130000.0,1670.52
07/09/2026,BSE,bulk,500672,NOVARTIND,KYRUSH INVESTMENTS,S,130000.0,1670.5
07/09/2026,BSE,bulk,531512,ORIENTTR,LATA RAJESH THAKKER,S,596277.0,4.18
07/09/2026,BSE,bulk,531512,ORIENTTR,PRIYESH ASHOK VIJAYWARGI,B,499987.0,4.19
07/09/2026,BSE,bulk,544897,PALUCK,STELLAR GROWTH FUND VCC-SILVER CAPITAL MANAGEMENT INCORPORATED VCC SUB-FUND,B,105000.0,47.99
07/09/2026,BSE,bulk,544902,PHYCHEM,SB OPPORTUNITIES FUND II,B,86000.0,56.0
07/09/2026,BSE,bulk,544902,PHYCHEM,SHANKAR KESHAVA VAILAYA,B,360000.0,56.0
07/09/2026,BSE,bulk,544902,PHYCHEM,KALPESH CHIMANLAL SHAH,B,62000.0,56.0
07/09/2026,BSE,bulk,544902,PHYCHEM,UMAKANT NIVRUTTI SAVADEKAR,B,82000.0,56.0
07/09/2026,BSE,bulk,544902,PHYCHEM,FINAVENUE GROWTH FUND,B,152000.0,56.34
07/09/2026,BSE,bulk,544902,PHYCHEM,RAJASTHAN GLOBAL SECURITIES PRIVATE LIMITED,S,418000.0,56.0
07/09/2026,BSE,bulk,544902,PHYCHEM,PACE STOCK BROKING SERVICES PVT LTD,B,146000.0,56.0
07/09/2026,BSE,bulk,544899,PRIORITY,NEO APEX SHARE BROKING SERVICES LLP,B,110000.0,248.25
07/09/2026,BSE,bulk,512297,SHANTAI,RAJKUMAR MANGILAL BORANA,B,50000.0,89.53
07/09/2026,BSE,bulk,512297,SHANTAI,PRAKASHCHAND SANDH,S,82700.0,89.7
07/09/2026,BSE,bulk,530495,STRATMONT,BRIDGE INDIA FUND,B,280000.0,56.83
07/09/2026,BSE,bulk,530495,STRATMONT,ERROR,S,1907600.0,57.81
07/09/2026,BSE,bulk,530495,STRATMONT,INDUS GLOBAL FUND VCC- KUBER INCORPORATED VCC SUB-FUND,B,175000.0,57.0
07/09/2026,BSE,bulk,530495,STRATMONT,NORTH STAR OPPORTUNITIES FUND VCC-BULL VALUE INCORPORATED VCC SUB-FUND,B,866300.0,57.1
07/09/2026,BSE,bulk,530495,STRATMONT,MINERVA VENTURES FUND,B,866300.0,58.68
07/09/2026,BSE,bulk,530495,STRATMONT,BRIDGE INDIA FUND,B,280000.0,56.38
07/09/2026,BSE,bulk,531499,SYBLY,ALLAPURAM ARUMUGAM SUNDAR,S,102951.0,1.2
07/09/2026,BSE,bulk,531499,SYBLY,AMIT JUGRAJ JAIN,B,104612.0,1.2
07/09/2026,BSE,bulk,533164,TEXMOPIPES,ANKITA VISHAL SHAH,B,10488.0,55.0
07/09/2026,BSE,bulk,533164,TEXMOPIPES,ANKITA VISHAL SHAH,S,200000.0,55.89
07/09/2026,BSE,bulk,531411,TUNITEX,KRISHNA DHARMESHKUMAR GOLWALA,B,1600000.0,1.13
07/09/2026,BSE,bulk,531411,TUNITEX,JAGID VANITABEN RAJENDRAPRASAD,B,883284.0,1.16
07/09/2026,BSE,bulk,531411,TUNITEX,JAGID VANITABEN RAJENDRAPRASAD,S,883284.0,1.1
07/09/2026,BSE,bulk,538451,WORTH,MAHEVARSH FINCON PRIVATE LIMITED,S,800000.0,3.75
07/09/2026,BSE,bulk,538451,WORTH,QUINTELUX ESSENTIALS PRIVATE LIMITED,B,2750000.0,3.75
07/09/2026,BSE,bulk,538451,WORTH,MAHEVARSH FINCON PRIVATE LIMITED,B,2750000.0,3.75
07/09/2026,BSE,bulk,538451,WORTH,VIRAJ ANIL BAJARIA,S,1872574.0,3.75
07/09/2026,BSE,bulk,538451,WORTH,NIMIT IMPEX PRIVATE LIMITED,S,4000000.0,3.75
07/09/2026,BSE,bulk,544310,YASHHV,TWINKLE KEYUR SHAH,S,248000.0,950.0
04/09/2026,BSE,block,543245,GLAND,ADITYA BIRLA SUN LIFE MUTUAL FUND,B,90000.0,2826.6
04/09/2026,BSE,block,543245,GLAND,KOTAK MAHINDRA MUTUAL FUND,B,2793000.0,2826.6
04/09/2026,BSE,block,543245,GLAND,SBI LIFE INSURANCE COMPANY LIMITED,B,420000.0,2826.6
04/09/2026,BSE,block,543245,GLAND,HDFC STANDARD LIFE INSURANCE CO LTD,B,541500.0,2826.6
04/09/2026,BSE,block,543245,GLAND,MIRAE ASSET MUTUAL FUND,B,175000.0,2826.6
04/09/2026,BSE,block,543245,GLAND,SOCIETE GENERALE,B,400000.0,2826.6
04/09/2026,BSE,block,543245,GLAND,KOTAK MAHINDRA LIFE INSURANCE COMPANY LIMITED,B,250000.0,2826.6
04/09/2026,BSE,block,543245,GLAND,AXIS MUTUAL FUND,B,1357000.0,2826.6
04/09/2026,BSE,block,543245,GLAND,NRSGVCC,B,270000.0,2826.6
04/09/2026,BSE,block,543245,GLAND,ICICI PRUDENTIAL MUTUAL FUND,B,1039000.0,2826.6
04/09/2026,BSE,block,543245,GLAND,SUNDARAM MUTUAL FUND,B,170000.0,2826.6
04/09/2026,BSE,block,543245,GLAND,FOSUN PHARMA INDUSTRIAL PTE. LTD.,S,90000.0,2826.6
04/09/2026,BSE,block,543245,GLAND,FOSUN PHARMA INDUSTRIAL PTE. LTD.,S,170000.0,2826.6
04/09/2026,BSE,block,543245,GLAND,FOSUN PHARMA INDUSTRIAL PTE. LTD.,S,175000.0,2826.6
04/09/2026,BSE,block,543245,GLAND,FOSUN PHARMA INDUSTRIAL PTE. LTD.,S,250000.0,2826.6
04/09/2026,BSE,block,543245,GLAND,FOSUN PHARMA INDUSTRIAL PTE. LTD.,S,270000.0,2826.6
04/09/2026,BSE,block,543245,GLAND,FOSUN PHARMA INDUSTRIAL PTE. LTD.,S,400000.0,2826.6
04/09/2026,BSE,block,543245,GLAND,FOSUN PHARMA INDUSTRIAL PTE. LTD.,S,420000.0,2826.6
04/09/2026,BSE,block,543245,GLAND,FOSUN PHARMA INDUSTRIAL PTE. LTD.,S,541500.0,2826.6
04/09/2026,BSE,block,543245,GLAND,FOSUN PHARMA INDUSTRIAL PTE. LTD.,S,1039000.0,2826.6
04/09/2026,BSE,block,543245,GLAND,FOSUN PHARMA INDUSTRIAL PTE. LTD.,S,1357000.0,2826.6
04/09/2026,BSE,block,543245,GLAND,FOSUN PHARMA INDUSTRIAL PTE. LTD.,S,2793000.0,2826.6
04/09/2026,BSE,block,544028,TATATECH,ICICI PRUDENTIAL MUTUAL FUND,B,600000.0,785.0
04/09/2026,BSE,block,544028,TATATECH,KOTAK MAHINDRA MUTUAL FUND,B,780000.0,785.0
04/09/2026,BSE,block,544028,TATATECH,360 ONE ASSET MANAGEMENT LIMITED,B,400000.0,785.0
04/09/2026,BSE,block,544028,TATATECH,CARNELIAN ASSET MANAGEMENT & ADVISORS PRIVATE LIMITED,B,320000.0,785.0
04/09/2026,BSE,block,544028,TATATECH,PATRICK RAYMON MCGOLDRICK,S,320000.0,785.0
04/09/2026,BSE,block,544028,TATATECH,PATRICK RAYMON MCGOLDRICK,S,400000.0,785.0
04/09/2026,BSE,block,544028,TATATECH,PATRICK RAYMON MCGOLDRICK,S,600000.0,785.0
04/09/2026,BSE,block,544028,TATATECH,PATRICK RAYMON MCGOLDRICK,S,780000.0,785.0
08-SEP-2026,NSE,bulk_deals,ANDHRAPAP,ANDHRA PAPER LIMITED,ALPHAGREP SECURITIES PRIVATE LIMITED,BUY,1428094,74.95
08-SEP-2026,NSE,bulk_deals,ANDHRAPAP,ANDHRA PAPER LIMITED,JUNOMONETA FINSOL PRIVATE LIMITED,BUY,1621455,74.16
08-SEP-2026,NSE,bulk_deals,ANDHRAPAP,ANDHRA PAPER LIMITED,MICROCURVES TRADING PRIVATE LIMITED,BUY,1575295,74.86
08-SEP-2026,NSE,bulk_deals,ANTELOPUS,Antelopus Selan Enrgy Ltd,MUSIGMA SECURITIES,BUY,183476,1095.09
08-SEP-2026,NSE,bulk_deals,ANTELOPUS,Antelopus Selan Enrgy Ltd,NK SECURITIES RESEARCH PRIVATE LIMITED,BUY,227635,1084.26
08-SEP-2026,NSE,bulk_deals,ANTELOPUS,Antelopus Selan Enrgy Ltd,IRAGE BROKING SERVICES LLP,BUY,187220,1092.44
08-SEP-2026,NSE,bulk_deals,ANTELOPUS,Antelopus Selan Enrgy Ltd,QE SECURITIES LLP,BUY,356249,1078.79
08-SEP-2026,NSE,bulk_deals,ANTELOPUS,Antelopus Selan Enrgy Ltd,HRTI PRIVATE LIMITED,BUY,304241,1077.77
08-SEP-2026,NSE,bulk_deals,ANTELOPUS,Antelopus Selan Enrgy Ltd,JUNOMONETA FINSOL PRIVATE LIMITED,BUY,795213,1086.2
08-SEP-2026,NSE,bulk_deals,ANTELOPUS,Antelopus Selan Enrgy Ltd,ELIXIR WEALTH MANAGEMENT PRIVATE LIMITED,BUY,247398,1099.52
08-SEP-2026,NSE,bulk_deals,ANTELOPUS,Antelopus Selan Enrgy Ltd,MICROCURVES TRADING PRIVATE LIMITED,BUY,569271,1098.75
08-SEP-2026,NSE,bulk_deals,ASHUTOSH,Ashutosh Fibre Limited,MANSI SHARE AND STOCK BROKING PRIVATE LIMITED,BUY,112800,153.64
08-SEP-2026,NSE,bulk_deals,ATALREAL,Atal Realtech Limited,NEO APEX SHARE BROKING SERVICES LLP,BUY,2500000,21.2
08-SEP-2026,NSE,bulk_deals,ATALREAL,Atal Realtech Limited,ACHINTYA SECURITIES LIMITED,BUY,10000,21.2
08-SEP-2026,NSE,bulk_deals,ATALREAL,Atal Realtech Limited,JAGID VANITABEN RAJENDRAPRASAD,BUY,800000,26.0
08-SEP-2026,NSE,bulk_deals,ATALREAL,Atal Realtech Limited,MULTIPLIER SHARE & STOCK ADVISORS PRIVATE LIMITED,BUY,750000,21.2
08-SEP-2026,NSE,bulk_deals,ATALREAL,Atal Realtech Limited,L7 HITECH PRIVATE LIMITED,BUY,3400000,25.44
08-SEP-2026,NSE,bulk_deals,ATLASCYCLE,Atlas Cycles (Haryana) Lt,ANKITA VISHAL SHAH,BUY,78565,112.58
08-SEP-2026,NSE,bulk_deals,ATLASCYCLE,Atlas Cycles (Haryana) Lt,INDRA KIRAN VENTURES,BUY,96725,113.1
08-SEP-2026,NSE,bulk_deals,ATLASCYCLE,Atlas Cycles (Haryana) Lt,K RAJ BUSINESS VENTURE PRIVATE LIMITED,BUY,74976,105.61
08-SEP-2026,NSE,bulk_deals,ATLASCYCLE,Atlas Cycles (Haryana) Lt,ARPIT JAIN HUF,BUY,44040,110.36
08-SEP-2026,NSE,bulk_deals,ATLASCYCLE,Atlas Cycles (Haryana) Lt,AMRITA JAIN,BUY,60464,113.26
08-SEP-2026,NSE,bulk_deals,ATLASCYCLE,Atlas Cycles (Haryana) Lt,PRIYA MILAN SADARIYA,BUY,36212,111.88
08-SEP-2026,NSE,bulk_deals,BLEL,Behari Lal Engineering L,QE SECURITIES LLP,BUY,220945,462.01
08-SEP-2026,NSE,bulk_deals,COMSYN,Commercial Syn Bags Ltd,ARIHANT CAPITAL MARKETS LIMITED,BUY,583549,292.45
08-SEP-2026,NSE,bulk_deals,CORDSCABLE,Cords Cable Industries Li,NK SECURITIES RESEARCH PRIVATE LIMITED,BUY,85503,356.17
08-SEP-2026,NSE,bulk_deals,CORDSCABLE,Cords Cable Industries Li,JUNOMONETA FINSOL PRIVATE LIMITED,BUY,84360,355.88
08-SEP-2026,NSE,bulk_deals,DCI,DC Infotech and Comun Ltd,KAHOR VANRAJSINH DADBHAI,BUY,96313,302.34
08-SEP-2026,NSE,bulk_deals,DCI,DC Infotech and Comun Ltd,MIT GOPALBHAI SHAH,BUY,60000,304.13
08-SEP-2026,NSE,bulk_deals,DEEPA,Deepa Jewellers Limited,IRAGE BROKING SERVICES LLP,BUY,1270716,201.82
08-SEP-2026,NSE,bulk_deals,DEEPA,Deepa Jewellers Limited,JMP SECURITIES PVT LTD,BUY,484312,217.17
08-SEP-2026,NSE,bulk_deals,DEEPA,Deepa Jewellers Limited,GRT STRATEGIC VENTURES LLP,BUY,1376851,202.08
08-SEP-2026,NSE,bulk_deals,DEEPA,Deepa Jewellers Limited,NK SECURITIES RESEARCH PRIVATE LIMITED,BUY,1633074,202.46
08-SEP-2026,NSE,bulk_deals,DEEPA,Deepa Jewellers Limited,SPRING VENTURES,BUY,500000,214.45
08-SEP-2026,NSE,bulk_deals,DEEPA,Deepa Jewellers Limited,PURE BROKING PRIVATE LIMITED,BUY,1115816,203.03
08-SEP-2026,NSE,bulk_deals,DEEPA,Deepa Jewellers Limited,BLITZQUANT RESEARCH LLP,BUY,674930,202.45
08-SEP-2026,NSE,bulk_deals,DEEPA,Deepa Jewellers Limited,MICROCURVES TRADING PRIVATE LIMITED,BUY,896665,201.68
08-SEP-2026,NSE,bulk_deals,DEEPA,Deepa Jewellers Limited,GOLDMINE STOCKS PRIVATE LIMITED,BUY,773794,201.85
08-SEP-2026,NSE,bulk_deals,DEEPA,Deepa Jewellers Limited,DIPAN MEHTA COMMODITIES PRIVATE LIMITED,BUY,1033576,201.93
08-SEP-2026,NSE,bulk_deals,DEEPA,Deepa Jewellers Limited,JUNOMONETA FINSOL PRIVATE LIMITED,BUY,1403644,201.63
08-SEP-2026,NSE,bulk_deals,DEEPA,Deepa Jewellers Limited,ELIXIR WEALTH MANAGEMENT PRIVATE LIMITED,BUY,578833,201.19
08-SEP-2026,NSE,bulk_deals,DEEPA,Deepa Jewellers Limited,YARN SYNDICATE LIMITED,BUY,544650,203.43
08-SEP-2026,NSE,bulk_deals,FASCINATE,Fascinate Textiles Ltd,NEO APEX SHARE BROKING SERVICES LLP,BUY,390400,65.38
08-SEP-2026,NSE,bulk_deals,GARUDA,Garuda Construct N Eng L,JUNOMONETA FINSOL PRIVATE LIMITED,BUY,467908,191.3
08-SEP-2026,NSE,bulk_deals,GARUDA,Garuda Construct N Eng L,MICROCURVES TRADING PRIVATE LIMITED,BUY,577137,192.96
08-SEP-2026,NSE,bulk_deals,GARUDA,Garuda Construct N Eng L,QE SECURITIES LLP,BUY,523855,190.51
08-SEP-2026,NSE,bulk_deals,GENESYS,Genesys International Cor,JUNOMONETA FINSOL PRIVATE LIMITED,BUY,348179,273.37
08-SEP-2026,NSE,bulk_deals,GENESYS,Genesys International Cor,QE SECURITIES LLP,BUY,339482,272.68
08-SEP-2026,NSE,bulk_deals,GSMFOILS,GSM Foils Limited,NEO APEX SHARE BROKING SERVICES LLP,BUY,336500,100.35
08-SEP-2026,NSE,bulk_deals,HECPROJECT,HEC Infra Projects Ltd,VIPIN PRAKASH MANGAL,BUY,100000,139.44
08-SEP-2026,NSE,bulk_deals,KSHITIJPOL,Kshitij Polyline Limited,BHAVISHYA ECOMMERCE PRIVATE LIMITED,BUY,1011734,3.55
08-SEP-2026,NSE,bulk_deals,KSHITIJPOL,Kshitij Polyline Limited,SATISH MEJIYATAR,BUY,822335,3.62
08-SEP-2026,NSE,bulk_deals,LUMINO,Lumino Industries Limited,JUNOMONETA FINSOL PRIVATE LIMITED,BUY,1926043,112.9
08-SEP-2026,NSE,bulk_deals,MARKOLINES,Markolines Pavement Tec L,VISTAAR TRADING SERVICE PRIVATE LIMITED,BUY,118703,176.37
08-SEP-2026,NSE,bulk_deals,MGEL,Mangalam Global Ent Ltd,ANU  GEMS,BUY,1920000,15.5
08-SEP-2026,NSE,bulk_deals,MGEL,Mangalam Global Ent Ltd,VELOCE OPPORTUNITIES FUND,BUY,2000000,15.5
08-SEP-2026,NSE,bulk_deals,MIDHANI,Mishra Dhatu Nigam Ltd,QE SECURITIES LLP,BUY,1024458,467.96
08-SEP-2026,NSE,bulk_deals,MIDHANI,Mishra Dhatu Nigam Ltd,MICROCURVES TRADING PRIVATE LIMITED,BUY,3195357,471.15
08-SEP-2026,NSE,bulk_deals,MIDHANI,Mishra Dhatu Nigam Ltd,GRAVITON RESEARCH CAPITAL LLP,BUY,950440,458.89
08-SEP-2026,NSE,bulk_deals,MIDHANI,Mishra Dhatu Nigam Ltd,JUNOMONETA FINSOL PRIVATE LIMITED,BUY,1181079,470.52
08-SEP-2026,NSE,bulk_deals,MOMSBELIEF,Rays of Belief Limited,SACHCHIYAY STOCK BROKING PRIVATE LIMITED,BUY,275000,239.0
08-SEP-2026,NSE,bulk_deals,MOMSBELIEF,Rays of Belief Limited,CAPACIOUS WEALTH MANAGEMENT LLP,BUY,225000,239.0
08-SEP-2026,NSE,bulk_deals,MOMSBELIEF,Rays of Belief Limited,SANTOSH BHANSALI HUF,BUY,190000,239.0
08-SEP-2026,NSE,bulk_deals,MOMSBELIEF,Rays of Belief Limited,PRAGYA MERCANTILE PVT LTD,BUY,410000,239.0
08-SEP-2026,NSE,bulk_deals,MVELECTRO,MV Electrosystems Limited,JUNOMONETA FINSOL PRIVATE LIMITED,BUY,1148379,855.05
08-SEP-2026,NSE,bulk_deals,MVELECTRO,MV Electrosystems Limited,NK SECURITIES RESEARCH PRIVATE LIMITED,BUY,409517,858.74
08-SEP-2026,NSE,bulk_deals,MVELECTRO,MV Electrosystems Limited,IMC INDIA SECURITIES PRIVATE LIMITED,BUY,292571,851.09
08-SEP-2026,NSE,bulk_deals,MVELECTRO,MV Electrosystems Limited,MUSIGMA SECURITIES,BUY,302233,860.37
08-SEP-2026,NSE,bulk_deals,MVELECTRO,MV Electrosystems Limited,CLT RESEARCH TECH PRIVATE LTD,BUY,238544,855.02
08-SEP-2026,NSE,bulk_deals,MVELECTRO,MV Electrosystems Limited,PUMA SECURITIES,BUY,259853,857.75
08-SEP-2026,NSE,bulk_deals,MVELECTRO,MV Electrosystems Limited,MARWADI SHARES AND FINANCE LTD.,BUY,164711,860.08
08-SEP-2026,NSE,bulk_deals,MVELECTRO,MV Electrosystems Limited,BLITZQUANT RESEARCH LLP,BUY,215554,853.17
08-SEP-2026,NSE,bulk_deals,MVELECTRO,MV Electrosystems Limited,JUMP TRADING FINANCIAL INDIA PRIVATE LIMITED,BUY,440927,860.08
08-SEP-2026,NSE,bulk_deals,MVELECTRO,MV Electrosystems Limited,HRTI PRIVATE LIMITED,BUY,660901,856.08
08-SEP-2026,NSE,bulk_deals,MVELECTRO,MV Electrosystems Limited,MATHISYS QUANTCAP LLP,BUY,234230,851.76
08-SEP-2026,NSE,bulk_deals,MVELECTRO,MV Electrosystems Limited,MICROCURVES TRADING PRIVATE LIMITED,BUY,914130,858.34
08-SEP-2026,NSE,bulk_deals,MVELECTRO,MV Electrosystems Limited,QE SECURITIES LLP,BUY,860164,852.3
08-SEP-2026,NSE,bulk_deals,MVELECTRO,MV Electrosystems Limited,IRAGE BROKING SERVICES LLP,BUY,290924,856.49
08-SEP-2026,NSE,bulk_deals,OLIL,Oneclick Logistics Ind L,MAHESH LILADHAR BHANUSHALI,BUY,42800,411.78
08-SEP-2026,NSE,bulk_deals,ORTINGLOBE,ORTIN GLOBAL LIMITED,SRINIVASARAO KARI,BUY,44683,16.12
08-SEP-2026,NSE,bulk_deals,PCJEWELLER,PC Jeweller Ltd,JUMP TRADING FINANCIAL INDIA PRIVATE LIMITED,BUY,149662243,13.6
08-SEP-2026,NSE,bulk_deals,PCJEWELLER,PC Jeweller Ltd,HRTI PRIVATE LIMITED,BUY,64361815,13.62
08-SEP-2026,NSE,bulk_deals,RAYMOND,Raymond Ltd.,JUNOMONETA FINSOL PRIVATE LIMITED,BUY,463303,843.5
08-SEP-2026,NSE,bulk_deals,RAYMOND,Raymond Ltd.,MICROCURVES TRADING PRIVATE LIMITED,BUY,619143,844.23
08-SEP-2026,NSE,bulk_deals,RAYMOND,Raymond Ltd.,QE SECURITIES LLP,BUY,744428,842.44
08-SEP-2026,NSE,bulk_deals,RAYMOND,Raymond Ltd.,GRAVITON RESEARCH CAPITAL LLP,BUY,338781,829.45
08-SEP-2026,NSE,bulk_deals,SAWALIYA,Sawaliya Food Products L,VISTA AXIS VCC-QUANT FUND,BUY,50400,170.0
08-SEP-2026,NSE,bulk_deals,SHANKESH,Shankesh Jewellers Ltd,QE SECURITIES LLP,BUY,755658,98.32
08-SEP-2026,NSE,bulk_deals,SUBEXLTD,Subex Ltd,YUGA STOCKS AND COMMODITIES PRIVATE LIMITED,BUY,2925408,19.16
08-SEP-2026,NSE,bulk_deals,SUNSHINE,Sunshine Pictures Limited,VERTEX BULLION PRIVATE LIMITED,BUY,100001,483.0
08-SEP-2026,NSE,bulk_deals,SUNSHINE,Sunshine Pictures Limited,ARIHANT CAPITAL MARKETS LIMITED,BUY,498385,484.59
08-SEP-2026,NSE,bulk_deals,TEXINFRA,Texmaco Infra & Holdg Ltd,KJ TRUST,BUY,739667,119.86
08-SEP-2026,NSE,bulk_deals,TNPETRO,Tamilnadu Petro Prod Ltd,JUNOMONETA FINSOL PRIVATE LIMITED,BUY,562350,141.75
08-SEP-2026,NSE,bulk_deals,WHEELS,Wheels India Ltd,JUNOMONETA FINSOL PRIVATE LIMITED,BUY,132089,1993.82
08-SEP-2026,NSE,bulk_deals,WHEELS,Wheels India Ltd,MICROCURVES TRADING PRIVATE LIMITED,BUY,133578,2020.0
08-SEP-2026,NSE,bulk_deals,WHEELS,Wheels India Ltd,QE SECURITIES LLP,BUY,123887,1968.62
08-SEP-2026,NSE,bulk_deals,XTRANET,Xtranet Technologies Ltd,HRTI PRIVATE LIMITED,BUY,489561,272.57
08-SEP-2026,NSE,bulk_deals,XTRANET,Xtranet Technologies Ltd,MICROCURVES TRADING PRIVATE LIMITED,BUY,263221,281.39
08-SEP-2026,NSE,bulk_deals,XTRANET,Xtranet Technologies Ltd,NK SECURITIES RESEARCH PRIVATE LIMITED,BUY,429562,276.72
08-SEP-2026,NSE,bulk_deals,XTRANET,Xtranet Technologies Ltd,JUNOMONETA FINSOL PRIVATE LIMITED,BUY,539633,279.52
08-SEP-2026,NSE,bulk_deals,XTRANET,Xtranet Technologies Ltd,IMC INDIA SECURITIES PRIVATE LIMITED,BUY,274495,276.85
08-SEP-2026,NSE,bulk_deals,XTRANET,Xtranet Technologies Ltd,QE SECURITIES LLP,BUY,560377,277.6
08-SEP-2026,NSE,bulk_deals,ANDHRAPAP,ANDHRA PAPER LIMITED,ALPHAGREP SECURITIES PRIVATE LIMITED,SELL,1428094,74.96
08-SEP-2026,NSE,bulk_deals,ANDHRAPAP,ANDHRA PAPER LIMITED,JUNOMONETA FINSOL PRIVATE LIMITED,SELL,1613172,74.13
08-SEP-2026,NSE,bulk_deals,ANDHRAPAP,ANDHRA PAPER LIMITED,MICROCURVES TRADING PRIVATE LIMITED,SELL,1575295,74.88
08-SEP-2026,NSE,bulk_deals,ANTELOPUS,Antelopus Selan Enrgy Ltd,MICROCURVES TRADING PRIVATE LIMITED,SELL,569271,1099.94
08-SEP-2026,NSE,bulk_deals,ANTELOPUS,Antelopus Selan Enrgy Ltd,JUNOMONETA FINSOL PRIVATE LIMITED,SELL,794695,1086.84
08-SEP-2026,NSE,bulk_deals,ANTELOPUS,Antelopus Selan Enrgy Ltd,HRTI PRIVATE LIMITED,SELL,280235,1076.12
08-SEP-2026,NSE,bulk_deals,ANTELOPUS,Antelopus Selan Enrgy Ltd,IRAGE BROKING SERVICES LLP,SELL,146502,1088.64
08-SEP-2026,NSE,bulk_deals,ANTELOPUS,Antelopus Selan Enrgy Ltd,QE SECURITIES LLP,SELL,355489,1079.89
08-SEP-2026,NSE,bulk_deals,ANTELOPUS,Antelopus Selan Enrgy Ltd,NK SECURITIES RESEARCH PRIVATE LIMITED,SELL,227635,1084.76
08-SEP-2026,NSE,bulk_deals,ANTELOPUS,Antelopus Selan Enrgy Ltd,MUSIGMA SECURITIES,SELL,183476,1095.72
08-SEP-2026,NSE,bulk_deals,ANTELOPUS,Antelopus Selan Enrgy Ltd,ELIXIR WEALTH MANAGEMENT PRIVATE LIMITED,SELL,247085,1101.86
08-SEP-2026,NSE,bulk_deals,ASHUTOSH,Ashutosh Fibre Limited,MANSI SHARE AND STOCK BROKING PRIVATE LIMITED,SELL,30000,153.19
08-SEP-2026,NSE,bulk_deals,ATALREAL,Atal Realtech Limited,L7 HITECH PRIVATE LIMITED,SELL,420000,21.94
08-SEP-2026,NSE,bulk_deals,ATALREAL,Atal Realtech Limited,JAGID VANITABEN RAJENDRAPRASAD,SELL,800000,21.2
08-SEP-2026,NSE,bulk_deals,ATALREAL,Atal Realtech Limited,NEO APEX SHARE BROKING SERVICES LLP,SELL,1636286,21.2
08-SEP-2026,NSE,bulk_deals,ATALREAL,Atal Realtech Limited,TRADEFLOW DYNAMICS PRIVATE LIMITED,SELL,3500000,26.01
08-SEP-2026,NSE,bulk_deals,ATALREAL,Atal Realtech Limited,ACHINTYA SECURITIES LIMITED,SELL,1700000,21.2
08-SEP-2026,NSE,bulk_deals,ATLASCYCLE,Atlas Cycles (Haryana) Lt,PRIYA MILAN SADARIYA,SELL,53268,112.39
08-SEP-2026,NSE,bulk_deals,ATLASCYCLE,Atlas Cycles (Haryana) Lt,ANKITA VISHAL SHAH,SELL,53718,111.85
08-SEP-2026,NSE,bulk_deals,ATLASCYCLE,Atlas Cycles (Haryana) Lt,INDRA KIRAN VENTURES,SELL,86725,113.14
08-SEP-2026,NSE,bulk_deals,ATLASCYCLE,Atlas Cycles (Haryana) Lt,K RAJ BUSINESS VENTURE PRIVATE LIMITED,SELL,104976,109.34
08-SEP-2026,NSE,bulk_deals,ATLASCYCLE,Atlas Cycles (Haryana) Lt,ARPIT JAIN HUF,SELL,44040,109.96
08-SEP-2026,NSE,bulk_deals,ATLASCYCLE,Atlas Cycles (Haryana) Lt,AMRITA JAIN,SELL,55199,113.19
08-SEP-2026,NSE,bulk_deals,BLEL,Behari Lal Engineering L,QE SECURITIES LLP,SELL,221232,468.09
08-SEP-2026,NSE,bulk_deals,CELLECOR,Cellecor Gadgets Limited,MEENAKSHI .,SELL,1125000,31.0
08-SEP-2026,NSE,bulk_deals,COMSYN,Commercial Syn Bags Ltd,ARIHANT CAPITAL MARKETS LIMITED,SELL,604110,298.49
08-SEP-2026,NSE,bulk_deals,COMSYN,Commercial Syn Bags Ltd,PRAAVANYA VENTURES LLP,SELL,310000,290.07
08-SEP-2026,NSE,bulk_deals,CORDSCABLE,Cords Cable Industries Li,JUNOMONETA FINSOL PRIVATE LIMITED,SELL,85207,355.54
08-SEP-2026,NSE,bulk_deals,CORDSCABLE,Cords Cable Industries Li,NK SECURITIES RESEARCH PRIVATE LIMITED,SELL,85389,356.61
08-SEP-2026,NSE,bulk_deals,DAVANGERE,Davangere Sugar Company L,TRADEFLOW DYNAMICS PRIVATE LIMITED,SELL,9174766,1.95
08-SEP-2026,NSE,bulk_deals,DCI,DC Infotech and Comun Ltd,KAHOR VANRAJSINH DADBHAI,SELL,96313,310.2
08-SEP-2026,NSE,bulk_deals,DCI,DC Infotech and Comun Ltd,MIT GOPALBHAI SHAH,SELL,101009,315.25
08-SEP-2026,NSE,bulk_deals,DEEPA,Deepa Jewellers Limited,GOLDMINE STOCKS PRIVATE LIMITED,SELL,773794,201.98
08-SEP-2026,NSE,bulk_deals,DEEPA,Deepa Jewellers Limited,DIPAN MEHTA COMMODITIES PRIVATE LIMITED,SELL,1034576,201.88
08-SEP-2026,NSE,bulk_deals,DEEPA,Deepa Jewellers Limited,ELIXIR WEALTH MANAGEMENT PRIVATE LIMITED,SELL,580763,201.6
08-SEP-2026,NSE,bulk_deals,DEEPA,Deepa Jewellers Limited,YARN SYNDICATE LIMITED,SELL,276153,200.84
08-SEP-2026,NSE,bulk_deals,DEEPA,Deepa Jewellers Limited,JMP SECURITIES PVT LTD,SELL,478262,208.34
08-SEP-2026,NSE,bulk_deals,DEEPA,Deepa Jewellers Limited,SPRING VENTURES,SELL,500000,205.26
08-SEP-2026,NSE,bulk_deals,DEEPA,Deepa Jewellers Limited,NK SECURITIES RESEARCH PRIVATE LIMITED,SELL,1633074,202.56
08-SEP-2026,NSE,bulk_deals,DEEPA,Deepa Jewellers Limited,PURE BROKING PRIVATE LIMITED,SELL,1101112,203.05
08-SEP-2026,NSE,bulk_deals,DEEPA,Deepa Jewellers Limited,GRT STRATEGIC VENTURES LLP,SELL,1376851,202.2
08-SEP-2026,NSE,bulk_deals,DEEPA,Deepa Jewellers Limited,BLITZQUANT RESEARCH LLP,SELL,674930,202.53
08-SEP-2026,NSE,bulk_deals,DEEPA,Deepa Jewellers Limited,IRAGE BROKING SERVICES LLP,SELL,1549160,201.61
08-SEP-2026,NSE,bulk_deals,DEEPA,Deepa Jewellers Limited,JUNOMONETA FINSOL PRIVATE LIMITED,SELL,1424721,201.56
08-SEP-2026,NSE,bulk_deals,DEEPA,Deepa Jewellers Limited,MICROCURVES TRADING PRIVATE LIMITED,SELL,896665,201.77
08-SEP-2026,NSE,bulk_deals,FASCINATE,Fascinate Textiles Ltd,MAMTA TULSHYAN,SELL,192800,65.3
08-SEP-2026,NSE,bulk_deals,FASCINATE,Fascinate Textiles Ltd,NEO APEX SHARE BROKING SERVICES LLP,SELL,297600,60.35
08-SEP-2026,NSE,bulk_deals,GARUDA,Garuda Construct N Eng L,JUNOMONETA FINSOL PRIVATE LIMITED,SELL,472221,191.37
08-SEP-2026,NSE,bulk_deals,GARUDA,Garuda Construct N Eng L,MICROCURVES TRADING PRIVATE LIMITED,SELL,577137,193.11
08-SEP-2026,NSE,bulk_deals,GARUDA,Garuda Construct N Eng L,QE SECURITIES LLP,SELL,506077,192.48
08-SEP-2026,NSE,bulk_deals,GCSL,Gretex Corporate Services,AMIT BALKRISHNA JALAN,SELL,125000,601.16
08-SEP-2026,NSE,bulk_deals,GENESYS,Genesys International Cor,JUNOMONETA FINSOL PRIVATE LIMITED,SELL,354789,273.58
08-SEP-2026,NSE,bulk_deals,GENESYS,Genesys International Cor,QE SECURITIES LLP,SELL,355518,273.33
08-SEP-2026,NSE,bulk_deals,GSMFOILS,GSM Foils Limited,NEO APEX SHARE BROKING SERVICES LLP,SELL,341500,103.0
08-SEP-2026,NSE,bulk_deals,HECPROJECT,HEC Infra Projects Ltd,SUMANJU PROJECTS & SERVICES LIMITED,SELL,87897,140.2
08-SEP-2026,NSE,bulk_deals,HPTL,HP Telecom India Limited,SHRIYANSH PATODIA,SELL,86400,314.66
08-SEP-2026,NSE,bulk_deals,KSHITIJPOL,Kshitij Polyline Limited,SATISH MEJIYATAR,SELL,822335,3.63
08-SEP-2026,NSE,bulk_deals,KSHITIJPOL,Kshitij Polyline Limited,BHAVISHYA ECOMMERCE PRIVATE LIMITED,SELL,145000,3.47
08-SEP-2026,NSE,bulk_deals,LUMINO,Lumino Industries Limited,JUNOMONETA FINSOL PRIVATE LIMITED,SELL,1923895,112.85
08-SEP-2026,NSE,bulk_deals,MARKOLINES,Markolines Pavement Tec L,VISTAAR TRADING SERVICE PRIVATE LIMITED,SELL,118703,176.87
08-SEP-2026,NSE,bulk_deals,MERCURYEV,Mercury Ev-Tech Limited,SHREE SAIBABA EXIM PRIVATE LIMITED,SELL,1245000,38.57
08-SEP-2026,NSE,bulk_deals,MGEL,Mangalam Global Ent Ltd,CHARULATA SHARAD RANADE,SELL,2000000,15.5
08-SEP-2026,NSE,bulk_deals,MGEL,Mangalam Global Ent Ltd,SHARAD ANANT RANADE,SELL,2088876,15.5
08-SEP-2026,NSE,bulk_deals,MIDHANI,Mishra Dhatu Nigam Ltd,QE SECURITIES LLP,SELL,1062276,468.55
08-SEP-2026,NSE,bulk_deals,MIDHANI,Mishra Dhatu Nigam Ltd,JUNOMONETA FINSOL PRIVATE LIMITED,SELL,1189149,470.73
08-SEP-2026,NSE,bulk_deals,MIDHANI,Mishra Dhatu Nigam Ltd,GRAVITON RESEARCH CAPITAL LLP,SELL,950440,459.11
08-SEP-2026,NSE,bulk_deals,MIDHANI,Mishra Dhatu Nigam Ltd,MICROCURVES TRADING PRIVATE LIMITED,SELL,3195357,471.43
08-SEP-2026,NSE,bulk_deals,MOMSBELIEF,Rays of Belief Limited,LONGTHRIVE CAPITAL VCC - TRENDVIEW CAPITAL FUND,SELL,143401,239.0
08-SEP-2026,NSE,bulk_deals,MVELECTRO,MV Electrosystems Limited,MATHISYS QUANTCAP LLP,SELL,233929,851.88
08-SEP-2026,NSE,bulk_deals,MVELECTRO,MV Electrosystems Limited,HRTI PRIVATE LIMITED,SELL,658860,856.9
08-SEP-2026,NSE,bulk_deals,MVELECTRO,MV Electrosystems Limited,JUMP TRADING FINANCIAL INDIA PRIVATE LIMITED,SELL,440927,852.28
08-SEP-2026,NSE,bulk_deals,MVELECTRO,MV Electrosystems Limited,JUNOMONETA FINSOL PRIVATE LIMITED,SELL,1150175,855.62
08-SEP-2026,NSE,bulk_deals,MVELECTRO,MV Electrosystems Limited,MICROCURVES TRADING PRIVATE LIMITED,SELL,914130,858.74
08-SEP-2026,NSE,bulk_deals,MVELECTRO,MV Electrosystems Limited,BLITZQUANT RESEARCH LLP,SELL,215554,853.57
08-SEP-2026,NSE,bulk_deals,MVELECTRO,MV Electrosystems Limited,IMC INDIA SECURITIES PRIVATE LIMITED,SELL,292571,850.35
08-SEP-2026,NSE,bulk_deals,MVELECTRO,MV Electrosystems Limited,MARWADI SHARES AND FINANCE LTD.,SELL,164711,850.75
08-SEP-2026,NSE,bulk_deals,MVELECTRO,MV Electrosystems Limited,PUMA SECURITIES,SELL,259853,858.42
08-SEP-2026,NSE,bulk_deals,MVELECTRO,MV Electrosystems Limited,CLT RESEARCH TECH PRIVATE LTD,SELL,238544,855.34
08-SEP-2026,NSE,bulk_deals,MVELECTRO,MV Electrosystems Limited,MUSIGMA SECURITIES,SELL,302232,860.75
08-SEP-2026,NSE,bulk_deals,MVELECTRO,MV Electrosystems Limited,NK SECURITIES RESEARCH PRIVATE LIMITED,SELL,409517,859.34
08-SEP-2026,NSE,bulk_deals,MVELECTRO,MV Electrosystems Limited,IRAGE BROKING SERVICES LLP,SELL,259521,854.87
08-SEP-2026,NSE,bulk_deals,MVELECTRO,MV Electrosystems Limited,QE SECURITIES LLP,SELL,850046,850.78
08-SEP-2026,NSE,bulk_deals,PATILAUTOM,Patil Automation Limited,RAGHAV INVESTMENT PRIVATE LIMITED,SELL,189600,282.02
08-SEP-2026,NSE,bulk_deals,PCJEWELLER,PC Jeweller Ltd,HRTI PRIVATE LIMITED,SELL,100763581,13.63
08-SEP-2026,NSE,bulk_deals,PCJEWELLER,PC Jeweller Ltd,JUMP TRADING FINANCIAL INDIA PRIVATE LIMITED,SELL,149662243,13.61
08-SEP-2026,NSE,bulk_deals,RAYMOND,Raymond Ltd.,JUNOMONETA FINSOL PRIVATE LIMITED,SELL,463811,843.93
08-SEP-2026,NSE,bulk_deals,RAYMOND,Raymond Ltd.,QE SECURITIES LLP,SELL,751822,840.84
08-SEP-2026,NSE,bulk_deals,RAYMOND,Raymond Ltd.,MICROCURVES TRADING PRIVATE LIMITED,SELL,619143,844.64
08-SEP-2026,NSE,bulk_deals,RAYMOND,Raymond Ltd.,GRAVITON RESEARCH CAPITAL LLP,SELL,338781,829.59
08-SEP-2026,NSE,bulk_deals,SAWALIYA,Sawaliya Food Products L,BINACA LIMITED,SELL,50400,170.0
08-SEP-2026,NSE,bulk_deals,SHANKESH,Shankesh Jewellers Ltd,QE SECURITIES LLP,SELL,781805,99.27
08-SEP-2026,NSE,bulk_deals,SUBEXLTD,Subex Ltd,YUGA STOCKS AND COMMODITIES PRIVATE LIMITED,SELL,987052,19.23
08-SEP-2026,NSE,bulk_deals,SUNSHINE,Sunshine Pictures Limited,ARIHANT CAPITAL MARKETS LIMITED,SELL,535978,487.27
08-SEP-2026,NSE,bulk_deals,SUNSHINE,Sunshine Pictures Limited,VERTEX BULLION PRIVATE LIMITED,SELL,180001,482.28
08-SEP-2026,NSE,bulk_deals,TNPETRO,Tamilnadu Petro Prod Ltd,JUNOMONETA FINSOL PRIVATE LIMITED,SELL,561552,141.75
08-SEP-2026,NSE,bulk_deals,WHEELS,Wheels India Ltd,MICROCURVES TRADING PRIVATE LIMITED,SELL,133578,2021.88
08-SEP-2026,NSE,bulk_deals,WHEELS,Wheels India Ltd,JUNOMONETA FINSOL PRIVATE LIMITED,SELL,133767,1996.48
08-SEP-2026,NSE,bulk_deals,WHEELS,Wheels India Ltd,QE SECURITIES LLP,SELL,128798,1980.91
08-SEP-2026,NSE,bulk_deals,XTRANET,Xtranet Technologies Ltd,NK SECURITIES RESEARCH PRIVATE LIMITED,SELL,429562,276.89
08-SEP-2026,NSE,bulk_deals,XTRANET,Xtranet Technologies Ltd,IMC INDIA SECURITIES PRIVATE LIMITED,SELL,249528,276.85
08-SEP-2026,NSE,bulk_deals,XTRANET,Xtranet Technologies Ltd,MICROCURVES TRADING PRIVATE LIMITED,SELL,263221,281.45
08-SEP-2026,NSE,bulk_deals,XTRANET,Xtranet Technologies Ltd,HRTI PRIVATE LIMITED,SELL,460085,277.09
08-SEP-2026,NSE,bulk_deals,XTRANET,Xtranet Technologies Ltd,QE SECURITIES LLP,SELL,558614,279.27
08-SEP-2026,NSE,bulk_deals,XTRANET,Xtranet Technologies Ltd,JUNOMONETA FINSOL PRIVATE LIMITED,SELL,554021,279.41
NO RECORDS,NSE,block_deals,nan,nan,nan,nan,nan,nan
08/09/2026,BSE,bulk,538556,ARMAN,ARUN VENUGOPAL IYER,B,42200.0,118.56
08/09/2026,BSE,bulk,544628,ASTRONMULT,JYOTIBEN NARENDRAKUMAR VORA,B,46000.0,17.05
08/09/2026,BSE,bulk,544628,ASTRONMULT,JYOTIBEN NARENDRAKUMAR VORA,S,46000.0,17.02
08/09/2026,BSE,bulk,530187,ATHARVENT,CITILINE TEXFAB PVT LTD,S,130000.0,4.63
08/09/2026,BSE,bulk,530187,ATHARVENT,ASHISH KUMAR KABRA,B,91000.0,4.63
08/09/2026,BSE,bulk,544772,AUREATE,BHAVIK KISHORBHAI NATHAVANI,B,56000.0,39.04
08/09/2026,BSE,bulk,544772,AUREATE,BHAVIK KISHORBHAI NATHAVANI,S,112000.0,36.9
08/09/2026,BSE,bulk,524440,CAMEXLTD,ANAND KANTILAL BAFNA,S,100000.0,45.0
08/09/2026,BSE,bulk,539091,CCDL,METROCITY HEART CARE AND CRITICAL CARE PRIVATE LIMITED,S,19317864.0,1.26
08/09/2026,BSE,bulk,539091,CCDL,METROCITY HEART CARE AND CRITICAL CARE PRIVATE LIMITED,B,2287872.0,1.25
08/09/2026,BSE,bulk,540310,CFL,KAILASH DHANUKA HUF,S,60000.0,51.53
08/09/2026,BSE,bulk,523105,CROPSTER,NUEVENIA BIZ PRIVATE LIMITED,S,30989987.0,3.19
08/09/2026,BSE,bulk,544903,DEEPA,IRAGE BROKING SERVICES LLP,B,612543.0,201.76
08/09/2026,BSE,bulk,544903,DEEPA,IRAGE BROKING SERVICES LLP,S,334099.0,203.26
08/09/2026,BSE,bulk,531502,ESARIND,DIVAY DHAMIJA,B,346000.0,12.27
08/09/2026,BSE,bulk,531502,ESARIND,PAWAN KUMAR MITTAL,B,238829.0,12.27
08/09/2026,BSE,bulk,531502,ESARIND,PAWAN KUMAR MITTAL,S,231815.0,12.29
08/09/2026,BSE,bulk,531502,ESARIND,MIHIR CHANDRAKANT KOTECHA,S,117301.0,12.3
08/09/2026,BSE,bulk,524444,EVEXIA,SHREE SAIBABA EXIM PRIVATE LIMITED,B,38269858.0,1.44
08/09/2026,BSE,bulk,544905,FARMPEACE,YUGA STOCKS AND COMMODITIES PRIVATE LIMITED,B,156000.0,117.7
08/09/2026,BSE,bulk,544905,FARMPEACE,SAROJDEVI PURSHOTTAMDAS GUPTA,S,234000.0,108.96
08/09/2026,BSE,bulk,544905,FARMPEACE,F3 ADVISORS PRIVATE LIMITED,B,380000.0,111.83
08/09/2026,BSE,bulk,544905,FARMPEACE,CINCO STOCK VISION LLP,B,172000.0,112.1
08/09/2026,BSE,bulk,544905,FARMPEACE,MANSI SHARE AND STOCK BROKING PRIVATE LIMITED,B,494000.0,117.04
08/09/2026,BSE,bulk,544905,FARMPEACE,EPITOME TRADING AND INVESTMENTS,B,270000.0,117.7
08/09/2026,BSE,bulk,544905,FARMPEACE,ANKITKUMARJAIN,S,712000.0,117.21
08/09/2026,BSE,bulk,544173,FTL,SOHAN LAL AHUJA AND SONS HUF,B,34000.0,12.74
08/09/2026,BSE,bulk,544173,FTL,PAREKH KRIPAL,S,23000.0,12.74
08/09/2026,BSE,bulk,543520,GLHRL,NEELRAJ EKNATH JADHAV,S,30000.0,13.39
08/09/2026,BSE,bulk,543520,GLHRL,NEELRAJ EKNATH JADHAV,B,56000.0,13.39
08/09/2026,BSE,bulk,539222,GROWINGTON,NIRMALKUMAR RAMESHCHANDRA PATEL,B,4960000.0,0.81
08/09/2026,BSE,bulk,504840,KAIRA,BHARAT AJAY KAPADIA,B,13000.0,1500.0
08/09/2026,BSE,bulk,504840,KAIRA,DRYDEN PRIVATE LIMITED,S,13000.0,1500.0
08/09/2026,BSE,bulk,539408,KUBERJI,GLOBALWORTH SECURITIES LIMITED,B,17988.0,50.93
08/09/2026,BSE,bulk,544895,KWICK,SANDEEP SANJAR,S,129600.0,149.93
08/09/2026,BSE,bulk,531319,MGIL,RAMASWAMYREDDY PEDINEKALUVA,B,48315.0,40.45
08/09/2026,BSE,bulk,540254,MTPL,RATHOD DIGVIJAYSINH RAJENDRASINH,B,428986.0,10.28
08/09/2026,BSE,bulk,540254,MTPL,RATHOD DIGVIJAYSINH RAJENDRASINH,S,497980.0,10.29
08/09/2026,BSE,bulk,544851,MVELECTRO,IRAGE BROKING SERVICES LLP,B,191169.0,852.9
08/09/2026,BSE,bulk,544851,MVELECTRO,IRAGE BROKING SERVICES LLP,S,222572.0,856.34
08/09/2026,BSE,bulk,544851,MVELECTRO,HRTI PRIVATE LIMITED,B,212142.0,854.91
08/09/2026,BSE,bulk,544851,MVELECTRO,HRTI PRIVATE LIMITED,S,206486.0,855.27
08/09/2026,BSE,bulk,530557,NCLRESE,ORCHARD ROAD PROPERTIES PRIVATE LIMITED,B,6715411.0,0.7
08/09/2026,BSE,bulk,544902,PHYCHEM,PACE STOCK BROKING SERVICES PVT LTD,S,78000.0,56.4
08/09/2026,BSE,bulk,544855,PRIMAINNO,SEETHA KUMARI,S,69302.0,29.02
08/09/2026,BSE,bulk,540703,PROCLB,BHAVIK KISHORBHAI NATHAVANI,S,60000.0,33.14
08/09/2026,BSE,bulk,544685,SHADOWFAX,NEWQUEST ASIA FUND IV (SINGAPORE) PTE. LIMITED.,S,8000000.0,250.03
08/09/2026,BSE,bulk,544685,SHADOWFAX,OXBOW MASTER FUND LIMITED,B,4785149.0,250.0
08/09/2026,BSE,bulk,544035,SPL,ANITHA D,B,97600.0,22.15
08/09/2026,BSE,bulk,544035,SPL,SIMRAN,S,97600.0,22.15
08/09/2026,BSE,bulk,531257,VELLORA,SAVITHA KUNDAPUR,B,29000.0,11.63
08/09/2026,BSE,bulk,531257,VELLORA,ASHISH .,S,67174.0,11.69
08/09/2026,BSE,bulk,544770,YAASHVI,NIRAJ RAJNIKANT SHAH,S,248000.0,79.79
04/09/2026,BSE,block,543245,GLAND,ADITYA BIRLA SUN LIFE MUTUAL FUND,B,90000.0,2826.6
04/09/2026,BSE,block,543245,GLAND,KOTAK MAHINDRA MUTUAL FUND,B,2793000.0,2826.6
04/09/2026,BSE,block,543245,GLAND,SBI LIFE INSURANCE COMPANY LIMITED,B,420000.0,2826.6
04/09/2026,BSE,block,543245,GLAND,HDFC STANDARD LIFE INSURANCE CO LTD,B,541500.0,2826.6
04/09/2026,BSE,block,543245,GLAND,MIRAE ASSET MUTUAL FUND,B,175000.0,2826.6
04/09/2026,BSE,block,543245,GLAND,SOCIETE GENERALE,B,400000.0,2826.6
04/09/2026,BSE,block,543245,GLAND,KOTAK MAHINDRA LIFE INSURANCE COMPANY LIMITED,B,250000.0,2826.6
04/09/2026,BSE,block,543245,GLAND,AXIS MUTUAL FUND,B,1357000.0,2826.6
04/09/2026,BSE,block,543245,GLAND,NRSGVCC,B,270000.0,2826.6
04/09/2026,BSE,block,543245,GLAND,ICICI PRUDENTIAL MUTUAL FUND,B,1039000.0,2826.6
04/09/2026,BSE,block,543245,GLAND,SUNDARAM MUTUAL FUND,B,170000.0,2826.6
04/09/2026,BSE,block,543245,GLAND,FOSUN PHARMA INDUSTRIAL PTE. LTD.,S,90000.0,2826.6
04/09/2026,BSE,block,543245,GLAND,FOSUN PHARMA INDUSTRIAL PTE. LTD.,S,170000.0,2826.6
04/09/2026,BSE,block,543245,GLAND,FOSUN PHARMA INDUSTRIAL PTE. LTD.,S,175000.0,2826.6
04/09/2026,BSE,block,543245,GLAND,FOSUN PHARMA INDUSTRIAL PTE. LTD.,S,250000.0,2826.6
04/09/2026,BSE,block,543245,GLAND,FOSUN PHARMA INDUSTRIAL PTE. LTD.,S,270000.0,2826.6
04/09/2026,BSE,block,543245,GLAND,FOSUN PHARMA INDUSTRIAL PTE. LTD.,S,400000.0,2826.6
04/09/2026,BSE,block,543245,GLAND,FOSUN PHARMA INDUSTRIAL PTE. LTD.,S,420000.0,2826.6
04/09/2026,BSE,block,543245,GLAND,FOSUN PHARMA INDUSTRIAL PTE. LTD.,S,541500.0,2826.6
04/09/2026,BSE,block,543245,GLAND,FOSUN PHARMA INDUSTRIAL PTE. LTD.,S,1039000.0,2826.6
04/09/2026,BSE,block,543245,GLAND,FOSUN PHARMA INDUSTRIAL PTE. LTD.,S,1357000.0,2826.6
04/09/2026,BSE,block,543245,GLAND,FOSUN PHARMA INDUSTRIAL PTE. LTD.,S,2793000.0,2826.6
04/09/2026,BSE,block,544028,TATATECH,ICICI PRUDENTIAL MUTUAL FUND,B,600000.0,785.0
04/09/2026,BSE,block,544028,TATATECH,KOTAK MAHINDRA MUTUAL FUND,B,780000.0,785.0
04/09/2026,BSE,block,544028,TATATECH,360 ONE ASSET MANAGEMENT LIMITED,B,400000.0,785.0
04/09/2026,BSE,block,544028,TATATECH,CARNELIAN ASSET MANAGEMENT & ADVISORS PRIVATE LIMITED,B,320000.0,785.0
04/09/2026,BSE,block,544028,TATATECH,PATRICK RAYMON MCGOLDRICK,S,320000.0,785.0
04/09/2026,BSE,block,544028,TATATECH,PATRICK RAYMON MCGOLDRICK,S,400000.0,785.0
04/09/2026,BSE,block,544028,TATATECH,PATRICK RAYMON MCGOLDRICK,S,600000.0,785.0
04/09/2026,BSE,block,544028,TATATECH,PATRICK RAYMON MCGOLDRICK,S,780000.0,785.0
09-SEP-2026,NSE,bulk_deals,AASTHA,Aastha Spintex Limited,JAGID VANITABEN RAJENDRAPRASAD,BUY,243493,80.03
09-SEP-2026,NSE,bulk_deals,AASTHA,Aastha Spintex Limited,BLOOMCREST TRADE PRIVATE LIMITED,BUY,500000,80.0
09-SEP-2026,NSE,bulk_deals,ADISOFT,Adisoft Technologies Ltd,ANNU SHANKER,BUY,100000,244.84
09-SEP-2026,NSE,bulk_deals,AGIIL,Agi Infra Limited,ARIHANT CAPITAL MARKETS LIMITED,BUY,1179471,289.43
09-SEP-2026,NSE,bulk_deals,ANOND-RE,Anondita Medicare Ltd,MANSI SHARE AND STOCK BROKING PRIVATE LIMITED,BUY,24370,144.62
09-SEP-2026,NSE,bulk_deals,ANTELOPUS,Antelopus Selan Enrgy Ltd,MUSIGMA SECURITIES,BUY,438413,1182.01
09-SEP-2026,NSE,bulk_deals,ANTELOPUS,Antelopus Selan Enrgy Ltd,JUNOMONETA FINSOL PRIVATE LIMITED,BUY,1033181,1183.17
09-SEP-2026,NSE,bulk_deals,ANTELOPUS,Antelopus Selan Enrgy Ltd,NK SECURITIES RESEARCH PRIVATE LIMITED,BUY,338754,1180.11
09-SEP-2026,NSE,bulk_deals,ANTELOPUS,Antelopus Selan Enrgy Ltd,IRAGE BROKING SERVICES LLP,BUY,203670,1178.89
09-SEP-2026,NSE,bulk_deals,ANTELOPUS,Antelopus Selan Enrgy Ltd,QE SECURITIES LLP,BUY,496972,1187.1
09-SEP-2026,NSE,bulk_deals,ANTELOPUS,Antelopus Selan Enrgy Ltd,HRTI PRIVATE LIMITED,BUY,935115,1179.55
09-SEP-2026,NSE,bulk_deals,ANTELOPUS,Antelopus Selan Enrgy Ltd,MICROCURVES TRADING PRIVATE LIMITED,BUY,421782,1185.4
09-SEP-2026,NSE,bulk_deals,ASTEC,Astec LifeSciences Ltd,MICROCURVES TRADING PRIVATE LIMITED,BUY,255931,752.6
09-SEP-2026,NSE,bulk_deals,ASTEC,Astec LifeSciences Ltd,JUNOMONETA FINSOL PRIVATE LIMITED,BUY,193946,754.5
09-SEP-2026,NSE,bulk_deals,ASTEC,Astec LifeSciences Ltd,QE SECURITIES LLP,BUY,180108,754.57
09-SEP-2026,NSE,bulk_deals,ASTEC,Astec LifeSciences Ltd,ALPHAGREP SECURITIES PRIVATE LIMITED,BUY,190586,749.27
09-SEP-2026,NSE,bulk_deals,ASTEC,Astec LifeSciences Ltd,NK SECURITIES RESEARCH PRIVATE LIMITED,BUY,172956,752.39
09-SEP-2026,NSE,bulk_deals,BIRLACABLE,Birla Cable Limited,NEO APEX SHARE BROKING SERVICES LLP,BUY,163895,352.91
09-SEP-2026,NSE,bulk_deals,CORDSCABLE,Cords Cable Industries Li,NK SECURITIES RESEARCH PRIVATE LIMITED,BUY,77197,379.49
09-SEP-2026,NSE,bulk_deals,CORDSCABLE,Cords Cable Industries Li,HRTI PRIVATE LIMITED,BUY,94642,373.18
09-SEP-2026,NSE,bulk_deals,CORDSCABLE,Cords Cable Industries Li,JUNOMONETA FINSOL PRIVATE LIMITED,BUY,82293,377.51
09-SEP-2026,NSE,bulk_deals,CPS,C P S Shapers Limited,NIRALA  UMESH KUMAR,BUY,27000,1200.0
09-SEP-2026,NSE,bulk_deals,DAVANGERE,Davangere Sugar Company L,L7 HITECH PRIVATE LIMITED,BUY,11000000,1.9
09-SEP-2026,NSE,bulk_deals,DAVANGERE,Davangere Sugar Company L,CHAUBARA EATS PRIVATE LIMITED,BUY,10000000,1.74
09-SEP-2026,NSE,bulk_deals,DAVANGERE,Davangere Sugar Company L,SKYTECH PROPERTY LLP,BUY,10000000,2.0
09-SEP-2026,NSE,bulk_deals,DEEPA,Deepa Jewellers Limited,NK SECURITIES RESEARCH PRIVATE LIMITED,BUY,648234,199.92
09-SEP-2026,NSE,bulk_deals,EXCELSOFT,Excelsoft Technologies L,NK SECURITIES RESEARCH PRIVATE LIMITED,BUY,1136597,76.35
09-SEP-2026,NSE,bulk_deals,GOACARBON,Goa Carbon Ltd,SETU SECURITIES PVT LTD,BUY,74009,458.97
09-SEP-2026,NSE,bulk_deals,GOACARBON,Goa Carbon Ltd,NEO APEX SHARE BROKING SERVICES LLP,BUY,100000,459.97
09-SEP-2026,NSE,bulk_deals,GOACARBON,Goa Carbon Ltd,OM TRADING,BUY,46598,459.06
09-SEP-2026,NSE,bulk_deals,GOACARBON,Goa Carbon Ltd,NK SECURITIES RESEARCH PRIVATE LIMITED,BUY,74525,448.27
09-SEP-2026,NSE,bulk_deals,GRAPHITE,Graphite India Limited,QE SECURITIES LLP,BUY,1352293,840.31
09-SEP-2026,NSE,bulk_deals,GRAPHITE,Graphite India Limited,MICROCURVES TRADING PRIVATE LIMITED,BUY,1465009,845.91
09-SEP-2026,NSE,bulk_deals,GRAPHITE,Graphite India Limited,HRTI PRIVATE LIMITED,BUY,1178540,843.06
09-SEP-2026,NSE,bulk_deals,GRAPHITE,Graphite India Limited,JUNOMONETA FINSOL PRIVATE LIMITED,BUY,1127661,847.21
09-SEP-2026,NSE,bulk_deals,GSMFOILS,GSM Foils Limited,HI GROWTH CORPORATE SERVICES PVT LTD,BUY,93000,95.65
09-SEP-2026,NSE,bulk_deals,GSMFOILS,GSM Foils Limited,SREENIVASARAO KORAGANTI,BUY,100500,96.13
09-SEP-2026,NSE,bulk_deals,GSMFOILS,GSM Foils Limited,NEO APEX SHARE BROKING SERVICES LLP,BUY,135500,96.05
09-SEP-2026,NSE,bulk_deals,KHADIM,Khadim India Limited,PRASOON PANKAJ,BUY,418974,116.19
09-SEP-2026,NSE,bulk_deals,LFIC,Lakshmi Fin Ind Corp Ltd,AMRITA JAIN,BUY,44781,159.24
09-SEP-2026,NSE,bulk_deals,LUMINO,Lumino Industries Limited,JUNOMONETA FINSOL PRIVATE LIMITED,BUY,1848473,107.04
09-SEP-2026,NSE,bulk_deals,MARUSHIKA,Marushika Technology Ltd,BEENA JAIN,BUY,44400,117.83
09-SEP-2026,NSE,bulk_deals,MGEL,Mangalam Global Ent Ltd,VELOCE OPPORTUNITIES FUND,BUY,4681481,15.5
09-SEP-2026,NSE,bulk_deals,MGEL,Mangalam Global Ent Ltd,VELOCE OPPORTUNITIES FUND - II,BUY,7100000,15.5
09-SEP-2026,NSE,bulk_deals,MOMSBELIEF,Rays of Belief Limited,RAMESH KUMAR,BUY,117973,235.28
09-SEP-2026,NSE,bulk_deals,MVELECTRO,MV Electrosystems Limited,HRTI PRIVATE LIMITED,BUY,714427,917.9
09-SEP-2026,NSE,bulk_deals,MVELECTRO,MV Electrosystems Limited,ANUPAMA SHETTY,BUY,195765,915.88
09-SEP-2026,NSE,bulk_deals,MVELECTRO,MV Electrosystems Limited,MARWADI CHANDARANA INTERMEDIARIES BROKERS PRIVATE LIMITED,BUY,211751,912.88
09-SEP-2026,NSE,bulk_deals,MVELECTRO,MV Electrosystems Limited,JUMP TRADING FINANCIAL INDIA PRIVATE LIMITED,BUY,545636,928.19
09-SEP-2026,NSE,bulk_deals,MVELECTRO,MV Electrosystems Limited,JUNOMONETA FINSOL PRIVATE LIMITED,BUY,1120751,923.67
09-SEP-2026,NSE,bulk_deals,MVELECTRO,MV Electrosystems Limited,MICROCURVES TRADING PRIVATE LIMITED,BUY,676840,924.28
09-SEP-2026,NSE,bulk_deals,MVELECTRO,MV Electrosystems Limited,IMC INDIA SECURITIES PRIVATE LIMITED,BUY,289586,924.98
09-SEP-2026,NSE,bulk_deals,MVELECTRO,MV Electrosystems Limited,ELIXIR WEALTH MANAGEMENT PRIVATE LIMITED,BUY,233372,921.39
09-SEP-2026,NSE,bulk_deals,MVELECTRO,MV Electrosystems Limited,PUMA SECURITIES,BUY,164883,925.43
09-SEP-2026,NSE,bulk_deals,MVELECTRO,MV Electrosystems Limited,CLT RESEARCH TECH PRIVATE LTD,BUY,254135,922.29
09-SEP-2026,NSE,bulk_deals,MVELECTRO,MV Electrosystems Limited,MUSIGMA SECURITIES,BUY,205547,923.83
09-SEP-2026,NSE,bulk_deals,MVELECTRO,MV Electrosystems Limited,NK SECURITIES RESEARCH PRIVATE LIMITED,BUY,337013,922.23
09-SEP-2026,NSE,bulk_deals,MVELECTRO,MV Electrosystems Limited,IRAGE BROKING SERVICES LLP,BUY,319391,920.93
09-SEP-2026,NSE,bulk_deals,MVELECTRO,MV Electrosystems Limited,QE SECURITIES LLP,BUY,736919,923.46
09-SEP-2026,NSE,bulk_deals,MVELECTRO,MV Electrosystems Limited,MATHISYS QUANTCAP LLP,BUY,185703,923.35
09-SEP-2026,NSE,bulk_deals,PCJEWELLER,PC Jeweller Ltd,HRTI PRIVATE LIMITED,BUY,65640778,13.84
09-SEP-2026,NSE,bulk_deals,PCJEWELLER,PC Jeweller Ltd,JUMP TRADING FINANCIAL INDIA PRIVATE LIMITED,BUY,97367545,13.82
09-SEP-2026,NSE,bulk_deals,PRIORITY,Priority Jewels Limited,KALYANARANGAN EMBAR SRIRANGAN,BUY,90810,226.87
09-SEP-2026,NSE,bulk_deals,RADHIKAJWE,Radhika Jeweltech Limited,HRTI PRIVATE LIMITED,BUY,505423,88.45
09-SEP-2026,NSE,bulk_deals,RATNAVEER,Ratnaveer Precision Eng L,ARIHANT CAPITAL MARKETS LIMITED,BUY,454583,298.6
09-SEP-2026,NSE,bulk_deals,RAYMOND,Raymond Ltd.,HRTI PRIVATE LIMITED,BUY,418788,801.13
09-SEP-2026,NSE,bulk_deals,RAYMOND,Raymond Ltd.,QE SECURITIES LLP,BUY,380690,799.94
09-SEP-2026,NSE,bulk_deals,RHETAN,Rhetan TMT Limited,JAGID VANITABEN RAJENDRAPRASAD,BUY,4021616,28.52
09-SEP-2026,NSE,bulk_deals,RHETAN,Rhetan TMT Limited,SHIVAM VIRENDRA SHARMA,BUY,8725000,28.51
09-SEP-2026,NSE,bulk_deals,RHETAN,Rhetan TMT Limited,RATHOD YUVRAJSINH,BUY,8700000,28.51
09-SEP-2026,NSE,bulk_deals,RHETAN,Rhetan TMT Limited,PANCHAL HIREN JAGDISHBHAI,BUY,8700000,28.51
09-SEP-2026,NSE,bulk_deals,RHETAN,Rhetan TMT Limited,L7 HITECH PRIVATE LIMITED,BUY,7964211,28.11
09-SEP-2026,NSE,bulk_deals,SELMC,SEL Manufacturing Co Ltd,ORION STOCKS LTD,BUY,73655,29.38
09-SEP-2026,NSE,bulk_deals,SHANTIINOR,Shanti Inorganics Limited,AAKASH  PAL,BUY,128000,165.61
09-SEP-2026,NSE,bulk_deals,SHAREINDIA,Share Ind. Securities Ltd,JUNOMONETA FINSOL PRIVATE LIMITED,BUY,1596937,190.8
09-SEP-2026,NSE,bulk_deals,SHAREINDIA,Share Ind. Securities Ltd,NK SECURITIES RESEARCH PRIVATE LIMITED,BUY,1146243,190.88
09-SEP-2026,NSE,bulk_deals,SHAREINDIA,Share Ind. Securities Ltd,MICROCURVES TRADING PRIVATE LIMITED,BUY,2293123,191.34
09-SEP-2026,NSE,bulk_deals,SILGO,Silgo Retail Limited,NITIN JAIN,BUY,200000,71.25
09-SEP-2026,NSE,bulk_deals,SOUTHWEST,South West Pinnacle Ltd,ABHINANDAN LEASING AND FINANCE PRIVATE LIMITED,BUY,200000,238.94
09-SEP-2026,NSE,bulk_deals,SREEL,Sreeleathers Limited,VISION AHEAD SERVICES PRIVATE LIMITED,BUY,127262,344.37
09-SEP-2026,NSE,bulk_deals,SUMAX,Sumax Engineering Limited,MANSI SHARE AND STOCK BROKING PRIVATE LIMITED,BUY,175200,113.53
09-SEP-2026,NSE,bulk_deals,TBZ,Trib Bhimji Zaveri Ltd,NEO APEX SHARE BROKING SERVICES LLP,BUY,334528,551.46
09-SEP-2026,NSE,bulk_deals,TCC,TCC Concept Limited,ALPHAGREP SECURITIES PRIVATE LIMITED,BUY,1668821,55.22
09-SEP-2026,NSE,bulk_deals,TCC,TCC Concept Limited,NK SECURITIES RESEARCH PRIVATE LIMITED,BUY,1332422,55.41
09-SEP-2026,NSE,bulk_deals,TCC,TCC Concept Limited,JUNOMONETA FINSOL PRIVATE LIMITED,BUY,1844874,54.73
09-SEP-2026,NSE,bulk_deals,TEJA,Teja Engineering Ind L,ABUNDANTIA CAPITAL VCC - ABUNDANTIA CAPITAL III,BUY,79800,240.38
09-SEP-2026,NSE,bulk_deals,TEMPSENS,Tempsens Inst (India) Ltd,JUNOMONETA FINSOL PRIVATE LIMITED,BUY,532987,593.56
09-SEP-2026,NSE,bulk_deals,WHEELS,Wheels India Ltd,JUNOMONETA FINSOL PRIVATE LIMITED,BUY,257574,2367.53
09-SEP-2026,NSE,bulk_deals,WHEELS,Wheels India Ltd,MICROCURVES TRADING PRIVATE LIMITED,BUY,128119,2361.52
09-SEP-2026,NSE,bulk_deals,WHEELS,Wheels India Ltd,MUSIGMA SECURITIES,BUY,135423,2370.54
09-SEP-2026,NSE,bulk_deals,WHEELS,Wheels India Ltd,MARWADI CHANDARANA INTERMEDIARIES BROKERS PRIVATE LIMITED,BUY,146295,2370.2
09-SEP-2026,NSE,bulk_deals,WHEELS,Wheels India Ltd,IMC INDIA SECURITIES PRIVATE LIMITED,BUY,143665,2359.25
09-SEP-2026,NSE,bulk_deals,WHEELS,Wheels India Ltd,NK SECURITIES RESEARCH PRIVATE LIMITED,BUY,151096,2364.99
09-SEP-2026,NSE,bulk_deals,WHEELS,Wheels India Ltd,QE SECURITIES LLP,BUY,291041,2363.51
09-SEP-2026,NSE,bulk_deals,WHEELS,Wheels India Ltd,GRAVITON RESEARCH CAPITAL LLP,BUY,122899,2354.16
09-SEP-2026,NSE,bulk_deals,WHEELS,Wheels India Ltd,ALPHAGREP SECURITIES PRIVATE LIMITED,BUY,155757,2366.13
09-SEP-2026,NSE,bulk_deals,WHEELS,Wheels India Ltd,HRTI PRIVATE LIMITED,BUY,183445,2360.08
09-SEP-2026,NSE,bulk_deals,XTRANET,Xtranet Technologies Ltd,QE SECURITIES LLP,BUY,451022,284.82
09-SEP-2026,NSE,bulk_deals,XTRANET,Xtranet Technologies Ltd,JUNOMONETA FINSOL PRIVATE LIMITED,BUY,294947,284.07
09-SEP-2026,NSE,bulk_deals,AASTHA,Aastha Spintex Limited,JAGID VANITABEN RAJENDRAPRASAD,SELL,627659,80.22
09-SEP-2026,NSE,bulk_deals,AGIIL,Agi Infra Limited,ARIHANT CAPITAL MARKETS LIMITED,SELL,1166924,290.89
09-SEP-2026,NSE,bulk_deals,ANOND-RE,Anondita Medicare Ltd,AFFLUENCE FINCON SERVICE PRIVATE LIMITED,SELL,5400,147.0
09-SEP-2026,NSE,bulk_deals,ANOND-RE,Anondita Medicare Ltd,VIKASA INDIA EIF I FUND-INCUBE GLOBAL OPPORTUNITIES,SELL,11460,142.0
09-SEP-2026,NSE,bulk_deals,ANTELOPUS,Antelopus Selan Enrgy Ltd,HRTI PRIVATE LIMITED,SELL,934456,1180.21
09-SEP-2026,NSE,bulk_deals,ANTELOPUS,Antelopus Selan Enrgy Ltd,JUNOMONETA FINSOL PRIVATE LIMITED,SELL,1032935,1183.83
09-SEP-2026,NSE,bulk_deals,ANTELOPUS,Antelopus Selan Enrgy Ltd,QE SECURITIES LLP,SELL,498063,1183.7
09-SEP-2026,NSE,bulk_deals,ANTELOPUS,Antelopus Selan Enrgy Ltd,IRAGE BROKING SERVICES LLP,SELL,183107,1172.91
09-SEP-2026,NSE,bulk_deals,ANTELOPUS,Antelopus Selan Enrgy Ltd,MICROCURVES TRADING PRIVATE LIMITED,SELL,421782,1185.99
09-SEP-2026,NSE,bulk_deals,ANTELOPUS,Antelopus Selan Enrgy Ltd,NK SECURITIES RESEARCH PRIVATE LIMITED,SELL,338754,1180.68
09-SEP-2026,NSE,bulk_deals,ANTELOPUS,Antelopus Selan Enrgy Ltd,MUSIGMA SECURITIES,SELL,438413,1182.6
09-SEP-2026,NSE,bulk_deals,ASTEC,Astec LifeSciences Ltd,NK SECURITIES RESEARCH PRIVATE LIMITED,SELL,172956,752.7
09-SEP-2026,NSE,bulk_deals,ASTEC,Astec LifeSciences Ltd,ALPHAGREP SECURITIES PRIVATE LIMITED,SELL,190586,749.68
09-SEP-2026,NSE,bulk_deals,ASTEC,Astec LifeSciences Ltd,JUNOMONETA FINSOL PRIVATE LIMITED,SELL,196601,754.71
09-SEP-2026,NSE,bulk_deals,ASTEC,Astec LifeSciences Ltd,QE SECURITIES LLP,SELL,180734,750.44
09-SEP-2026,NSE,bulk_deals,ASTEC,Astec LifeSciences Ltd,MICROCURVES TRADING PRIVATE LIMITED,SELL,255931,753.1
09-SEP-2026,NSE,bulk_deals,ATALREAL,Atal Realtech Limited,MULTIPLIER SHARE & STOCK ADVISORS PRIVATE LIMITED,SELL,657068,16.96
09-SEP-2026,NSE,bulk_deals,BIRLACABLE,Birla Cable Limited,NEO APEX SHARE BROKING SERVICES LLP,SELL,156047,356.16
09-SEP-2026,NSE,bulk_deals,CORDSCABLE,Cords Cable Industries Li,JUNOMONETA FINSOL PRIVATE LIMITED,SELL,82708,376.48
09-SEP-2026,NSE,bulk_deals,CORDSCABLE,Cords Cable Industries Li,HRTI PRIVATE LIMITED,SELL,89982,375.34
09-SEP-2026,NSE,bulk_deals,CORDSCABLE,Cords Cable Industries Li,NK SECURITIES RESEARCH PRIVATE LIMITED,SELL,77197,379.76
09-SEP-2026,NSE,bulk_deals,CPS,C P S Shapers Limited,ALPA WEALTH CREATOR,SELL,29400,1197.55
09-SEP-2026,NSE,bulk_deals,DAVANGERE,Davangere Sugar Company L,CHAUBARA EATS PRIVATE LIMITED,SELL,7681022,1.75
09-SEP-2026,NSE,bulk_deals,DAVANGERE,Davangere Sugar Company L,L7 HITECH PRIVATE LIMITED,SELL,6810075,1.74
09-SEP-2026,NSE,bulk_deals,DAVANGERE,Davangere Sugar Company L,CHUNGATH KARUNAKARAN PADMA KUMAR,SELL,48968650,2.0
09-SEP-2026,NSE,bulk_deals,DAVANGERE,Davangere Sugar Company L,SKYTECH PROPERTY LLP,SELL,10000000,1.74
09-SEP-2026,NSE,bulk_deals,DCI,DC Infotech and Comun Ltd,MIT GOPALBHAI SHAH,SELL,309072,276.58
09-SEP-2026,NSE,bulk_deals,DCI,DC Infotech and Comun Ltd,GOPALBHAI SHAH SEJALBEN,SELL,245292,274.9
09-SEP-2026,NSE,bulk_deals,DEEPA,Deepa Jewellers Limited,NK SECURITIES RESEARCH PRIVATE LIMITED,SELL,648234,200.04
09-SEP-2026,NSE,bulk_deals,EXCELSOFT,Excelsoft Technologies L,NK SECURITIES RESEARCH PRIVATE LIMITED,SELL,1136597,76.41
09-SEP-2026,NSE,bulk_deals,GOACARBON,Goa Carbon Ltd,SETU SECURITIES PVT LTD,SELL,70009,462.94
09-SEP-2026,NSE,bulk_deals,GOACARBON,Goa Carbon Ltd,NK SECURITIES RESEARCH PRIVATE LIMITED,SELL,75093,448.91
09-SEP-2026,NSE,bulk_deals,GOACARBON,Goa Carbon Ltd,NEO APEX SHARE BROKING SERVICES LLP,SELL,100000,462.9
09-SEP-2026,NSE,bulk_deals,GRAPHITE,Graphite India Limited,MICROCURVES TRADING PRIVATE LIMITED,SELL,1465009,846.24
09-SEP-2026,NSE,bulk_deals,GRAPHITE,Graphite India Limited,JUNOMONETA FINSOL PRIVATE LIMITED,SELL,1120849,848.2
09-SEP-2026,NSE,bulk_deals,GRAPHITE,Graphite India Limited,QE SECURITIES LLP,SELL,1406241,842.65
09-SEP-2026,NSE,bulk_deals,GRAPHITE,Graphite India Limited,HRTI PRIVATE LIMITED,SELL,998742,844.74
09-SEP-2026,NSE,bulk_deals,GSMFOILS,GSM Foils Limited,NEO APEX SHARE BROKING SERVICES LLP,SELL,198000,95.92
09-SEP-2026,NSE,bulk_deals,GSMFOILS,GSM Foils Limited,HI GROWTH CORPORATE SERVICES PVT LTD,SELL,113500,96.79
09-SEP-2026,NSE,bulk_deals,KHADIM,Khadim India Limited,AMBIT INVESTMENT ADVISORS PRIVATE LIMITED,SELL,369021,115.97
09-SEP-2026,NSE,bulk_deals,LFIC,Lakshmi Fin Ind Corp Ltd,AMRITA JAIN,SELL,32497,157.67
09-SEP-2026,NSE,bulk_deals,LUMINO,Lumino Industries Limited,JUNOMONETA FINSOL PRIVATE LIMITED,SELL,1844168,107.08
09-SEP-2026,NSE,bulk_deals,MGEL,Mangalam Global Ent Ltd,CHUNGATH KARUNAKARAN PADMA KUMAR,SELL,8829230,15.5
09-SEP-2026,NSE,bulk_deals,MGEL,Mangalam Global Ent Ltd,CHUNGATH KARUNAKARAN PADMA KUMAR,SELL,3625000,15.5
09-SEP-2026,NSE,bulk_deals,MVELECTRO,MV Electrosystems Limited,JUNOMONETA FINSOL PRIVATE LIMITED,SELL,1111522,924.25
09-SEP-2026,NSE,bulk_deals,MVELECTRO,MV Electrosystems Limited,MUSIGMA SECURITIES,SELL,205547,924.0
09-SEP-2026,NSE,bulk_deals,MVELECTRO,MV Electrosystems Limited,CLT RESEARCH TECH PRIVATE LTD,SELL,254135,922.61
09-SEP-2026,NSE,bulk_deals,MVELECTRO,MV Electrosystems Limited,PUMA SECURITIES,SELL,164883,925.66
09-SEP-2026,NSE,bulk_deals,MVELECTRO,MV Electrosystems Limited,MICROCURVES TRADING PRIVATE LIMITED,SELL,676840,924.71
09-SEP-2026,NSE,bulk_deals,MVELECTRO,MV Electrosystems Limited,ELIXIR WEALTH MANAGEMENT PRIVATE LIMITED,SELL,229566,922.66
09-SEP-2026,NSE,bulk_deals,MVELECTRO,MV Electrosystems Limited,MATHISYS QUANTCAP LLP,SELL,185540,922.65
09-SEP-2026,NSE,bulk_deals,MVELECTRO,MV Electrosystems Limited,IMC INDIA SECURITIES PRIVATE LIMITED,SELL,284293,924.53
09-SEP-2026,NSE,bulk_deals,MVELECTRO,MV Electrosystems Limited,HRTI PRIVATE LIMITED,SELL,675657,921.1
09-SEP-2026,NSE,bulk_deals,MVELECTRO,MV Electrosystems Limited,QE SECURITIES LLP,SELL,728510,923.03
09-SEP-2026,NSE,bulk_deals,MVELECTRO,MV Electrosystems Limited,IRAGE BROKING SERVICES LLP,SELL,224471,923.58
09-SEP-2026,NSE,bulk_deals,MVELECTRO,MV Electrosystems Limited,ANUPAMA SHETTY,SELL,198627,910.94
09-SEP-2026,NSE,bulk_deals,MVELECTRO,MV Electrosystems Limited,MARWADI CHANDARANA INTERMEDIARIES BROKERS PRIVATE LIMITED,SELL,211751,915.27
09-SEP-2026,NSE,bulk_deals,MVELECTRO,MV Electrosystems Limited,JUMP TRADING FINANCIAL INDIA PRIVATE LIMITED,SELL,545636,924.27
09-SEP-2026,NSE,bulk_deals,MVELECTRO,MV Electrosystems Limited,NK SECURITIES RESEARCH PRIVATE LIMITED,SELL,337013,922.67
09-SEP-2026,NSE,bulk_deals,MVKAGRO,M.V.K. Agro Food Prod Ltd,ALPABEN HITESHBHAI MANGUKIYA,SELL,339000,273.55
09-SEP-2026,NSE,bulk_deals,PCJEWELLER,PC Jeweller Ltd,HRTI PRIVATE LIMITED,SELL,85477740,13.8
09-SEP-2026,NSE,bulk_deals,PCJEWELLER,PC Jeweller Ltd,JUMP TRADING FINANCIAL INDIA PRIVATE LIMITED,SELL,97367545,13.79
09-SEP-2026,NSE,bulk_deals,PREMEXPLN,Premier Explosives Ltd,ASHIKA GLOBAL SECURITIES LIMITED,SELL,450472,666.52
09-SEP-2026,NSE,bulk_deals,PROPSHOP,Propshop Events and Exh L,GOLDENDUNES BUILDERS AND DEVELOPERS PRIVATE LIMITED,SELL,74000,75.49
09-SEP-2026,NSE,bulk_deals,RADHIKAJWE,Radhika Jeweltech Limited,HRTI PRIVATE LIMITED,SELL,592841,89.17
09-SEP-2026,NSE,bulk_deals,RATNAVEER,Ratnaveer Precision Eng L,ARIHANT CAPITAL MARKETS LIMITED,SELL,464860,299.6
09-SEP-2026,NSE,bulk_deals,RAYMOND,Raymond Ltd.,QE SECURITIES LLP,SELL,378929,796.79
09-SEP-2026,NSE,bulk_deals,RAYMOND,Raymond Ltd.,HRTI PRIVATE LIMITED,SELL,321303,800.76
09-SEP-2026,NSE,bulk_deals,RHETAN,Rhetan TMT Limited,L7 HITECH PRIVATE LIMITED,SELL,7964211,28.18
09-SEP-2026,NSE,bulk_deals,RHETAN,Rhetan TMT Limited,JAGID VANITABEN RAJENDRAPRASAD,SELL,6393616,28.25
09-SEP-2026,NSE,bulk_deals,SELMC,SEL Manufacturing Co Ltd,ORION STOCKS LTD,SELL,209369,29.93
09-SEP-2026,NSE,bulk_deals,SHAHALLOYS,Shah Alloys Limited,KRONE INVESTMENTS,SELL,210000,99.0
09-SEP-2026,NSE,bulk_deals,SHAREINDIA,Share Ind. Securities Ltd,MICROCURVES TRADING PRIVATE LIMITED,SELL,2293123,191.55
09-SEP-2026,NSE,bulk_deals,SHAREINDIA,Share Ind. Securities Ltd,JUNOMONETA FINSOL PRIVATE LIMITED,SELL,1601272,190.89
09-SEP-2026,NSE,bulk_deals,SHAREINDIA,Share Ind. Securities Ltd,NK SECURITIES RESEARCH PRIVATE LIMITED,SELL,1146243,191.0
09-SEP-2026,NSE,bulk_deals,SILGO,Silgo Retail Limited,BELA AGRAWAL,SELL,200000,71.25
09-SEP-2026,NSE,bulk_deals,TBZ,Trib Bhimji Zaveri Ltd,NEO APEX SHARE BROKING SERVICES LLP,SELL,334528,556.73
09-SEP-2026,NSE,bulk_deals,TCC,TCC Concept Limited,NK SECURITIES RESEARCH PRIVATE LIMITED,SELL,1337221,55.43
09-SEP-2026,NSE,bulk_deals,TCC,TCC Concept Limited,JUNOMONETA FINSOL PRIVATE LIMITED,SELL,1862842,54.75
09-SEP-2026,NSE,bulk_deals,TCC,TCC Concept Limited,ALPHAGREP SECURITIES PRIVATE LIMITED,SELL,1668821,55.19
09-SEP-2026,NSE,bulk_deals,TEJA,Teja Engineering Ind L,THAKKAR RASHMIKANT AMRATLAL,SELL,60000,241.5
09-SEP-2026,NSE,bulk_deals,TEMPSENS,Tempsens Inst (India) Ltd,JUNOMONETA FINSOL PRIVATE LIMITED,SELL,537831,593.68
09-SEP-2026,NSE,bulk_deals,WHEELS,Wheels India Ltd,JUNOMONETA FINSOL PRIVATE LIMITED,SELL,251038,2368.29
09-SEP-2026,NSE,bulk_deals,WHEELS,Wheels India Ltd,MUSIGMA SECURITIES,SELL,135423,2371.99
09-SEP-2026,NSE,bulk_deals,WHEELS,Wheels India Ltd,MARWADI CHANDARANA INTERMEDIARIES BROKERS PRIVATE LIMITED,SELL,147095,2350.47
09-SEP-2026,NSE,bulk_deals,WHEELS,Wheels India Ltd,NK SECURITIES RESEARCH PRIVATE LIMITED,SELL,151096,2365.93
09-SEP-2026,NSE,bulk_deals,WHEELS,Wheels India Ltd,GRAVITON RESEARCH CAPITAL LLP,SELL,122899,2356.4
09-SEP-2026,NSE,bulk_deals,WHEELS,Wheels India Ltd,HRTI PRIVATE LIMITED,SELL,193593,2365.44
09-SEP-2026,NSE,bulk_deals,WHEELS,Wheels India Ltd,ALPHAGREP SECURITIES PRIVATE LIMITED,SELL,155757,2368.64
09-SEP-2026,NSE,bulk_deals,WHEELS,Wheels India Ltd,QE SECURITIES LLP,SELL,296904,2365.5
09-SEP-2026,NSE,bulk_deals,WHEELS,Wheels India Ltd,MICROCURVES TRADING PRIVATE LIMITED,SELL,128119,2362.92
09-SEP-2026,NSE,bulk_deals,WHEELS,Wheels India Ltd,IMC INDIA SECURITIES PRIVATE LIMITED,SELL,143722,2372.02
09-SEP-2026,NSE,bulk_deals,XTRANET,Xtranet Technologies Ltd,QE SECURITIES LLP,SELL,454509,283.89
09-SEP-2026,NSE,bulk_deals,XTRANET,Xtranet Technologies Ltd,JUNOMONETA FINSOL PRIVATE LIMITED,SELL,304067,284.41
NO RECORDS,NSE,block_deals,nan,nan,nan,nan,nan,nan
09/09/2026,BSE,bulk,538556,ARMAN,MANASVINI BULLION PRIVATE LIMITED,S,27500.0,116.97
09/09/2026,BSE,bulk,538556,ARMAN,ARUN VENUGOPAL IYER,B,42350.0,116.98
09/09/2026,BSE,bulk,531530,BETALA,GIRDHARI LAL GUPTA,S,9500.0,41.37
09/09/2026,BSE,bulk,531530,BETALA,PARESH DHIRAJLAL SHAH,S,15654.0,41.37
09/09/2026,BSE,bulk,531530,BETALA,MICRO SPARK VENTURES LLP,B,9000.0,41.37
09/09/2026,BSE,bulk,531530,BETALA,KLBSECURITIES PRIVATE LIMITED,S,17500.0,41.37
09/09/2026,BSE,bulk,531530,BETALA,NIRYX CAPITAL,S,3883.0,41.17
09/09/2026,BSE,bulk,531530,BETALA,AVIRAE CAPITAL,S,6885.0,41.37
09/09/2026,BSE,bulk,531530,BETALA,NIRYX CAPITAL,B,11838.0,41.37
09/09/2026,BSE,bulk,531530,BETALA,AVIRAE CAPITAL,B,12500.0,41.37
09/09/2026,BSE,bulk,531530,BETALA,RUCHIRA GOYAL,B,8000.0,41.37
09/09/2026,BSE,bulk,531530,BETALA,RUCHIRA GOYAL,S,3867.0,41.0
09/09/2026,BSE,bulk,531530,BETALA,KRISHNA MURARI AGRAWAL,S,9000.0,41.37
09/09/2026,BSE,bulk,531530,BETALA,ANITA TULSYAN,S,12000.0,41.37
09/09/2026,BSE,bulk,532523,BIOCON,ACTIV PINE LLP,S,16581180.0,385.0
09/09/2026,BSE,bulk,524440,CAMEXLTD,ANAND KANTILAL BAFNA,S,75000.0,48.0
09/09/2026,BSE,bulk,539091,CCDL,METROCITY HEART CARE AND CRITICAL CARE PRIVATE LIMITED,B,7412955.0,1.31
09/09/2026,BSE,bulk,539091,CCDL,METROCITY HEART CARE AND CRITICAL CARE PRIVATE LIMITED,S,17986912.0,1.32
09/09/2026,BSE,bulk,540310,CFL,KAILASH DHANUKA HUF,S,100000.0,61.6
09/09/2026,BSE,bulk,523105,CROPSTER,ROHITKUMAR KANAIYALAL DATANIYA,B,4317364.0,3.32
09/09/2026,BSE,bulk,523105,CROPSTER,SHIVANG NAVINCHANDRA NAYAK,B,5005650.0,3.32
09/09/2026,BSE,bulk,537536,DENISCHEM,V-S HOLDING B.V.,S,155693.0,72.32
09/09/2026,BSE,bulk,539405,DITCO,RAGHAVA RAM LAKHOTIA,B,22049.0,12.66
09/09/2026,BSE,bulk,523874,EASTINDIA,DEVANSHI MIHIR SHAH,B,100000.0,94.87
09/09/2026,BSE,bulk,523874,EASTINDIA,MAULIK KRUTI RESOURCES PRIVATE LIMITED,S,100000.0,94.87
09/09/2026,BSE,bulk,544747,EMIAC,ENS ENTERPRISES LIMITED,B,100800.0,95.4
09/09/2026,BSE,bulk,544747,EMIAC,SHAKTI SPICES,S,78000.0,95.4
09/09/2026,BSE,bulk,544156,GCONNECT,JULIE AMITKUMAR JAIN,B,25500.0,15.05
09/09/2026,BSE,bulk,543520,GLHRL,NEELRAJ EKNATH JADHAV,B,103000.0,13.88
09/09/2026,BSE,bulk,538765,JSHL,JULIE AMITKUMAR JAIN,B,100000.0,2.03
09/09/2026,BSE,bulk,538765,JSHL,KAJAL GOPAL BALDHA,S,100000.0,2.03
09/09/2026,BSE,bulk,540775,KHADIM,PANKAJ PRASOON,B,95381.0,116.13
09/09/2026,BSE,bulk,539408,KUBERJI,SAHASTRAA ADVISORS PRIVATE LIMITED,S,17460.0,49.7
09/09/2026,BSE,bulk,543613,MAFIA,JULIE AMITKUMAR JAIN,B,80000.0,6.13
09/09/2026,BSE,bulk,543613,MAFIA,PRAFUL SEVANTILAL DOSHI,S,24000.0,5.98
09/09/2026,BSE,bulk,517320,MAGNUS,MANDAKINIBEN PRADYUMANBHAI PATEL,S,26315.0,18.81
09/09/2026,BSE,bulk,517320,MAGNUS,HETALKUMAR SHAH,B,20000.0,19.14
09/09/2026,BSE,bulk,517320,MAGNUS,JAGID VANITABEN RAJENDRAPRASAD,S,43889.0,19.69
09/09/2026,BSE,bulk,509762,MAPROIN,VISHALSINGHI A VISHALSINGHI,S,85000.0,50.96
09/09/2026,BSE,bulk,531281,MARBLE,RISHI  KAJARIA,S,260000.0,125.27
09/09/2026,BSE,bulk,531680,MAYUR,OASIS SECURITIES LIMITED,B,31282.0,37.18
09/09/2026,BSE,bulk,511000,MSLGLOBAL,ZEAL GLOBAL OPPORTUNITIES FUND,S,162000.0,17.0
09/09/2026,BSE,bulk,511000,MSLGLOBAL,SALIM PYARALI GOVANI,B,309550.0,17.0
09/09/2026,BSE,bulk,544851,MVELECTRO,IRAGE BROKING SERVICES LLP,B,157944.0,923.7
09/09/2026,BSE,bulk,544851,MVELECTRO,IRAGE BROKING SERVICES LLP,S,252800.0,921.36
09/09/2026,BSE,bulk,544851,MVELECTRO,HRTI PRIVATE LIMITED,B,151216.0,923.76
09/09/2026,BSE,bulk,544851,MVELECTRO,HRTI PRIVATE LIMITED,S,239791.0,923.7
09/09/2026,BSE,bulk,543400,OMNIPOTENT,JULIE AMITKUMAR JAIN,B,38000.0,2.65
09/09/2026,BSE,bulk,531512,ORIENTTR,JOYDEEP COMMOSALES LLP,S,236000.0,4.22
09/09/2026,BSE,bulk,531512,ORIENTTR,NIKHILESH TRADERS LLP,B,31706.0,4.21
09/09/2026,BSE,bulk,531512,ORIENTTR,NIKHILESH TRADERS LLP,S,732872.0,4.17
09/09/2026,BSE,bulk,531512,ORIENTTR,GANESH MADHUKAR SONAVANE,B,236600.0,4.22
09/09/2026,BSE,bulk,531512,ORIENTTR,INDERMAL  RAMANI,B,1000000.0,4.17
09/09/2026,BSE,bulk,531512,ORIENTTR,LATA RAJESH THAKKER,S,293723.0,4.17
09/09/2026,BSE,bulk,526873,RAJSEC,L7 HITECH PRIVATE LIMITED,S,3004420.0,57.55
09/09/2026,BSE,bulk,526873,RAJSEC,BLOOMCREST TRADE PRIVATE LIMITED,B,3000000.0,57.55
09/09/2026,BSE,bulk,530179,RSCINT,SATYAM SHIRISHCHANDRA JOSHI,B,50856.0,80.79
09/09/2026,BSE,bulk,532886,SELMC,ORION STOCKS LTD,B,180410.0,29.63
09/09/2026,BSE,bulk,532886,SELMC,ORION STOCKS LTD,S,66295.0,29.76
09/09/2026,BSE,bulk,513436,SHAHALLOYS,RAVIRAJ DEVELOPERS LIMITED,B,100000.0,99.0
09/09/2026,BSE,bulk,513436,SHAHALLOYS,KRONE INVESTMENTS,S,225607.0,99.0
09/09/2026,BSE,bulk,511108,SHIVATEX,SANGAMPALAYAM KANDASAMI SUNDARARAMAN,B,150000.0,159.53
09/09/2026,BSE,bulk,511108,SHIVATEX,VEDANAYAGAM HOSPITAL PRIVATE LIMITED,S,150000.0,159.5
09/09/2026,BSE,bulk,540132,SIIL,JATIN,B,52400.0,16.81
09/09/2026,BSE,bulk,544832,SOTEFIN,MABLE  RAJESH,B,100200.0,279.62
09/09/2026,BSE,bulk,519242,SRDAPRT,UDAY R SHAH HUF,S,45720.0,96.53
09/09/2026,BSE,bulk,543914,SWATIPRO,PRASHANT  GUPTA,S,58250.0,41.46
09/09/2026,BSE,bulk,531411,TUNITEX,KRISHNA DHARMESHKUMAR GOLWALA,B,1812000.0,1.46
09/09/2026,BSE,bulk,531411,TUNITEX,JAGID VANITABEN RAJENDRAPRASAD,S,1749868.0,1.46
09/09/2026,BSE,bulk,531411,TUNITEX,JAGID VANITABEN RAJENDRAPRASAD,B,1790625.0,1.39
09/09/2026,BSE,bulk,538451,WORTH,MUKESH BABU SECURITIES LIMITED,B,2500000.0,3.75
09/09/2026,BSE,block,532523,BIOCON,BNP PARIBAS ARBITRAGE,B,650002.0,385.0
09/09/2026,BSE,block,532523,BIOCON,CITIGROUP GLOBAL MARKETS SINGAPORE PTE LIMITED,B,650002.0,385.0
09/09/2026,BSE,block,532523,BIOCON,KOTAK MAHINDRA MATUAL FUND,B,1277000.0,385.0
09/09/2026,BSE,block,532523,BIOCON,WHITEOAK CAPITAL MUTUAL FUND,B,650002.0,385.0
09/09/2026,BSE,block,532523,BIOCON,ICICI PRUDENTIAL LIFE INSURANCE COMPANY LIMITED,B,650002.0,385.0
09/09/2026,BSE,block,532523,BIOCON,ADITYA BIRLA SUN LIFE MUTUAL FUND,B,1277000.0,385.0
09/09/2026,BSE,block,532523,BIOCON,BAJAJ LIFE INSURANCE LIMITED,B,650002.0,385.0
09/09/2026,BSE,block,532523,BIOCON,SBI MUTUAL FUND,B,1423998.0,385.0
09/09/2026,BSE,block,532523,BIOCON,SOCIETE GENERALE,B,650002.0,385.0
09/09/2026,BSE,block,532523,BIOCON,ICICI PRUDENTIAL MUTUAL FUND,B,7403166.0,385.0
09/09/2026,BSE,block,532523,BIOCON,EDELWEISS MUTUAL FUND,B,650002.0,385.0
09/09/2026,BSE,block,532523,BIOCON,NORGES BANK ON ACCOUNT OF THE GOVERNMENT PENSION FUND GLOBAL,B,650002.0,385.0
09/09/2026,BSE,block,532523,BIOCON,ACTIV PINE LLP,S,650002.0,385.0
09/09/2026,BSE,block,532523,BIOCON,ACTIV PINE LLP,S,650002.0,385.0
09/09/2026,BSE,block,532523,BIOCON,ACTIV PINE LLP,S,650002.0,385.0
09/09/2026,BSE,block,532523,BIOCON,ACTIV PINE LLP,S,650002.0,385.0
09/09/2026,BSE,block,532523,BIOCON,ACTIV PINE LLP,S,650002.0,385.0
09/09/2026,BSE,block,532523,BIOCON,ACTIV PINE LLP,S,650002.0,385.0
09/09/2026,BSE,block,532523,BIOCON,ACTIV PINE LLP,S,650002.0,385.0
09/09/2026,BSE,block,532523,BIOCON,ACTIV PINE LLP,S,650002.0,385.0
09/09/2026,BSE,block,532523,BIOCON,ACTIV PINE LLP,S,1277000.0,385.0
09/09/2026,BSE,block,532523,BIOCON,ACTIV PINE LLP,S,1277000.0,385.0
09/09/2026,BSE,block,532523,BIOCON,ACTIV PINE LLP,S,1423998.0,385.0
09/09/2026,BSE,block,532523,BIOCON,ACTIV PINE LLP,S,7403166.0,385.0
10-SEP-2026,NSE,bulk_deals,ABH,ABH Healthcare Limited,ANAND MOHAN,BUY,76800,65.87
10-SEP-2026,NSE,bulk_deals,ABH,ABH Healthcare Limited,NEO APEX SHARE BROKING SERVICES LLP,BUY,421200,65.85
10-SEP-2026,NSE,bulk_deals,ABH,ABH Healthcare Limited,JAGID VANITABEN RAJENDRAPRASAD,BUY,62400,65.85
10-SEP-2026,NSE,bulk_deals,ANMOL,Anmol India Limited,RADIANT GLOBAL FUND-CLASS B PARTICIPATING SHARES,BUY,300000,14.45
10-SEP-2026,NSE,bulk_deals,ANTELOPUS,Antelopus Selan Enrgy Ltd,JUNOMONETA FINSOL PRIVATE LIMITED,BUY,271829,1143.29
10-SEP-2026,NSE,bulk_deals,ANTELOPUS,Antelopus Selan Enrgy Ltd,HRTI PRIVATE LIMITED,BUY,275373,1142.88
10-SEP-2026,NSE,bulk_deals,COMSYN,Commercial Syn Bags Ltd,L7 HITECH PRIVATE LIMITED,BUY,130191,300.42
10-SEP-2026,NSE,bulk_deals,DIGJAMLMTD,Digjam Ltd,INDRA KIRAN VENTURES,BUY,100010,61.79
10-SEP-2026,NSE,bulk_deals,ESDS,ESDS Software Solution L,MAITHAN ALLOYS LIMITED,BUY,634148,1482.04
10-SEP-2026,NSE,bulk_deals,GENESYS,Genesys International Cor,HRTI PRIVATE LIMITED,BUY,496148,304.64
10-SEP-2026,NSE,bulk_deals,GENESYS,Genesys International Cor,JUNOMONETA FINSOL PRIVATE LIMITED,BUY,425464,307.05
10-SEP-2026,NSE,bulk_deals,GENESYS,Genesys International Cor,QE SECURITIES LLP,BUY,368394,306.36
10-SEP-2026,NSE,bulk_deals,KROSS,Kross Limited,JUNOMONETA FINSOL PRIVATE LIMITED,BUY,440975,233.81
10-SEP-2026,NSE,bulk_deals,KSHITIJPOL,Kshitij Polyline Limited,BHAVISHYA ECOMMERCE PRIVATE LIMITED,BUY,1834465,3.34
10-SEP-2026,NSE,bulk_deals,LOTUSDEV,Sri Lotus Devlprs N Rty L,SMALLCAP WORLD FUND INC,BUY,9505810,199.89
10-SEP-2026,NSE,bulk_deals,LUMINO,Lumino Industries Limited,JUNOMONETA FINSOL PRIVATE LIMITED,BUY,1527336,105.47
10-SEP-2026,NSE,bulk_deals,MANINDS,Man Industries (I) Ltd,MICROCURVES TRADING PRIVATE LIMITED,BUY,444491,890.4
10-SEP-2026,NSE,bulk_deals,MARSONS,Marsons Limited,ARIHANT CAPITAL MARKETS LIMITED,BUY,1605341,132.88
10-SEP-2026,NSE,bulk_deals,MARSONS,Marsons Limited,PROGNOSIS SECURITIES PVT. LTD,BUY,707823,131.28
10-SEP-2026,NSE,bulk_deals,MERCURYEV,Mercury Ev-Tech Limited,SETU SECURITIES PVT LTD,BUY,2000000,40.19
10-SEP-2026,NSE,bulk_deals,MVELECTRO,MV Electrosystems Limited,QE SECURITIES LLP,BUY,318251,859.13
10-SEP-2026,NSE,bulk_deals,MVELECTRO,MV Electrosystems Limited,NK SECURITIES RESEARCH PRIVATE LIMITED,BUY,152743,860.67
10-SEP-2026,NSE,bulk_deals,MVELECTRO,MV Electrosystems Limited,HRTI PRIVATE LIMITED,BUY,396491,854.43
10-SEP-2026,NSE,bulk_deals,MVELECTRO,MV Electrosystems Limited,JUNOMONETA FINSOL PRIVATE LIMITED,BUY,382938,864.91
10-SEP-2026,NSE,bulk_deals,MVKAGRO,M.V.K. Agro Food Prod Ltd,SHILPABEN PIYUSHBHAI MAVANI,BUY,51900,287.2
10-SEP-2026,NSE,bulk_deals,PCJEWELLER,PC Jeweller Ltd,HRTI PRIVATE LIMITED,BUY,41627001,13.93
10-SEP-2026,NSE,bulk_deals,PCJEWELLER,PC Jeweller Ltd,JUMP TRADING FINANCIAL INDIA PRIVATE LIMITED,BUY,66287508,14.05
10-SEP-2026,NSE,bulk_deals,POKARNA,Pokarna Limited,HARSHITA SINGHAL,BUY,200000,836.78
10-SEP-2026,NSE,bulk_deals,RATNAVEER,Ratnaveer Precision Eng L,ARIHANT CAPITAL MARKETS LIMITED,BUY,1078961,305.82
10-SEP-2026,NSE,bulk_deals,RATNAVEER,Ratnaveer Precision Eng L,HRTI PRIVATE LIMITED,BUY,442523,306.32
10-SEP-2026,NSE,bulk_deals,REPRO,Repro India Limited,HINA JAYESH PAREKH,BUY,134000,311.4
10-SEP-2026,NSE,bulk_deals,SHAREINDIA,Share Ind. Securities Ltd,ALPHAGREP SECURITIES PRIVATE LIMITED,BUY,2189683,206.11
10-SEP-2026,NSE,bulk_deals,SHAREINDIA,Share Ind. Securities Ltd,QE SECURITIES LLP,BUY,2561733,206.12
10-SEP-2026,NSE,bulk_deals,SHAREINDIA,Share Ind. Securities Ltd,MICROCURVES TRADING PRIVATE LIMITED,BUY,3189512,205.91
10-SEP-2026,NSE,bulk_deals,SHAREINDIA,Share Ind. Securities Ltd,JUNOMONETA FINSOL PRIVATE LIMITED,BUY,3059523,205.48
10-SEP-2026,NSE,bulk_deals,SHIVAUM,Shiv Aum Steels Limited,CHUNGATH KARUNAKARAN PADMA KUMAR,BUY,323658,420.0
10-SEP-2026,NSE,bulk_deals,SHIVAUM,Shiv Aum Steels Limited,ARIHANT CAPITAL MARKETS LIMITED,BUY,98,400.0
10-SEP-2026,NSE,bulk_deals,SHIVAUM,Shiv Aum Steels Limited,DILIP RAMANLAL DOSHI HUF,BUY,14321,462.0
10-SEP-2026,NSE,bulk_deals,SHIVAUM,Shiv Aum Steels Limited,CHUNGATH KARUNAKARAN PADMA KUMAR,BUY,364005,420.0
10-SEP-2026,NSE,bulk_deals,SMCGLOBAL,SMC Global Securities Ltd,NK SECURITIES RESEARCH PRIVATE LIMITED,BUY,1242092,89.48
10-SEP-2026,NSE,bulk_deals,SMCGLOBAL,SMC Global Securities Ltd,JUNOMONETA FINSOL PRIVATE LIMITED,BUY,1596558,89.4
10-SEP-2026,NSE,bulk_deals,SMCGLOBAL,SMC Global Securities Ltd,MICROCURVES TRADING PRIVATE LIMITED,BUY,1921314,89.72
10-SEP-2026,NSE,bulk_deals,SONUINFRA,Sonu Infratech Limited,THAKOR NAYANA CHANDUBHAI,BUY,81000,51.67
10-SEP-2026,NSE,bulk_deals,SUMAX,Sumax Engineering Limited,DHARMENDRA SHAMBHUBHAI VAGHASHIA,BUY,96000,120.45
10-SEP-2026,NSE,bulk_deals,SUMAX,Sumax Engineering Limited,KISHAN GOPAL MOHTA,BUY,99600,120.45
10-SEP-2026,NSE,bulk_deals,SUNSHINE,Sunshine Pictures Limited,ARIHANT CAPITAL MARKETS LIMITED,BUY,179138,507.13
10-SEP-2026,NSE,bulk_deals,SWANCORP,SWAN CORP LIMITED,MICROCURVES TRADING PRIVATE LIMITED,BUY,5331806,304.04
10-SEP-2026,NSE,bulk_deals,SWANCORP,SWAN CORP LIMITED,GRAVITON RESEARCH CAPITAL LLP,BUY,1591724,305.95
10-SEP-2026,NSE,bulk_deals,SWANCORP,SWAN CORP LIMITED,JUNOMONETA FINSOL PRIVATE LIMITED,BUY,1724427,304.08
10-SEP-2026,NSE,bulk_deals,TCC,TCC Concept Limited,ALPHAGREP SECURITIES PRIVATE LIMITED,BUY,3049672,56.67
10-SEP-2026,NSE,bulk_deals,TCC,TCC Concept Limited,MICROCURVES TRADING PRIVATE LIMITED,BUY,3997574,57.1
10-SEP-2026,NSE,bulk_deals,TCC,TCC Concept Limited,NK SECURITIES RESEARCH PRIVATE LIMITED,BUY,1416050,55.63
10-SEP-2026,NSE,bulk_deals,TCC,TCC Concept Limited,QE SECURITIES LLP,BUY,1682927,56.21
10-SEP-2026,NSE,bulk_deals,TCC,TCC Concept Limited,JUNOMONETA FINSOL PRIVATE LIMITED,BUY,4021426,56.43
10-SEP-2026,NSE,bulk_deals,TECHNOCRAF,Technocraft Ventures Ltd,QE SECURITIES LLP,BUY,251070,437.63
10-SEP-2026,NSE,bulk_deals,TECHNOCRAF,Technocraft Ventures Ltd,HRTI PRIVATE LIMITED,BUY,268014,439.28
10-SEP-2026,NSE,bulk_deals,VEDAVAAG,Vedavaag Systems Ltd.,THE BHARAT BATTERY MFG CO PRIVATE LIMITED PROVIDENT FUND INSTITUTION,BUY,261641,22.1
10-SEP-2026,NSE,bulk_deals,WHEELS,Wheels India Ltd,JUNOMONETA FINSOL PRIVATE LIMITED,BUY,162485,2395.75
10-SEP-2026,NSE,bulk_deals,WHEELS,Wheels India Ltd,QE SECURITIES LLP,BUY,164873,2405.36
10-SEP-2026,NSE,bulk_deals,WHEELS,Wheels India Ltd,HRTI PRIVATE LIMITED,BUY,183541,2390.51
10-SEP-2026,NSE,bulk_deals,XTRANET,Xtranet Technologies Ltd,HRTI PRIVATE LIMITED,BUY,404178,290.99
10-SEP-2026,NSE,bulk_deals,XTRANET,Xtranet Technologies Ltd,QE SECURITIES LLP,BUY,515716,290.58
10-SEP-2026,NSE,bulk_deals,XTRANET,Xtranet Technologies Ltd,JUNOMONETA FINSOL PRIVATE LIMITED,BUY,295290,292.14
10-SEP-2026,NSE,bulk_deals,ABH,ABH Healthcare Limited,RATHOD DIGVIJAYSINH RAJENDRASINH,SELL,192000,65.85
10-SEP-2026,NSE,bulk_deals,ABH,ABH Healthcare Limited,AL MAHA INVESTMENT FUND PCC - ONYX STRATEGY,SELL,201600,65.85
10-SEP-2026,NSE,bulk_deals,ANTELOPUS,Antelopus Selan Enrgy Ltd,JUNOMONETA FINSOL PRIVATE LIMITED,SELL,273169,1143.9
10-SEP-2026,NSE,bulk_deals,ANTELOPUS,Antelopus Selan Enrgy Ltd,HRTI PRIVATE LIMITED,SELL,276280,1143.88
10-SEP-2026,NSE,bulk_deals,COMSYN,Commercial Syn Bags Ltd,L7 HITECH PRIVATE LIMITED,SELL,216312,299.05
10-SEP-2026,NSE,bulk_deals,DIGJAMLMTD,Digjam Ltd,INDRA KIRAN VENTURES,SELL,25000,61.84
10-SEP-2026,NSE,bulk_deals,GENESYS,Genesys International Cor,JUNOMONETA FINSOL PRIVATE LIMITED,SELL,429379,306.87
10-SEP-2026,NSE,bulk_deals,GENESYS,Genesys International Cor,HRTI PRIVATE LIMITED,SELL,517831,304.3
10-SEP-2026,NSE,bulk_deals,GENESYS,Genesys International Cor,QE SECURITIES LLP,SELL,368424,306.62
10-SEP-2026,NSE,bulk_deals,KROSS,Kross Limited,JUNOMONETA FINSOL PRIVATE LIMITED,SELL,439396,233.97
10-SEP-2026,NSE,bulk_deals,LOTUSDEV,Sri Lotus Devlprs N Rty L,ANAND KAMALNAYAN PANDIT,SELL,9770000,199.9
10-SEP-2026,NSE,bulk_deals,LUMINO,Lumino Industries Limited,JUNOMONETA FINSOL PRIVATE LIMITED,SELL,1539711,105.5
10-SEP-2026,NSE,bulk_deals,MANINDS,Man Industries (I) Ltd,MICROCURVES TRADING PRIVATE LIMITED,SELL,444443,890.46
10-SEP-2026,NSE,bulk_deals,MARSONS,Marsons Limited,ARIHANT CAPITAL MARKETS LIMITED,SELL,1605341,133.58
10-SEP-2026,NSE,bulk_deals,MARSONS,Marsons Limited,PROGNOSIS SECURITIES PVT. LTD,SELL,908723,131.17
10-SEP-2026,NSE,bulk_deals,MERCURYEV,Mercury Ev-Tech Limited,SHREE SAIBABA EXIM PRIVATE LIMITED,SELL,2000000,40.1
10-SEP-2026,NSE,bulk_deals,MVELECTRO,MV Electrosystems Limited,JUNOMONETA FINSOL PRIVATE LIMITED,SELL,381601,865.66
10-SEP-2026,NSE,bulk_deals,MVELECTRO,MV Electrosystems Limited,HRTI PRIVATE LIMITED,SELL,343768,868.01
10-SEP-2026,NSE,bulk_deals,MVELECTRO,MV Electrosystems Limited,QE SECURITIES LLP,SELL,317032,864.75
10-SEP-2026,NSE,bulk_deals,MVELECTRO,MV Electrosystems Limited,NK SECURITIES RESEARCH PRIVATE LIMITED,SELL,152743,861.12
10-SEP-2026,NSE,bulk_deals,MVKAGRO,M.V.K. Agro Food Prod Ltd,SHILPABEN PIYUSHBHAI MAVANI,SELL,614100,287.2
10-SEP-2026,NSE,bulk_deals,NEOCHEM,Neochem Bio Solutions Ltd,VORA PRITESH BIJAL,SELL,96000,104.81
10-SEP-2026,NSE,bulk_deals,PCJEWELLER,PC Jeweller Ltd,JUMP TRADING FINANCIAL INDIA PRIVATE LIMITED,SELL,66287508,14.06
10-SEP-2026,NSE,bulk_deals,PCJEWELLER,PC Jeweller Ltd,HRTI PRIVATE LIMITED,SELL,60249624,14.04
10-SEP-2026,NSE,bulk_deals,POKARNA,Pokarna Limited,PERSISTENCE CAPITAL FUND I,SELL,232523,827.56
10-SEP-2026,NSE,bulk_deals,RATNAVEER,Ratnaveer Precision Eng L,ARIHANT CAPITAL MARKETS LIMITED,SELL,1130741,306.44
10-SEP-2026,NSE,bulk_deals,RATNAVEER,Ratnaveer Precision Eng L,HRTI PRIVATE LIMITED,SELL,229075,305.13
10-SEP-2026,NSE,bulk_deals,REPRO,Repro India Limited,JAYESH DHIRAJLAL PAREKH,SELL,134000,311.4
10-SEP-2026,NSE,bulk_deals,RFBL,RFBL Flexi Pack Limited,RATHOD DIGVIJAYSINH RAJENDRASINH,SELL,201000,90.04
10-SEP-2026,NSE,bulk_deals,RIR,RIR Power Electronics L,JITENDRA UTTAMCHAND MEHTA,SELL,837240,185.05
10-SEP-2026,NSE,bulk_deals,SHAREINDIA,Share Ind. Securities Ltd,QE SECURITIES LLP,SELL,2568379,206.22
10-SEP-2026,NSE,bulk_deals,SHAREINDIA,Share Ind. Securities Ltd,JUNOMONETA FINSOL PRIVATE LIMITED,SELL,3035421,205.57
10-SEP-2026,NSE,bulk_deals,SHAREINDIA,Share Ind. Securities Ltd,ALPHAGREP SECURITIES PRIVATE LIMITED,SELL,2189683,206.12
10-SEP-2026,NSE,bulk_deals,SHAREINDIA,Share Ind. Securities Ltd,MICROCURVES TRADING PRIVATE LIMITED,SELL,3189512,206.04
10-SEP-2026,NSE,bulk_deals,SHIVAUM,Shiv Aum Steels Limited,NIRMALKUMAR PAREEK,SELL,74979,420.0
10-SEP-2026,NSE,bulk_deals,SHIVAUM,Shiv Aum Steels Limited,ARIHANT CAPITAL MARKETS LIMITED,SELL,327095,420.17
10-SEP-2026,NSE,bulk_deals,SHIVAUM,Shiv Aum Steels Limited,OVERSKUD MULTI ASSET MANAGEMENT PRIVATE LIMITED,SELL,100000,420.0
10-SEP-2026,NSE,bulk_deals,SHIVAUM,Shiv Aum Steels Limited,DILIP RAMANLAL DOSHI HUF,SELL,72188,421.64
10-SEP-2026,NSE,bulk_deals,SHIVAUM,Shiv Aum Steels Limited,METASONI ALLOYS PVT LTD,SELL,75000,420.0
10-SEP-2026,NSE,bulk_deals,SMCGLOBAL,SMC Global Securities Ltd,JUNOMONETA FINSOL PRIVATE LIMITED,SELL,1607157,89.41
10-SEP-2026,NSE,bulk_deals,SMCGLOBAL,SMC Global Securities Ltd,NK SECURITIES RESEARCH PRIVATE LIMITED,SELL,1242092,89.54
10-SEP-2026,NSE,bulk_deals,SMCGLOBAL,SMC Global Securities Ltd,MICROCURVES TRADING PRIVATE LIMITED,SELL,1921314,89.8
10-SEP-2026,NSE,bulk_deals,SUMAX,Sumax Engineering Limited,MANSI SHARE AND STOCK BROKING PRIVATE LIMITED,SELL,126000,120.45
10-SEP-2026,NSE,bulk_deals,SUNSHINE,Sunshine Pictures Limited,ARIHANT CAPITAL MARKETS LIMITED,SELL,120614,512.04
10-SEP-2026,NSE,bulk_deals,SWANCORP,SWAN CORP LIMITED,MICROCURVES TRADING PRIVATE LIMITED,SELL,5331806,304.19
10-SEP-2026,NSE,bulk_deals,SWANCORP,SWAN CORP LIMITED,GRAVITON RESEARCH CAPITAL LLP,SELL,1591724,305.85
10-SEP-2026,NSE,bulk_deals,SWANCORP,SWAN CORP LIMITED,JUNOMONETA FINSOL PRIVATE LIMITED,SELL,1721319,304.19
10-SEP-2026,NSE,bulk_deals,TCC,TCC Concept Limited,ALPHAGREP SECURITIES PRIVATE LIMITED,SELL,3049672,56.73
10-SEP-2026,NSE,bulk_deals,TCC,TCC Concept Limited,NK SECURITIES RESEARCH PRIVATE LIMITED,SELL,1416050,55.69
10-SEP-2026,NSE,bulk_deals,TCC,TCC Concept Limited,QE SECURITIES LLP,SELL,1695426,56.41
10-SEP-2026,NSE,bulk_deals,TCC,TCC Concept Limited,MICROCURVES TRADING PRIVATE LIMITED,SELL,3997574,57.14
10-SEP-2026,NSE,bulk_deals,TCC,TCC Concept Limited,JUNOMONETA FINSOL PRIVATE LIMITED,SELL,4025205,56.44
10-SEP-2026,NSE,bulk_deals,TECHNOCRAF,Technocraft Ventures Ltd,HRTI PRIVATE LIMITED,SELL,274527,439.72
10-SEP-2026,NSE,bulk_deals,TECHNOCRAF,Technocraft Ventures Ltd,QE SECURITIES LLP,SELL,268394,439.85
10-SEP-2026,NSE,bulk_deals,WHEELS,Wheels India Ltd,JUNOMONETA FINSOL PRIVATE LIMITED,SELL,160695,2398.04
10-SEP-2026,NSE,bulk_deals,WHEELS,Wheels India Ltd,QE SECURITIES LLP,SELL,164757,2398.44
10-SEP-2026,NSE,bulk_deals,WHEELS,Wheels India Ltd,HRTI PRIVATE LIMITED,SELL,150621,2403.9
10-SEP-2026,NSE,bulk_deals,XTRANET,Xtranet Technologies Ltd,JUNOMONETA FINSOL PRIVATE LIMITED,SELL,291832,292.2
10-SEP-2026,NSE,bulk_deals,XTRANET,Xtranet Technologies Ltd,QE SECURITIES LLP,SELL,512600,293.09
10-SEP-2026,NSE,bulk_deals,XTRANET,Xtranet Technologies Ltd,HRTI PRIVATE LIMITED,SELL,399847,293.02
NO RECORDS,NSE,block_deals,nan,nan,nan,nan,nan,nan
10/09/2026,BSE,bulk,543232,CAMS,SOCIETE GENERALE  ODI,B,3711869.0,681.75
10/09/2026,BSE,bulk,543232,CAMS,FIDELITY RUTLAND SQUARE TRUST II STRATEGIC ADVISERS FIDEMG MARKETS FUND,S,1896622.0,681.8
10/09/2026,BSE,bulk,543232,CAMS,FMRC FIDELITY EMERGING MARKETS FUND,S,4800982.0,681.8
10/09/2026,BSE,bulk,543232,CAMS,GOLDMAN SACHS INVESTMENTS MAURITIUS I LIMITED,B,3596108.0,681.75
10/09/2026,BSE,bulk,512169,CAPRICORN,NAMRATAA  PARTANI,B,547500.0,29.61
10/09/2026,BSE,bulk,512169,CAPRICORN,KRISHNA KUMAR PARTHANI,B,321100.0,29.61
10/09/2026,BSE,bulk,512169,CAPRICORN,OMPRAKASH  PARTANI,B,308000.0,29.61
10/09/2026,BSE,bulk,512169,CAPRICORN,POONAM  PARTANI,B,301500.0,29.61
10/09/2026,BSE,bulk,512169,CAPRICORN,BIJAY KUMAR SHARMA,S,170000.0,29.61
10/09/2026,BSE,bulk,512169,CAPRICORN,HEMANTH REDDY DANDEM,S,940000.0,29.61
10/09/2026,BSE,bulk,512169,CAPRICORN,SUSHMA JAKKU,S,810000.0,29.61
10/09/2026,BSE,bulk,512169,CAPRICORN,MANOHARLAL KAKANI,B,250255.0,29.61
10/09/2026,BSE,bulk,512169,CAPRICORN,URVIKA   JAIN,S,150000.0,29.61
10/09/2026,BSE,bulk,512169,CAPRICORN,MULTIPLIER SHARE & STOCK ADVISORS PRIVATE LIMITED,S,296502.0,29.59
10/09/2026,BSE,bulk,512169,CAPRICORN,SHRINIVAS SHAMSUNDAR TOSHNIWAL,B,318389.0,29.61
10/09/2026,BSE,bulk,531913,CASTORA,N L RUNGTA (HUF),S,24607.0,14.12
10/09/2026,BSE,bulk,531913,CASTORA,VANRAJ DADBHAI KAHOR,B,23740.0,14.0
10/09/2026,BSE,bulk,531913,CASTORA,VANRAJ DADBHAI KAHOR,S,127950.0,14.33
10/09/2026,BSE,bulk,531913,CASTORA,HARLEEN KAUR,B,25010.0,14.13
10/09/2026,BSE,bulk,539091,CCDL,METROCITY HEART CARE AND CRITICAL CARE PRIVATE LIMITED,S,5108384.0,1.38
10/09/2026,BSE,bulk,539091,CCDL,METROCITY HEART CARE AND CRITICAL CARE PRIVATE LIMITED,B,9135546.0,1.37
10/09/2026,BSE,bulk,544644,CORONA,SBI MUTUAL FUND,B,860000.0,2050.0
10/09/2026,BSE,bulk,544644,CORONA,SBI MUTUAL FUND,B,680000.0,2050.0
10/09/2026,BSE,bulk,544644,CORONA,AMUNDI FUNDS ASIA EQUITY CONCENTRATED,B,312000.0,2050.0
10/09/2026,BSE,bulk,544644,CORONA,SEPIA INVESTMENTS LIMITED,S,2485476.0,2050.32
10/09/2026,BSE,bulk,531909,CROISSANCE,APPLE EQUIFIN PRIVATE LIMITED,S,474732.0,1.1
10/09/2026,BSE,bulk,523105,CROPSTER,SHIVANG NAVINCHANDRA NAYAK,S,4313436.0,3.22
10/09/2026,BSE,bulk,523105,CROPSTER,SHIVANG NAVINCHANDRA NAYAK,B,1416613.0,3.33
10/09/2026,BSE,bulk,538868,CSL,RAAHITYAA ENTERPRISES LLP,S,275000.0,23.62
10/09/2026,BSE,bulk,544884,DHANWEL,GIRIRAJ STOCK BROKING PRIVATE LIMITED,S,52800.0,44.77
10/09/2026,BSE,bulk,544884,DHANWEL,NEO APEX SHARE BROKING SERVICES LLP,S,55200.0,44.27
10/09/2026,BSE,bulk,544884,DHANWEL,NEO APEX SHARE BROKING SERVICES LLP,B,92400.0,44.27
10/09/2026,BSE,bulk,539455,ECOFINITY,MAYADEVI KRISHNAAWTAR KABRA,B,45000.0,66.42
10/09/2026,BSE,bulk,544747,EMIAC,SHAKTI SPICES,B,79200.0,95.74
10/09/2026,BSE,bulk,544747,EMIAC,ACME CAPITAL MARKET LIMITED,S,102000.0,95.65
10/09/2026,BSE,bulk,512441,ENBETRD,DEVARAJBACKIARAJ,S,3999996.0,0.28
10/09/2026,BSE,bulk,521137,EUREKAI,RAKHOLIYA PARESHBHAI RAMJIBHAI,S,68345.0,7.03
10/09/2026,BSE,bulk,524444,EVEXIA,SHREE SAIBABA EXIM PRIVATE LIMITED,B,13817760.0,1.58
10/09/2026,BSE,bulk,531486,FILME,SYRUPY TRADING PRIVATE LIMITED,S,497593.0,1.11
10/09/2026,BSE,bulk,531486,FILME,NISHANT INBUILD LIMITED,B,325000.0,1.11
10/09/2026,BSE,bulk,531911,GALAGEX,KANDHAN RAJARAM MUDALIYAR,S,100000.0,94.9
10/09/2026,BSE,bulk,531911,GALAGEX,SUNIL KISHINCHAND CHELLANI,B,150000.0,94.9
10/09/2026,BSE,bulk,531911,GALAGEX,PROGNOSIS SECURITIES PVT. LTD.,B,103000.0,96.96
10/09/2026,BSE,bulk,539222,GROWINGTON,JAYESHBHAI MACHHI,B,4100210.0,0.97
10/09/2026,BSE,bulk,539222,GROWINGTON,VATSALKUMAR P PATEL,B,4700000.0,0.98
10/09/2026,BSE,bulk,514386,GUJCOTEX,JAGID VANITABEN RAJENDRAPRASAD,S,1691731.0,3.1
10/09/2026,BSE,bulk,514386,GUJCOTEX,JAGID VANITABEN RAJENDRAPRASAD,B,1036677.0,3.1
10/09/2026,BSE,bulk,514386,GUJCOTEX,L7 HITECH PRIVATE LIMITED,S,744454.0,3.1
10/09/2026,BSE,bulk,544656,HRS,VAXFAB ENTERPRISES LIMITED,S,112400.0,264.79
10/09/2026,BSE,bulk,544398,KENRIK,NIRYX CAPITAL,S,72000.0,13.07
10/09/2026,BSE,bulk,544398,KENRIK,PARESH DHIRAJLAL SHAH,S,90000.0,13.07
10/09/2026,BSE,bulk,543613,MAFIA,RAJ KUMAR GUPTA HUF,B,48000.0,6.0
10/09/2026,BSE,bulk,543613,MAFIA,MAHESH KUMAR SONI,S,60000.0,6.01
10/09/2026,BSE,bulk,543613,MAFIA,SHREE RAM SONI,S,40000.0,6.0
10/09/2026,BSE,bulk,509762,MAPROIN,VISHALSINGHI A VISHALSINGHI,S,57500.0,50.5
10/09/2026,BSE,bulk,531281,MARBLE,SALSETT VINIMAY PRIVATE LIMITED,B,2200000.0,117.0
10/09/2026,BSE,bulk,531281,MARBLE,VPS CONSTRUCTIONS PRIVATE LIMITED,S,2200000.0,117.0
10/09/2026,BSE,bulk,538895,MIHIKA,SHIVANG NAVINCHANDRA NAYAK,S,148760.0,12.75
10/09/2026,BSE,bulk,538895,MIHIKA,RISHIKUMAR HANUMANPRASAD GOSAI,S,111214.0,12.74
10/09/2026,BSE,bulk,538895,MIHIKA,RUCHIK CHANDRAKANTBHAI MISTRY,S,91601.0,12.73
10/09/2026,BSE,bulk,538895,MIHIKA,PATRIOTIC TRADELINK PRIVATE LIMITED,B,413908.0,12.71
10/09/2026,BSE,bulk,544668,NANTA,MONA LAROIA,B,42000.0,357.3
10/09/2026,BSE,bulk,523242,NBFOOT,KARTIK BATHLA,S,73100.0,2.84
10/09/2026,BSE,bulk,544902,PHYCHEM,VENKATASWAMYNAIDUNIMMAKAYALA,S,64000.0,50.42
10/09/2026,BSE,bulk,540703,PROCLB,CLEAR VISION EYE HOSPITAL PRIVATE LIMITED,B,50000.0,36.5
10/09/2026,BSE,bulk,540703,PROCLB,L7 HITECH PRIVATE LIMITED,S,75000.0,36.52
10/09/2026,BSE,bulk,539669,RGF,UNIQUE COMTRADE PRIVATE LIMITED,B,2387769.0,1.62
10/09/2026,BSE,bulk,539669,RGF,ARORA FIBRES LIMITED,S,2355144.0,1.62
10/09/2026,BSE,bulk,524336,SHHARICH,RINKI  JAIN,S,41000.0,300.95
10/09/2026,BSE,bulk,513472,SIMPLEXCAS,NIRAJ RAJNIKANT SHAH,S,355745.0,107.65
10/09/2026,BSE,bulk,513472,SIMPLEXCAS,PAWAN KUMAR MITTAL,S,302222.0,109.19
10/09/2026,BSE,bulk,513472,SIMPLEXCAS,PAWAN KUMAR MITTAL,B,302222.0,106.34
10/09/2026,BSE,bulk,543986,SOUTHWEST,ANANTNATH SKYCON PRIVATE LIMITED,B,700000.0,225.0
10/09/2026,BSE,bulk,543986,SOUTHWEST,PIYUSH  JAIN,S,620000.0,225.13
10/09/2026,BSE,bulk,543986,SOUTHWEST,VIKAS  JAIN,S,200000.0,225.0
10/09/2026,BSE,bulk,531370,SPAR,KALVA  RAMULU,S,94264.0,4.21
10/09/2026,BSE,bulk,544386,SPECTRUM,AJAY BHIKAMCHAND JAIN,S,115000.0,2651.0
10/09/2026,BSE,bulk,544386,SPECTRUM,MOTILAL OSWAL MUTUAL FUND,B,115000.0,2651.0
10/09/2026,BSE,bulk,531411,TUNITEX,SHARE INDIA SECURITIES LIMITED,S,25.0,1.6
10/09/2026,BSE,bulk,531411,TUNITEX,SHARE INDIA SECURITIES LIMITED,B,700379.0,1.6
10/09/2026,BSE,bulk,531411,TUNITEX,JAGID VANITABEN RAJENDRAPRASAD,S,1643913.0,1.6
10/09/2026,BSE,bulk,531411,TUNITEX,JAGID VANITABEN RAJENDRAPRASAD,B,1332519.0,1.6
10/09/2026,BSE,bulk,531411,TUNITEX,PUSHPENDRA PATEL,B,975000.0,1.59
10/09/2026,BSE,bulk,531411,TUNITEX,PUSHPENDRA PATEL,S,925000.0,1.6
10/09/2026,BSE,bulk,544464,UML,DIPMAHESHKUMARVASANI,S,106000.0,54.55
10/09/2026,BSE,bulk,506122,VOLKAI,PATRIOTIC TRADELINK PRIVATE LIMITED,B,18600.0,154.6
10/09/2026,BSE,bulk,506122,VOLKAI,JAYESH JAYANTILAL PANCHAL,S,18793.0,154.6
10/09/2026,BSE,block,531281,MARBLE,SALSETT VINIMAY PRIVATE LIMITED,B,2200000.0,117.0
10/09/2026,BSE,block,531281,MARBLE,VPS CONSTRUCTIONS PRIVATE LIMITED,S,2200000.0,117.0
10/09/2026,BSE,block,544386,SPECTRUM,MOTILAL OSWAL MUTUAL FUND,B,115000.0,2651.0
10/09/2026,BSE,block,544386,SPECTRUM,AJAY BHIKAMCHAND JAIN,S,115000.0,2651.0
11-SEP-2026,NSE,bulk_deals,AEROPLANE,Amir Chand Jag Kum (E) L,NITIN KUMAR NIPUN KUMAR HUF,BUY,1276148,201.45
11-SEP-2026,NSE,bulk_deals,AEROPLANE,Amir Chand Jag Kum (E) L,DEALMONEY COMMODITIES PRIVATE LIMITED,BUY,1317680,200.34
11-SEP-2026,NSE,bulk_deals,AHCL,Anlon Healthcare Limited,SILVERLEAF CAPITAL SERVICES PRIVATE LIMITED,BUY,3025703,19.07
11-SEP-2026,NSE,bulk_deals,AHCL,Anlon Healthcare Limited,ALPHAGREP SECURITIES PRIVATE LIMITED,BUY,8435069,19.02
11-SEP-2026,NSE,bulk_deals,AHCL,Anlon Healthcare Limited,MICROCURVES TRADING PRIVATE LIMITED,BUY,3714332,19.04
11-SEP-2026,NSE,bulk_deals,AHCL,Anlon Healthcare Limited,JUNOMONETA FINSOL PRIVATE LIMITED,BUY,9065574,19.13
11-SEP-2026,NSE,bulk_deals,AHCL,Anlon Healthcare Limited,HRTI PRIVATE LIMITED,BUY,3219710,19.06
11-SEP-2026,NSE,bulk_deals,AHCL,Anlon Healthcare Limited,QE SECURITIES LLP,BUY,4999404,19.03
11-SEP-2026,NSE,bulk_deals,AHCL,Anlon Healthcare Limited,NK SECURITIES RESEARCH PRIVATE LIMITED,BUY,3017457,19.17
11-SEP-2026,NSE,bulk_deals,ANMOL,Anmol India Limited,RADIANT GLOBAL FUND-CLASS B PARTICIPATING SHARES,BUY,300000,16.28
11-SEP-2026,NSE,bulk_deals,ANTELOPUS,Antelopus Selan Enrgy Ltd,JUNOMONETA FINSOL PRIVATE LIMITED,BUY,301154,1149.29
11-SEP-2026,NSE,bulk_deals,ANTELOPUS,Antelopus Selan Enrgy Ltd,HRTI PRIVATE LIMITED,BUY,404136,1147.83
11-SEP-2026,NSE,bulk_deals,ANTELOPUS,Antelopus Selan Enrgy Ltd,NK SECURITIES RESEARCH PRIVATE LIMITED,BUY,176364,1152.53
11-SEP-2026,NSE,bulk_deals,ANTELOPUS,Antelopus Selan Enrgy Ltd,QE SECURITIES LLP,BUY,274589,1145.06
11-SEP-2026,NSE,bulk_deals,ASHOKAMET,Ashoka Metcast Limited,AMRITA JAIN,BUY,300798,17.15
11-SEP-2026,NSE,bulk_deals,ASIANTILES,Asian Granito India Limit,THAKKAR NILESHKUMAR FARSHURAM HUF,BUY,2813530,50.34
11-SEP-2026,NSE,bulk_deals,AWFIS,Awfis Space Solutions Ltd,QE SECURITIES LLP,BUY,528030,280.41
11-SEP-2026,NSE,bulk_deals,AWFIS,Awfis Space Solutions Ltd,NK SECURITIES RESEARCH PRIVATE LIMITED,BUY,663418,283.91
11-SEP-2026,NSE,bulk_deals,AWFIS,Awfis Space Solutions Ltd,VINSUL MAKARDI LTD,BUY,380106,285.2
11-SEP-2026,NSE,bulk_deals,AWFIS,Awfis Space Solutions Ltd,JUNOMONETA FINSOL PRIVATE LIMITED,BUY,1492529,283.13
11-SEP-2026,NSE,bulk_deals,AWFIS,Awfis Space Solutions Ltd,IRAGE BROKING SERVICES LLP,BUY,470918,283.82
11-SEP-2026,NSE,bulk_deals,AWFIS,Awfis Space Solutions Ltd,MICROCURVES TRADING PRIVATE LIMITED,BUY,973727,283.61
11-SEP-2026,NSE,bulk_deals,BANG,Bang Overseas Limited,RIMPY MITTAL,BUY,146352,35.11
11-SEP-2026,NSE,bulk_deals,BLACKBUCK,BLACKBUCK LIMITED,ABAKKUS INVESTMENT MANAGERS PRIVATE LIMITED,BUY,2100000,576.05
11-SEP-2026,NSE,bulk_deals,BODALCHEM,Bodal Chemicals Ltd,NEO APEX SHARE BROKING SERVICES LLP,BUY,759170,157.82
11-SEP-2026,NSE,bulk_deals,ELECTHERM,Electrotherm (India) Ltd,RADIANT GLOBAL FUND-CLASS B PARTICIPATING SHARES,BUY,215725,951.83
11-SEP-2026,NSE,bulk_deals,FASCINATE,Fascinate Textiles Ltd,BALAJI NIKETAN PVT LTD,BUY,188000,53.15
11-SEP-2026,NSE,bulk_deals,FILATEX,Filatex India Ltd,JUNOMONETA FINSOL PRIVATE LIMITED,BUY,2503049,84.6
11-SEP-2026,NSE,bulk_deals,GCSL,Gretex Corporate Services,DILIP RAMANLAL DOSHI HUF,BUY,149000,600.0
11-SEP-2026,NSE,bulk_deals,GCSL,Gretex Corporate Services,SIDDHISURI FINVEST PRIVATE LIMITED,BUY,200000,600.7
11-SEP-2026,NSE,bulk_deals,GRANULES,Granules India Limited,SMALLCAP WORLD FUND INC,BUY,3474080,872.5
11-SEP-2026,NSE,bulk_deals,GRANULES,Granules India Limited,BNP PARIBAS FINANCIAL MARKETS,BUY,1318051,872.5
11-SEP-2026,NSE,bulk_deals,INDOTHAI,Indo Thai Sec Ltd,BONANZA PORTFOLIO LTD,BUY,360672,44.81
11-SEP-2026,NSE,bulk_deals,INDOTHAI,Indo Thai Sec Ltd,ARIHANT CAPITAL MARKETS LIMITED,BUY,871517,45.29
11-SEP-2026,NSE,bulk_deals,INDOTHAI,Indo Thai Sec Ltd,ANKITA VISHAL SHAH,BUY,1022269,45.45
11-SEP-2026,NSE,bulk_deals,INDOTHAI,Indo Thai Sec Ltd,NEO APEX SHARE BROKING SERVICES LLP,BUY,850003,41.4
11-SEP-2026,NSE,bulk_deals,INDOTHAI,Indo Thai Sec Ltd,MANSI SHARE AND STOCK BROKING PRIVATE LIMITED,BUY,987413,45.09
11-SEP-2026,NSE,bulk_deals,INDOTHAI,Indo Thai Sec Ltd,PRIJAL TRADEFIN LLP,BUY,145863,41.91
11-SEP-2026,NSE,bulk_deals,INDOTHAI,Indo Thai Sec Ltd,ASHWIN STOCKS AND INVESTMENT PRIVATE LIMITED,BUY,965416,43.92
11-SEP-2026,NSE,bulk_deals,JAMNAAUTO,Jamna Auto Ind Ltd,360 ONE ASSET MANAGEMENT LIMITED,BUY,5468750,128.0
11-SEP-2026,NSE,bulk_deals,JAMNAAUTO,Jamna Auto Ind Ltd,ABU DHABI INVESTMENT AUTHORITY,BUY,2182500,128.0
11-SEP-2026,NSE,bulk_deals,JAMNAAUTO,Jamna Auto Ind Ltd,DSP MUTUAL FUND,BUY,7812500,128.0
11-SEP-2026,NSE,bulk_deals,JAMNAAUTO,Jamna Auto Ind Ltd,360 ONE MUTUL FUND,BUY,2573125,128.0
11-SEP-2026,NSE,bulk_deals,LUMINO,Lumino Industries Limited,JUNOMONETA FINSOL PRIVATE LIMITED,BUY,1696327,108.63
11-SEP-2026,NSE,bulk_deals,MEGATHERM,Megatherm Induction Ltd,PANKAJ PRASOON AND (HUF),BUY,94800,241.88
11-SEP-2026,NSE,bulk_deals,MOBIKWIK,One Mobikwik Systems Ltd,MUSIGMA SECURITIES,BUY,572504,212.69
11-SEP-2026,NSE,bulk_deals,MOBIKWIK,One Mobikwik Systems Ltd,HRTI PRIVATE LIMITED,BUY,586742,209.11
11-SEP-2026,NSE,bulk_deals,MOBIKWIK,One Mobikwik Systems Ltd,MICROCURVES TRADING PRIVATE LIMITED,BUY,753520,212.9
11-SEP-2026,NSE,bulk_deals,MOBIKWIK,One Mobikwik Systems Ltd,JUNOMONETA FINSOL PRIVATE LIMITED,BUY,654357,211.34
11-SEP-2026,NSE,bulk_deals,MOBIKWIK,One Mobikwik Systems Ltd,QE SECURITIES LLP,BUY,476808,208.26
11-SEP-2026,NSE,bulk_deals,MOLBIO,Molbio Diagnostics Ltd,MICROCURVES TRADING PRIVATE LIMITED,BUY,753493,1544.97
11-SEP-2026,NSE,bulk_deals,MOLBIO,Molbio Diagnostics Ltd,HRTI PRIVATE LIMITED,BUY,737245,1520.67
11-SEP-2026,NSE,bulk_deals,MOLBIO,Molbio Diagnostics Ltd,QE SECURITIES LLP,BUY,1210738,1542.36
11-SEP-2026,NSE,bulk_deals,MOLBIO,Molbio Diagnostics Ltd,JUNOMONETA FINSOL PRIVATE LIMITED,BUY,1233175,1565.79
11-SEP-2026,NSE,bulk_deals,MPEL-RE,Manas Poly n Energ Ltd,KARTIK SINGHAL,BUY,118400,2.05
11-SEP-2026,NSE,bulk_deals,MVELECTRO,MV Electrosystems Limited,HRTI PRIVATE LIMITED,BUY,341307,838.3
11-SEP-2026,NSE,bulk_deals,MVELECTRO,MV Electrosystems Limited,JUNOMONETA FINSOL PRIVATE LIMITED,BUY,421142,841.18
11-SEP-2026,NSE,bulk_deals,MVELECTRO,MV Electrosystems Limited,QE SECURITIES LLP,BUY,254253,840.0
11-SEP-2026,NSE,bulk_deals,ORIENTTECH,Orient Technologies Ltd,NK SECURITIES RESEARCH PRIVATE LIMITED,BUY,333687,263.91
11-SEP-2026,NSE,bulk_deals,ORIENTTECH,Orient Technologies Ltd,MICROCURVES TRADING PRIVATE LIMITED,BUY,288372,265.05
11-SEP-2026,NSE,bulk_deals,ORIENTTECH,Orient Technologies Ltd,JUNOMONETA FINSOL PRIVATE LIMITED,BUY,256107,261.89
11-SEP-2026,NSE,bulk_deals,ORIENTTECH,Orient Technologies Ltd,QE SECURITIES LLP,BUY,303420,264.13
11-SEP-2026,NSE,bulk_deals,PCJEWELLER,PC Jeweller Ltd,JUMP TRADING FINANCIAL INDIA PRIVATE LIMITED,BUY,49999371,13.59
11-SEP-2026,NSE,bulk_deals,PINELABS,Pine Labs Limited,HRTI PRIVATE LIMITED,BUY,9508708,191.41
11-SEP-2026,NSE,bulk_deals,PINELABS,Pine Labs Limited,MICROCURVES TRADING PRIVATE LIMITED,BUY,9962599,192.64
11-SEP-2026,NSE,bulk_deals,PINELABS,Pine Labs Limited,JUNOMONETA FINSOL PRIVATE LIMITED,BUY,10272056,191.96
11-SEP-2026,NSE,bulk_deals,PINELABS,Pine Labs Limited,QE SECURITIES LLP,BUY,7461736,189.07
11-SEP-2026,NSE,bulk_deals,QUADFUTURE,Quadrant Future Tek Ltd,NK SECURITIES RESEARCH PRIVATE LIMITED,BUY,326480,487.91
11-SEP-2026,NSE,bulk_deals,QUADFUTURE,Quadrant Future Tek Ltd,QE SECURITIES LLP,BUY,345985,481.05
11-SEP-2026,NSE,bulk_deals,QUADFUTURE,Quadrant Future Tek Ltd,MICROCURVES TRADING PRIVATE LIMITED,BUY,443330,491.84
11-SEP-2026,NSE,bulk_deals,QUADFUTURE,Quadrant Future Tek Ltd,JUNOMONETA FINSOL PRIVATE LIMITED,BUY,524068,487.17
11-SEP-2026,NSE,bulk_deals,QUADFUTURE,Quadrant Future Tek Ltd,HRTI PRIVATE LIMITED,BUY,349601,482.64
11-SEP-2026,NSE,bulk_deals,QUALIANCE,Qualiance International L,SANJAY POPATLAL JAIN,BUY,70000,224.9
11-SEP-2026,NSE,bulk_deals,QUALIANCE,Qualiance International L,NEO APEX SHARE BROKING SERVICES LLP,BUY,70000,222.78
11-SEP-2026,NSE,bulk_deals,RATNAVEER,Ratnaveer Precision Eng L,ARIHANT CAPITAL MARKETS LIMITED,BUY,1141004,291.69
11-SEP-2026,NSE,bulk_deals,RAYMOND,Raymond Ltd.,MICROCURVES TRADING PRIVATE LIMITED,BUY,735354,967.82
11-SEP-2026,NSE,bulk_deals,RAYMOND,Raymond Ltd.,JUNOMONETA FINSOL PRIVATE LIMITED,BUY,505941,955.77
11-SEP-2026,NSE,bulk_deals,RAYMOND,Raymond Ltd.,GRAVITON RESEARCH CAPITAL LLP,BUY,350260,918.02
11-SEP-2026,NSE,bulk_deals,RAYMOND,Raymond Ltd.,NK SECURITIES RESEARCH PRIVATE LIMITED,BUY,346760,981.09
11-SEP-2026,NSE,bulk_deals,RAYMOND,Raymond Ltd.,HRTI PRIVATE LIMITED,BUY,1071709,968.14
11-SEP-2026,NSE,bulk_deals,RAYMOND,Raymond Ltd.,QE SECURITIES LLP,BUY,623925,942.98
11-SEP-2026,NSE,bulk_deals,RFBL,RFBL Flexi Pack Limited,MADHAV ENTERPRISE,BUY,120000,93.2
11-SEP-2026,NSE,bulk_deals,RFBL,RFBL Flexi Pack Limited,VAXFAB ENTERPRISES LIMITED,BUY,174000,91.51
11-SEP-2026,NSE,bulk_deals,SHANKESH,Shankesh Jewellers Ltd,SILVERLEAF CAPITAL SERVICES PRIVATE LIMITED,BUY,918330,108.42
11-SEP-2026,NSE,bulk_deals,SHANKESH,Shankesh Jewellers Ltd,IRAGE BROKING SERVICES LLP,BUY,891258,108.14
11-SEP-2026,NSE,bulk_deals,SHANKESH,Shankesh Jewellers Ltd,MICROCURVES TRADING PRIVATE LIMITED,BUY,1366268,107.84
11-SEP-2026,NSE,bulk_deals,SHANKESH,Shankesh Jewellers Ltd,JUNOMONETA FINSOL PRIVATE LIMITED,BUY,1991157,107.12
11-SEP-2026,NSE,bulk_deals,SHANKESH,Shankesh Jewellers Ltd,HRTI PRIVATE LIMITED,BUY,1478432,104.79
11-SEP-2026,NSE,bulk_deals,SHANKESH,Shankesh Jewellers Ltd,QE SECURITIES LLP,BUY,2932019,106.34
11-SEP-2026,NSE,bulk_deals,SHANKESH,Shankesh Jewellers Ltd,ALPHAGREP SECURITIES PRIVATE LIMITED,BUY,1578053,107.9
11-SEP-2026,NSE,bulk_deals,SHANKESH,Shankesh Jewellers Ltd,PRARAMBH SECURITIES PVT. LTD.,BUY,1000000,103.0
11-SEP-2026,NSE,bulk_deals,SHANKESH,Shankesh Jewellers Ltd,NK SECURITIES RESEARCH PRIVATE LIMITED,BUY,1799129,107.32
11-SEP-2026,NSE,bulk_deals,SHAREINDIA,Share Ind. Securities Ltd,JUNOMONETA FINSOL PRIVATE LIMITED,BUY,1197935,198.74
11-SEP-2026,NSE,bulk_deals,SILKY,Silky Overseas Limited,BRIGHTFUL COMMERCIAL PRIVATE LIMITED,BUY,108000,68.76
11-SEP-2026,NSE,bulk_deals,SMSPHARMA,SMS Pharmaceuticals Limit,MICROCURVES TRADING PRIVATE LIMITED,BUY,546684,454.34
11-SEP-2026,NSE,bulk_deals,SUBEXLTD,Subex Ltd,YUGA STOCKS AND COMMODITIES PRIVATE LIMITED,BUY,541948,20.4
11-SEP-2026,NSE,bulk_deals,SUNSHINE,Sunshine Pictures Limited,MATHISYS QUANTCAP LLP,BUY,187023,451.84
11-SEP-2026,NSE,bulk_deals,SUNSHINE,Sunshine Pictures Limited,QE SECURITIES LLP,BUY,382779,459.54
11-SEP-2026,NSE,bulk_deals,SUNSHINE,Sunshine Pictures Limited,JUNOMONETA FINSOL PRIVATE LIMITED,BUY,212268,469.57
11-SEP-2026,NSE,bulk_deals,SUNSHINE,Sunshine Pictures Limited,ARIHANT CAPITAL MARKETS LIMITED,BUY,66953,466.31
11-SEP-2026,NSE,bulk_deals,SUNSHINE,Sunshine Pictures Limited,JUMP TRADING FINANCIAL INDIA PRIVATE LIMITED,BUY,196031,486.77
11-SEP-2026,NSE,bulk_deals,TECHNOCRAF,Technocraft Ventures Ltd,QE SECURITIES LLP,BUY,226373,444.08
11-SEP-2026,NSE,bulk_deals,TECHNOCRAF,Technocraft Ventures Ltd,HRTI PRIVATE LIMITED,BUY,194454,443.25
11-SEP-2026,NSE,bulk_deals,UGARSUGAR,The Ugar Sugar Works Ltd,SILVERLEAF CAPITAL SERVICES PRIVATE LIMITED,BUY,786384,56.45
11-SEP-2026,NSE,bulk_deals,UGARSUGAR,The Ugar Sugar Works Ltd,JUNOMONETA FINSOL PRIVATE LIMITED,BUY,586382,56.27
11-SEP-2026,NSE,bulk_deals,VERTEXPLUS,Vertexplus Technologies L,V JOSHI IMPEX PRIVATE LIMITED,BUY,44400,68.0
11-SEP-2026,NSE,bulk_deals,VGL,VARVEE GLOBAL LIMITED,KAHOR VANRAJSINH DADBHAI,BUY,453298,66.07
11-SEP-2026,NSE,bulk_deals,WESTLIFE,WESTLIFE FOODWORLD LTD,SBI MUTUAL FUND,BUY,4000000,569.6
11-SEP-2026,NSE,bulk_deals,WESTLIFE,WESTLIFE FOODWORLD LTD,SBI MUTUAL FUND,BUY,2980072,569.6
11-SEP-2026,NSE,bulk_deals,AEROPLANE,Amir Chand Jag Kum (E) L,DEALMONEY COMMODITIES PRIVATE LIMITED,SELL,1317680,200.62
11-SEP-2026,NSE,bulk_deals,AEROPLANE,Amir Chand Jag Kum (E) L,MOHAMED IRFAN MOHAMED LATIF SHAIKH,SELL,1300000,200.47
11-SEP-2026,NSE,bulk_deals,AEROPLANE,Amir Chand Jag Kum (E) L,DEVARAJULU SATHYAMOORTHI,SELL,550000,198.86
11-SEP-2026,NSE,bulk_deals,AHCL,Anlon Healthcare Limited,SILVERLEAF CAPITAL SERVICES PRIVATE LIMITED,SELL,3025703,19.05
11-SEP-2026,NSE,bulk_deals,AHCL,Anlon Healthcare Limited,MICROCURVES TRADING PRIVATE LIMITED,SELL,3714332,19.06
11-SEP-2026,NSE,bulk_deals,AHCL,Anlon Healthcare Limited,NK SECURITIES RESEARCH PRIVATE LIMITED,SELL,3017457,19.17
11-SEP-2026,NSE,bulk_deals,AHCL,Anlon Healthcare Limited,HRTI PRIVATE LIMITED,SELL,3320487,19.07
11-SEP-2026,NSE,bulk_deals,AHCL,Anlon Healthcare Limited,JUNOMONETA FINSOL PRIVATE LIMITED,SELL,9066337,19.15
11-SEP-2026,NSE,bulk_deals,AHCL,Anlon Healthcare Limited,QE SECURITIES LLP,SELL,5104129,18.99
11-SEP-2026,NSE,bulk_deals,AHCL,Anlon Healthcare Limited,ALPHAGREP SECURITIES PRIVATE LIMITED,SELL,8435069,19.03
11-SEP-2026,NSE,bulk_deals,ANTELOPUS,Antelopus Selan Enrgy Ltd,JUNOMONETA FINSOL PRIVATE LIMITED,SELL,298266,1149.45
11-SEP-2026,NSE,bulk_deals,ANTELOPUS,Antelopus Selan Enrgy Ltd,HRTI PRIVATE LIMITED,SELL,393032,1154.31
11-SEP-2026,NSE,bulk_deals,ANTELOPUS,Antelopus Selan Enrgy Ltd,QE SECURITIES LLP,SELL,271157,1151.44
11-SEP-2026,NSE,bulk_deals,ANTELOPUS,Antelopus Selan Enrgy Ltd,NK SECURITIES RESEARCH PRIVATE LIMITED,SELL,176364,1152.93
11-SEP-2026,NSE,bulk_deals,ASHOKAMET,Ashoka Metcast Limited,AMRITA JAIN,SELL,265000,17.15
11-SEP-2026,NSE,bulk_deals,AWFIS,Awfis Space Solutions Ltd,QE SECURITIES LLP,SELL,533070,281.57
11-SEP-2026,NSE,bulk_deals,AWFIS,Awfis Space Solutions Ltd,NK SECURITIES RESEARCH PRIVATE LIMITED,SELL,663418,284.03
11-SEP-2026,NSE,bulk_deals,AWFIS,Awfis Space Solutions Ltd,JUNOMONETA FINSOL PRIVATE LIMITED,SELL,1496429,283.37
11-SEP-2026,NSE,bulk_deals,AWFIS,Awfis Space Solutions Ltd,IRAGE BROKING SERVICES LLP,SELL,304197,281.91
11-SEP-2026,NSE,bulk_deals,AWFIS,Awfis Space Solutions Ltd,MICROCURVES TRADING PRIVATE LIMITED,SELL,973727,283.81
11-SEP-2026,NSE,bulk_deals,AWFIS,Awfis Space Solutions Ltd,VINSUL MAKARDI LTD,SELL,380106,285.25
11-SEP-2026,NSE,bulk_deals,BANG,Bang Overseas Limited,RIMPY MITTAL,SELL,108159,35.15
11-SEP-2026,NSE,bulk_deals,BLACKBUCK,BLACKBUCK LIMITED,ACCEL INDIA IV (MAURITIUS) LIMITED,SELL,2700000,576.05
11-SEP-2026,NSE,bulk_deals,BODALCHEM,Bodal Chemicals Ltd,NEO APEX SHARE BROKING SERVICES LLP,SELL,1074170,160.17
11-SEP-2026,NSE,bulk_deals,ELECTHERM,Electrotherm (India) Ltd,8 SQUARE CAPITAL,SELL,215725,951.82
11-SEP-2026,NSE,bulk_deals,FASCINATE,Fascinate Textiles Ltd,NEO APEX SHARE BROKING SERVICES LLP,SELL,72800,53.15
11-SEP-2026,NSE,bulk_deals,FASCINATE,Fascinate Textiles Ltd,ZAMAIRA DEVELOPERS LLP,SELL,137600,53.15
11-SEP-2026,NSE,bulk_deals,FASCINATE,Fascinate Textiles Ltd,KANODIA STOCK BROKING PVT.LTD.,SELL,85600,53.15
11-SEP-2026,NSE,bulk_deals,FILATEX,Filatex India Ltd,JUNOMONETA FINSOL PRIVATE LIMITED,SELL,2512573,84.64
11-SEP-2026,NSE,bulk_deals,GCSL,Gretex Corporate Services,MOHAMED IRFAN MOHAMED LATIF SHAIKH,SELL,515078,600.49
11-SEP-2026,NSE,bulk_deals,GRANULES,Granules India Limited,KRISHNA PRASAD CHIGURUPATI,SELL,13295129,872.5
11-SEP-2026,NSE,bulk_deals,GRANULES,Granules India Limited,KRISHNA PRASAD CHIGURUPATI,SELL,3904871,892.84
11-SEP-2026,NSE,bulk_deals,INDOTHAI,Indo Thai Sec Ltd,NEO APEX SHARE BROKING SERVICES LLP,SELL,1601275,45.49
11-SEP-2026,NSE,bulk_deals,INDOTHAI,Indo Thai Sec Ltd,BONANZA PORTFOLIO LTD,SELL,1157923,43.68
11-SEP-2026,NSE,bulk_deals,INDOTHAI,Indo Thai Sec Ltd,ARIHANT CAPITAL MARKETS LIMITED,SELL,891517,44.99
11-SEP-2026,NSE,bulk_deals,INDOTHAI,Indo Thai Sec Ltd,PRIJAL TRADEFIN LLP,SELL,810863,43.41
11-SEP-2026,NSE,bulk_deals,INDOTHAI,Indo Thai Sec Ltd,ASHWIN STOCKS AND INVESTMENT PRIVATE LIMITED,SELL,674003,42.21
11-SEP-2026,NSE,bulk_deals,INDOTHAI,Indo Thai Sec Ltd,MANSI SHARE AND STOCK BROKING PRIVATE LIMITED,SELL,1380703,44.54
11-SEP-2026,NSE,bulk_deals,INDOTHAI,Indo Thai Sec Ltd,ANKITA VISHAL SHAH,SELL,922269,44.19
11-SEP-2026,NSE,bulk_deals,JAMNAAUTO,Jamna Auto Ind Ltd,RANDEEP SINGH JAUHAR,SELL,9995000,128.0
11-SEP-2026,NSE,bulk_deals,JAMNAAUTO,Jamna Auto Ind Ltd,PRADEEP SINGH JAUHAR,SELL,9995000,128.0
11-SEP-2026,NSE,bulk_deals,LAMOSAIC,Lamosaic India Limited,DHARA VIRAL MEHTA,SELL,60000,53.1
11-SEP-2026,NSE,bulk_deals,LUMINO,Lumino Industries Limited,JUNOMONETA FINSOL PRIVATE LIMITED,SELL,1739058,108.61
11-SEP-2026,NSE,bulk_deals,MOBIKWIK,One Mobikwik Systems Ltd,HRTI PRIVATE LIMITED,SELL,428921,209.86
11-SEP-2026,NSE,bulk_deals,MOBIKWIK,One Mobikwik Systems Ltd,MICROCURVES TRADING PRIVATE LIMITED,SELL,753520,213.09
11-SEP-2026,NSE,bulk_deals,MOBIKWIK,One Mobikwik Systems Ltd,QE SECURITIES LLP,SELL,528959,209.32
11-SEP-2026,NSE,bulk_deals,MOBIKWIK,One Mobikwik Systems Ltd,MUSIGMA SECURITIES,SELL,572504,212.91
11-SEP-2026,NSE,bulk_deals,MOBIKWIK,One Mobikwik Systems Ltd,JUNOMONETA FINSOL PRIVATE LIMITED,SELL,665683,211.45
11-SEP-2026,NSE,bulk_deals,MOLBIO,Molbio Diagnostics Ltd,QE SECURITIES LLP,SELL,1188458,1552.02
11-SEP-2026,NSE,bulk_deals,MOLBIO,Molbio Diagnostics Ltd,JUNOMONETA FINSOL PRIVATE LIMITED,SELL,1228332,1566.94
11-SEP-2026,NSE,bulk_deals,MOLBIO,Molbio Diagnostics Ltd,HRTI PRIVATE LIMITED,SELL,601018,1547.45
11-SEP-2026,NSE,bulk_deals,MOLBIO,Molbio Diagnostics Ltd,MICROCURVES TRADING PRIVATE LIMITED,SELL,753493,1545.88
11-SEP-2026,NSE,bulk_deals,MPEL-RE,Manas Poly n Energ Ltd,FALGUNI AGRAWAL,SELL,80000,2.0
11-SEP-2026,NSE,bulk_deals,MPEL-RE,Manas Poly n Energ Ltd,KABRA  PRIYA,SELL,83200,2.06
11-SEP-2026,NSE,bulk_deals,MVELECTRO,MV Electrosystems Limited,HRTI PRIVATE LIMITED,SELL,325005,843.36
11-SEP-2026,NSE,bulk_deals,MVELECTRO,MV Electrosystems Limited,QE SECURITIES LLP,SELL,252233,844.39
11-SEP-2026,NSE,bulk_deals,MVELECTRO,MV Electrosystems Limited,JUNOMONETA FINSOL PRIVATE LIMITED,SELL,420201,841.84
11-SEP-2026,NSE,bulk_deals,NRBBEARING,NRB Bearings Limited,TRILOCHAN SINGH SAHNEY TRUST 1,SELL,500000,505.0
11-SEP-2026,NSE,bulk_deals,ORIENTTECH,Orient Technologies Ltd,JUNOMONETA FINSOL PRIVATE LIMITED,SELL,254761,262.09
11-SEP-2026,NSE,bulk_deals,ORIENTTECH,Orient Technologies Ltd,QE SECURITIES LLP,SELL,303152,260.44
11-SEP-2026,NSE,bulk_deals,ORIENTTECH,Orient Technologies Ltd,NK SECURITIES RESEARCH PRIVATE LIMITED,SELL,333687,264.1
11-SEP-2026,NSE,bulk_deals,ORIENTTECH,Orient Technologies Ltd,MICROCURVES TRADING PRIVATE LIMITED,SELL,288372,265.16
11-SEP-2026,NSE,bulk_deals,PCJEWELLER,PC Jeweller Ltd,JUMP TRADING FINANCIAL INDIA PRIVATE LIMITED,SELL,49156617,13.57
11-SEP-2026,NSE,bulk_deals,PINELABS,Pine Labs Limited,QE SECURITIES LLP,SELL,7712197,191.29
11-SEP-2026,NSE,bulk_deals,PINELABS,Pine Labs Limited,MICROCURVES TRADING PRIVATE LIMITED,SELL,9962599,192.72
11-SEP-2026,NSE,bulk_deals,PINELABS,Pine Labs Limited,HRTI PRIVATE LIMITED,SELL,8307520,192.84
11-SEP-2026,NSE,bulk_deals,PINELABS,Pine Labs Limited,JUNOMONETA FINSOL PRIVATE LIMITED,SELL,10204601,192.07
11-SEP-2026,NSE,bulk_deals,QUADFUTURE,Quadrant Future Tek Ltd,HRTI PRIVATE LIMITED,SELL,339306,481.66
11-SEP-2026,NSE,bulk_deals,QUADFUTURE,Quadrant Future Tek Ltd,JUNOMONETA FINSOL PRIVATE LIMITED,SELL,537529,487.39
11-SEP-2026,NSE,bulk_deals,QUADFUTURE,Quadrant Future Tek Ltd,QE SECURITIES LLP,SELL,370857,480.26
11-SEP-2026,NSE,bulk_deals,QUADFUTURE,Quadrant Future Tek Ltd,NK SECURITIES RESEARCH PRIVATE LIMITED,SELL,326480,488.04
11-SEP-2026,NSE,bulk_deals,QUADFUTURE,Quadrant Future Tek Ltd,MICROCURVES TRADING PRIVATE LIMITED,SELL,443330,492.0
11-SEP-2026,NSE,bulk_deals,RATNAVEER,Ratnaveer Precision Eng L,THAKKAR NILESHKUMAR FARSHURAM HUF,SELL,800000,290.04
11-SEP-2026,NSE,bulk_deals,RAYMOND,Raymond Ltd.,JUNOMONETA FINSOL PRIVATE LIMITED,SELL,475979,956.49
11-SEP-2026,NSE,bulk_deals,RAYMOND,Raymond Ltd.,MICROCURVES TRADING PRIVATE LIMITED,SELL,735242,968.21
11-SEP-2026,NSE,bulk_deals,RAYMOND,Raymond Ltd.,QE SECURITIES LLP,SELL,637629,948.4
11-SEP-2026,NSE,bulk_deals,RAYMOND,Raymond Ltd.,NK SECURITIES RESEARCH PRIVATE LIMITED,SELL,346760,981.63
11-SEP-2026,NSE,bulk_deals,RAYMOND,Raymond Ltd.,GRAVITON RESEARCH CAPITAL LLP,SELL,350260,916.21
11-SEP-2026,NSE,bulk_deals,RAYMOND,Raymond Ltd.,HRTI PRIVATE LIMITED,SELL,1121466,960.47
11-SEP-2026,NSE,bulk_deals,RFBL,RFBL Flexi Pack Limited,RATHOD DIGVIJAYSINH RAJENDRASINH,SELL,474000,92.48
11-SEP-2026,NSE,bulk_deals,SHANKESH,Shankesh Jewellers Ltd,HRTI PRIVATE LIMITED,SELL,1351271,105.42
11-SEP-2026,NSE,bulk_deals,SHANKESH,Shankesh Jewellers Ltd,QE SECURITIES LLP,SELL,2823884,105.16
11-SEP-2026,NSE,bulk_deals,SHANKESH,Shankesh Jewellers Ltd,JUNOMONETA FINSOL PRIVATE LIMITED,SELL,1979727,107.14
11-SEP-2026,NSE,bulk_deals,SHANKESH,Shankesh Jewellers Ltd,IRAGE BROKING SERVICES LLP,SELL,667508,107.34
11-SEP-2026,NSE,bulk_deals,SHANKESH,Shankesh Jewellers Ltd,ALPHAGREP SECURITIES PRIVATE LIMITED,SELL,1578053,107.13
11-SEP-2026,NSE,bulk_deals,SHANKESH,Shankesh Jewellers Ltd,PRARAMBH SECURITIES PVT. LTD.,SELL,1640000,107.78
11-SEP-2026,NSE,bulk_deals,SHANKESH,Shankesh Jewellers Ltd,NK SECURITIES RESEARCH PRIVATE LIMITED,SELL,1799129,107.38
11-SEP-2026,NSE,bulk_deals,SHANKESH,Shankesh Jewellers Ltd,MICROCURVES TRADING PRIVATE LIMITED,SELL,1366268,107.63
11-SEP-2026,NSE,bulk_deals,SHANKESH,Shankesh Jewellers Ltd,NIRAJ RAJNIKANT SHAH,SELL,1367692,103.45
11-SEP-2026,NSE,bulk_deals,SHANKESH,Shankesh Jewellers Ltd,SILVERLEAF CAPITAL SERVICES PRIVATE LIMITED,SELL,918330,108.5
11-SEP-2026,NSE,bulk_deals,SHAREINDIA,Share Ind. Securities Ltd,JUNOMONETA FINSOL PRIVATE LIMITED,SELL,1201166,198.85
11-SEP-2026,NSE,bulk_deals,SHEKHAWATI,Shekhawati Industries Ltd,AMAX NETWORK PVT LTD,SELL,200000,19.37
11-SEP-2026,NSE,bulk_deals,SILKY,Silky Overseas Limited,VINCENT COMMERCIAL COMPANY LIMITED,SELL,108000,68.76
11-SEP-2026,NSE,bulk_deals,SMSPHARMA,SMS Pharmaceuticals Limit,MICROCURVES TRADING PRIVATE LIMITED,SELL,546684,454.45
11-SEP-2026,NSE,bulk_deals,SUBEXLTD,Subex Ltd,YUGA STOCKS AND COMMODITIES PRIVATE LIMITED,SELL,3612845,20.02
11-SEP-2026,NSE,bulk_deals,SUNSHINE,Sunshine Pictures Limited,QE SECURITIES LLP,SELL,151631,443.18
11-SEP-2026,NSE,bulk_deals,SUNSHINE,Sunshine Pictures Limited,MATHISYS QUANTCAP LLP,SELL,148756,450.68
11-SEP-2026,NSE,bulk_deals,SUNSHINE,Sunshine Pictures Limited,JUMP TRADING FINANCIAL INDIA PRIVATE LIMITED,SELL,38741,458.93
11-SEP-2026,NSE,bulk_deals,SUNSHINE,Sunshine Pictures Limited,JUNOMONETA FINSOL PRIVATE LIMITED,SELL,87797,444.73
11-SEP-2026,NSE,bulk_deals,SUNSHINE,Sunshine Pictures Limited,NIRMALKUMAR PAREEK,SELL,171583,429.61
11-SEP-2026,NSE,bulk_deals,SUNSHINE,Sunshine Pictures Limited,ARIHANT CAPITAL MARKETS LIMITED,SELL,671470,490.53
11-SEP-2026,NSE,bulk_deals,TECHNOCRAF,Technocraft Ventures Ltd,HRTI PRIVATE LIMITED,SELL,209995,443.38
11-SEP-2026,NSE,bulk_deals,TECHNOCRAF,Technocraft Ventures Ltd,QE SECURITIES LLP,SELL,216272,443.86
11-SEP-2026,NSE,bulk_deals,UGARSUGAR,The Ugar Sugar Works Ltd,JUNOMONETA FINSOL PRIVATE LIMITED,SELL,595091,56.3
11-SEP-2026,NSE,bulk_deals,UGARSUGAR,The Ugar Sugar Works Ltd,SILVERLEAF CAPITAL SERVICES PRIVATE LIMITED,SELL,786384,56.31
11-SEP-2026,NSE,bulk_deals,VERTEXPLUS,Vertexplus Technologies L,SWARN LATA,SELL,44400,68.0
11-SEP-2026,NSE,bulk_deals,VGL,VARVEE GLOBAL LIMITED,KAHOR VANRAJSINH DADBHAI,SELL,391862,66.31
11-SEP-2026,NSE,bulk_deals,WESTLIFE,WESTLIFE FOODWORLD LTD,SBI MUTUAL FUND,SELL,3033125,569.6
11-SEP-2026,NSE,bulk_deals,WESTLIFE,WESTLIFE FOODWORLD LTD,SBI MUTUAL FUND,SELL,4000000,569.6
11-SEP-2026,NSE,block_deals,BLACKBUCK,BLACKBUCK LIMITED,ABAKKUS INVESTMENT MANAGERS PRIVATE LIMITED,BUY,600000,576.05
11-SEP-2026,NSE,block_deals,BLACKBUCK,BLACKBUCK LIMITED,ABAKKUS INVESTMENT MANAGERS PRIVATE LIMITED,BUY,2100000,576.05
11-SEP-2026,NSE,block_deals,GRANULES,Granules India Limited,KOTAK MAHINDRA LIFE INSURANCE COMPANY LIMITED,BUY,1154316,872.5
11-SEP-2026,NSE,block_deals,GRANULES,Granules India Limited,JAGDISH NARESH MASTER,BUY,300000,872.5
11-SEP-2026,NSE,block_deals,GRANULES,Granules India Limited,MYRAA VARUN RAHEJA,BUY,687679,872.5
11-SEP-2026,NSE,block_deals,GRANULES,Granules India Limited,SUNDARAM MUTUAL FUND,BUY,573065,872.5
11-SEP-2026,NSE,block_deals,GRANULES,Granules India Limited,SMALLCAP WORLD FUND INC,BUY,3474080,872.5
11-SEP-2026,NSE,block_deals,GRANULES,Granules India Limited,360 ONE PIPE FUND,BUY,286535,872.5
11-SEP-2026,NSE,block_deals,GRANULES,Granules India Limited,ADITYA BIRLA SUN LIFE MUTUAL FUND,BUY,573065,872.5
11-SEP-2026,NSE,block_deals,GRANULES,Granules India Limited,AMERICAN FDS DEVELOPING WORLD GROWTH AND INCOME FUND,BUY,320926,872.5
11-SEP-2026,NSE,block_deals,GRANULES,Granules India Limited,AMERICAN FUNDS INSURANCE SERIES GLOBAL SMALL CAPITALIZATION FUND,BUY,91594,872.5
11-SEP-2026,NSE,block_deals,GRANULES,Granules India Limited,BNP PARIBAS FINANCIAL MARKETS,BUY,1318051,872.5
11-SEP-2026,NSE,block_deals,GRANULES,Granules India Limited,BUOYANT OPPORTUNITIES STRATEGY-III,BUY,286535,872.5
11-SEP-2026,NSE,block_deals,GRANULES,Granules India Limited,CAPITAL GROUP EMERGING MARKETS EQUITY COLLECTIVE TRUST US,BUY,127239,872.5
11-SEP-2026,NSE,block_deals,GRANULES,Granules India Limited,CAPITAL GROUP EMERGING MARKETS GROWTH COLLECTIVE TRUST (US),BUY,18728,872.5
11-SEP-2026,NSE,block_deals,GRANULES,Granules India Limited,CAPITAL INTERNATIONAL EMERGING MARKETS FUND,BUY,34085,872.5
11-SEP-2026,NSE,block_deals,GRANULES,Granules India Limited,CLARUS CAPITAL 1,BUY,859600,872.5
11-SEP-2026,NSE,block_deals,GRANULES,Granules India Limited,EDELWEISS MUTUAL FUND,BUY,458452,872.5
11-SEP-2026,NSE,block_deals,GRANULES,Granules India Limited,EMERGING MARKETS EQUITY FUND,BUY,312796,872.5
11-SEP-2026,NSE,block_deals,GRANULES,Granules India Limited,EMERGING MARKETS GROWTH FUND INC,BUY,72360,872.5
11-SEP-2026,NSE,block_deals,GRANULES,Granules India Limited,FLORIDA RETIREMENT SYSTEM,BUY,416692,872.5
11-SEP-2026,NSE,block_deals,GRANULES,Granules India Limited,GOLDMAN SACHS BANK EUROPE SE,BUY,1173916,872.5
11-SEP-2026,NSE,block_deals,GRANULES,Granules India Limited,OPTIMIX WHOLESALE GLOBAL EMERGING MARKETS SHARE TRUST,BUY,182350,872.5
11-SEP-2026,NSE,block_deals,GRANULES,Granules India Limited,SBI LIFE INSURANCE COMPANY LIMITED,BUY,573065,872.5
11-SEP-2026,NSE,block_deals,JAMNAAUTO,Jamna Auto Ind Ltd,DSP MUTUAL FUND,BUY,7812500,128.0
11-SEP-2026,NSE,block_deals,JAMNAAUTO,Jamna Auto Ind Ltd,360 ONE MUTUL FUND,BUY,2573125,128.0
11-SEP-2026,NSE,block_deals,JAMNAAUTO,Jamna Auto Ind Ltd,360 ONE ASSET MANAGEMENT LIMITED,BUY,1953125,128.0
11-SEP-2026,NSE,block_deals,JAMNAAUTO,Jamna Auto Ind Ltd,360 ONE ASSET MANAGEMENT LIMITED,BUY,5468750,128.0
11-SEP-2026,NSE,block_deals,JAMNAAUTO,Jamna Auto Ind Ltd,ABU DHABI INVESTMENT AUTHORITY,BUY,2182500,128.0
11-SEP-2026,NSE,block_deals,LOTUSDEV,Sri Lotus Devlprs N Rty L,MORGAN STANLEY ASIA SINGAPORE PTE,BUY,1500000,201.75
11-SEP-2026,NSE,block_deals,NRBBEARING,NRB Bearings Limited,DT FUND,BUY,227565,505.0
11-SEP-2026,NSE,block_deals,NRBBEARING,NRB Bearings Limited,GP EMERGING MARKETS STRATEGIES LP,BUY,111805,505.0
11-SEP-2026,NSE,block_deals,NRBBEARING,NRB Bearings Limited,UNIVERSITY OF NOTRE DAME DU LAC,BUY,160630,505.0
11-SEP-2026,NSE,block_deals,BLACKBUCK,BLACKBUCK LIMITED,ACCEL INDIA IV (MAURITIUS) LIMITED,SELL,2700000,576.05
11-SEP-2026,NSE,block_deals,GRANULES,Granules India Limited,KRISHNA PRASAD CHIGURUPATI,SELL,13295129,872.5
11-SEP-2026,NSE,block_deals,JAMNAAUTO,Jamna Auto Ind Ltd,RANDEEP SINGH JAUHAR,SELL,9995000,128.0
11-SEP-2026,NSE,block_deals,JAMNAAUTO,Jamna Auto Ind Ltd,PRADEEP SINGH JAUHAR,SELL,9995000,128.0
11-SEP-2026,NSE,block_deals,LOTUSDEV,Sri Lotus Devlprs N Rty L,MOHAMED IRFAN MOHAMED LATIF SHAIKH,SELL,1500000,201.75
11-SEP-2026,NSE,block_deals,NRBBEARING,NRB Bearings Limited,TRILOCHAN SINGH SAHNEY TRUST 1,SELL,500000,505.0
11/09/2026,BSE,bulk,538539,ANVRDHI,MEET MUKESHBHAI FOFANI,B,100000.0,10.76
11/09/2026,BSE,bulk,538539,ANVRDHI,AARAV REALITY PRIVATE LIMITED,S,135350.0,10.67
11/09/2026,BSE,bulk,543911,ATALREAL,ALTIZEN VENTURES LLP,S,832442.0,13.76
11/09/2026,BSE,bulk,543911,ATALREAL,NILESH DHIRAJLAL HEMANI,B,750000.0,13.76
11/09/2026,BSE,bulk,532946,BANG,RIMPY  MITTAL,B,40314.0,35.11
11/09/2026,BSE,bulk,532946,BANG,RIMPY  MITTAL,S,70089.0,35.33
11/09/2026,BSE,bulk,512169,CAPRICORN,NAMRATAA  PARTANI,B,207000.0,30.2
11/09/2026,BSE,bulk,512169,CAPRICORN,KRISHNA KUMAR PARTHANI,B,445000.0,30.2
11/09/2026,BSE,bulk,512169,CAPRICORN,OMPRAKASH  PARTANI,B,452000.0,30.2
11/09/2026,BSE,bulk,512169,CAPRICORN,POONAM  PARTANI,B,451700.0,30.2
11/09/2026,BSE,bulk,512169,CAPRICORN,HEMANTH REDDY DANDEM,S,1300000.0,30.2
11/09/2026,BSE,bulk,512169,CAPRICORN,SUSHMA JAKKU,S,300000.0,30.2
11/09/2026,BSE,bulk,512169,CAPRICORN,BHANU PRAKASH VEMESHETTY,S,420000.0,30.2
11/09/2026,BSE,bulk,512169,CAPRICORN,MULTIPLIER SHARE & STOCK ADVISORS PRIVATE LIMITED,B,175000.0,30.2
11/09/2026,BSE,bulk,512169,CAPRICORN,NEO APEX SHARE BROKING SERVICES LLP,B,152422.0,30.2
11/09/2026,BSE,bulk,531913,CASTORA,VANRAJ DADBHAI KAHOR,B,43366.0,13.33
11/09/2026,BSE,bulk,540310,CFL,KAILASH DHANUKA HUF,S,31972.0,69.45
11/09/2026,BSE,bulk,538868,CSL,AKASH SARAOGI,B,136753.0,24.79
11/09/2026,BSE,bulk,538868,CSL,AKASH SARAOGI,S,224256.0,24.8
11/09/2026,BSE,bulk,544884,DHANWEL,GIRIRAJ STOCK BROKING PRIVATE LIMITED,S,73200.0,39.85
11/09/2026,BSE,bulk,539455,ECOFINITY,MAYADEVI KRISHNAAWTAR KABRA,B,66000.0,67.83
11/09/2026,BSE,bulk,531502,ESARIND,PAWAN KUMAR MITTAL,B,111670.0,11.63
11/09/2026,BSE,bulk,531502,ESARIND,PAWAN KUMAR MITTAL,S,111670.0,11.65
11/09/2026,BSE,bulk,540134,IISL,NAYSAA SECURITIES LIMITED,S,41881.0,16.43
11/09/2026,BSE,bulk,539679,KAPILRAJ,SHARE INDIA SECURITIES LIMITED,S,841012.0,2.22
11/09/2026,BSE,bulk,539679,KAPILRAJ,SHARE INDIA SECURITIES LIMITED,B,409535.0,2.18
11/09/2026,BSE,bulk,500240,KINETICENG,JAYASHREE ARUN FIRODIA,S,230000.0,223.4
11/09/2026,BSE,bulk,505797,MPCOSEMB,RITESH KUMAR JAIN,S,130550.0,30.15
11/09/2026,BSE,bulk,505797,MPCOSEMB,PRANITHAKOMARAVOLU,B,25000.0,30.06
11/09/2026,BSE,bulk,505797,MPCOSEMB,BIJAL KISHORCHANDRA MADHANI,B,20000.0,30.15
11/09/2026,BSE,bulk,540254,MTPL,JAGID VANITABEN RAJENDRAPRASAD,B,518144.0,9.5
11/09/2026,BSE,bulk,539521,NAVIGANT,SARTHAK  VIJLANI,S,80000.0,69.28
11/09/2026,BSE,bulk,539521,NAVIGANT,AIKYATA ADVISORY LLP,B,82500.0,69.28
11/09/2026,BSE,bulk,517554,NHCFOODS,TIRUPATI FINCORP LIMITED,B,5500000.0,2.02
11/09/2026,BSE,bulk,517554,NHCFOODS,INVENTURE GROWTH & SECURITIES LTD.,S,5500000.0,2.02
11/09/2026,BSE,bulk,531512,ORIENTTR,USHA SHARMA,S,440125.0,4.22
11/09/2026,BSE,bulk,531512,ORIENTTR,INDERMAL  RAMANI,B,340000.0,4.23
11/09/2026,BSE,bulk,544897,PALUCK,NEO APEX SHARE BROKING SERVICES LLP,S,126000.0,47.68
11/09/2026,BSE,bulk,519299,PRIMIND,MULTIPLIER SHARE & STOCK ADVISORS PRIVATE LIMITED,S,95568.0,43.23
11/09/2026,BSE,bulk,519299,PRIMIND,MULTIPLIER SHARE & STOCK ADVISORS PRIVATE LIMITED,B,195568.0,41.84
11/09/2026,BSE,bulk,519299,PRIMIND,NEO APEX SHARE BROKING SERVICES LLP,B,150000.0,40.01
11/09/2026,BSE,bulk,519299,PRIMIND,HARNEESH KAUR ARORA,S,833500.0,40.04
11/09/2026,BSE,bulk,519299,PRIMIND,RAJINDER KUMAR SINGHANIA,S,1301000.0,40.01
11/09/2026,BSE,bulk,519299,PRIMIND,MASTER TRUST LIMITED,S,107000.0,40.01
11/09/2026,BSE,bulk,519299,PRIMIND,CRESCENT INVESTMENTS,S,254000.0,40.01
11/09/2026,BSE,bulk,519299,PRIMIND,SAINTCO INDIA LLP,S,693000.0,40.01
11/09/2026,BSE,bulk,519299,PRIMIND,PUNEET SINGHANIA,S,584500.0,40.01
11/09/2026,BSE,bulk,519299,PRIMIND,ARORA FINANCIAL SERVICES PRIVATE LIMITED,S,220600.0,40.01
11/09/2026,BSE,bulk,519299,PRIMIND,SKYLINE INDIA LIMITED,B,2009040.0,40.01
11/09/2026,BSE,bulk,519299,PRIMIND,RUNIT EXIM PRIVATE LIMITED,B,1100000.0,40.01
11/09/2026,BSE,bulk,519299,PRIMIND,ABHINAV  GUPTA,B,150000.0,40.01
11/09/2026,BSE,bulk,536659,PVVINFRA,SAI ROSHNI CAPITAL PRIVATE LIMITED,S,715000.0,2.66
11/09/2026,BSE,bulk,544035,SPL,SIMRAN,S,99200.0,22.62
11/09/2026,BSE,bulk,544881,SUNSHINE,ARIHANT CAPITAL MARKETS LIMITED,B,250008.0,407.45
11/09/2026,BSE,bulk,544881,SUNSHINE,ISHANI COMMODITIES  PRIVATE LIMITED,S,198814.0,407.45
11/09/2026,BSE,bulk,506122,VOLKAI,KREON FINNANCIAL SERVICES LIMITED,B,8623.0,160.0
10/09/2026,BSE,block,531281,MARBLE,SALSETT VINIMAY PRIVATE LIMITED,B,2200000.0,117.0
10/09/2026,BSE,block,531281,MARBLE,VPS CONSTRUCTIONS PRIVATE LIMITED,S,2200000.0,117.0
10/09/2026,BSE,block,544386,SPECTRUM,MOTILAL OSWAL MUTUAL FUND,B,115000.0,2651.0
10/09/2026,BSE,block,544386,SPECTRUM,AJAY BHIKAMCHAND JAIN,S,115000.0,2651.0
11-SEP-2026,NSE,bulk_deals,AEROPLANE,Amir Chand Jag Kum (E) L,NITIN KUMAR NIPUN KUMAR HUF,BUY,1276148,201.45
11-SEP-2026,NSE,bulk_deals,AEROPLANE,Amir Chand Jag Kum (E) L,DEALMONEY COMMODITIES PRIVATE LIMITED,BUY,1317680,200.34
11-SEP-2026,NSE,bulk_deals,AHCL,Anlon Healthcare Limited,SILVERLEAF CAPITAL SERVICES PRIVATE LIMITED,BUY,3025703,19.07
11-SEP-2026,NSE,bulk_deals,AHCL,Anlon Healthcare Limited,ALPHAGREP SECURITIES PRIVATE LIMITED,BUY,8435069,19.02
11-SEP-2026,NSE,bulk_deals,AHCL,Anlon Healthcare Limited,MICROCURVES TRADING PRIVATE LIMITED,BUY,3714332,19.04
11-SEP-2026,NSE,bulk_deals,AHCL,Anlon Healthcare Limited,JUNOMONETA FINSOL PRIVATE LIMITED,BUY,9065574,19.13
11-SEP-2026,NSE,bulk_deals,AHCL,Anlon Healthcare Limited,HRTI PRIVATE LIMITED,BUY,3219710,19.06
11-SEP-2026,NSE,bulk_deals,AHCL,Anlon Healthcare Limited,QE SECURITIES LLP,BUY,4999404,19.03
11-SEP-2026,NSE,bulk_deals,AHCL,Anlon Healthcare Limited,NK SECURITIES RESEARCH PRIVATE LIMITED,BUY,3017457,19.17
11-SEP-2026,NSE,bulk_deals,ANMOL,Anmol India Limited,RADIANT GLOBAL FUND-CLASS B PARTICIPATING SHARES,BUY,300000,16.28
11-SEP-2026,NSE,bulk_deals,ANTELOPUS,Antelopus Selan Enrgy Ltd,JUNOMONETA FINSOL PRIVATE LIMITED,BUY,301154,1149.29
11-SEP-2026,NSE,bulk_deals,ANTELOPUS,Antelopus Selan Enrgy Ltd,HRTI PRIVATE LIMITED,BUY,404136,1147.83
11-SEP-2026,NSE,bulk_deals,ANTELOPUS,Antelopus Selan Enrgy Ltd,NK SECURITIES RESEARCH PRIVATE LIMITED,BUY,176364,1152.53
11-SEP-2026,NSE,bulk_deals,ANTELOPUS,Antelopus Selan Enrgy Ltd,QE SECURITIES LLP,BUY,274589,1145.06
11-SEP-2026,NSE,bulk_deals,ASHOKAMET,Ashoka Metcast Limited,AMRITA JAIN,BUY,300798,17.15
11-SEP-2026,NSE,bulk_deals,ASIANTILES,Asian Granito India Limit,THAKKAR NILESHKUMAR FARSHURAM HUF,BUY,2813530,50.34
11-SEP-2026,NSE,bulk_deals,AWFIS,Awfis Space Solutions Ltd,QE SECURITIES LLP,BUY,528030,280.41
11-SEP-2026,NSE,bulk_deals,AWFIS,Awfis Space Solutions Ltd,NK SECURITIES RESEARCH PRIVATE LIMITED,BUY,663418,283.91
11-SEP-2026,NSE,bulk_deals,AWFIS,Awfis Space Solutions Ltd,VINSUL MAKARDI LTD,BUY,380106,285.2
11-SEP-2026,NSE,bulk_deals,AWFIS,Awfis Space Solutions Ltd,JUNOMONETA FINSOL PRIVATE LIMITED,BUY,1492529,283.13
11-SEP-2026,NSE,bulk_deals,AWFIS,Awfis Space Solutions Ltd,IRAGE BROKING SERVICES LLP,BUY,470918,283.82
11-SEP-2026,NSE,bulk_deals,AWFIS,Awfis Space Solutions Ltd,MICROCURVES TRADING PRIVATE LIMITED,BUY,973727,283.61
11-SEP-2026,NSE,bulk_deals,BANG,Bang Overseas Limited,RIMPY MITTAL,BUY,146352,35.11
11-SEP-2026,NSE,bulk_deals,BLACKBUCK,BLACKBUCK LIMITED,ABAKKUS INVESTMENT MANAGERS PRIVATE LIMITED,BUY,2100000,576.05
11-SEP-2026,NSE,bulk_deals,BODALCHEM,Bodal Chemicals Ltd,NEO APEX SHARE BROKING SERVICES LLP,BUY,759170,157.82
11-SEP-2026,NSE,bulk_deals,ELECTHERM,Electrotherm (India) Ltd,RADIANT GLOBAL FUND-CLASS B PARTICIPATING SHARES,BUY,215725,951.83
11-SEP-2026,NSE,bulk_deals,FASCINATE,Fascinate Textiles Ltd,BALAJI NIKETAN PVT LTD,BUY,188000,53.15
11-SEP-2026,NSE,bulk_deals,FILATEX,Filatex India Ltd,JUNOMONETA FINSOL PRIVATE LIMITED,BUY,2503049,84.6
11-SEP-2026,NSE,bulk_deals,GCSL,Gretex Corporate Services,DILIP RAMANLAL DOSHI HUF,BUY,149000,600.0
11-SEP-2026,NSE,bulk_deals,GCSL,Gretex Corporate Services,SIDDHISURI FINVEST PRIVATE LIMITED,BUY,200000,600.7
11-SEP-2026,NSE,bulk_deals,GRANULES,Granules India Limited,SMALLCAP WORLD FUND INC,BUY,3474080,872.5
11-SEP-2026,NSE,bulk_deals,GRANULES,Granules India Limited,BNP PARIBAS FINANCIAL MARKETS,BUY,1318051,872.5
11-SEP-2026,NSE,bulk_deals,INDOTHAI,Indo Thai Sec Ltd,BONANZA PORTFOLIO LTD,BUY,360672,44.81
11-SEP-2026,NSE,bulk_deals,INDOTHAI,Indo Thai Sec Ltd,ARIHANT CAPITAL MARKETS LIMITED,BUY,871517,45.29
11-SEP-2026,NSE,bulk_deals,INDOTHAI,Indo Thai Sec Ltd,ANKITA VISHAL SHAH,BUY,1022269,45.45
11-SEP-2026,NSE,bulk_deals,INDOTHAI,Indo Thai Sec Ltd,NEO APEX SHARE BROKING SERVICES LLP,BUY,850003,41.4
11-SEP-2026,NSE,bulk_deals,INDOTHAI,Indo Thai Sec Ltd,MANSI SHARE AND STOCK BROKING PRIVATE LIMITED,BUY,987413,45.09
11-SEP-2026,NSE,bulk_deals,INDOTHAI,Indo Thai Sec Ltd,PRIJAL TRADEFIN LLP,BUY,145863,41.91
11-SEP-2026,NSE,bulk_deals,INDOTHAI,Indo Thai Sec Ltd,ASHWIN STOCKS AND INVESTMENT PRIVATE LIMITED,BUY,965416,43.92
11-SEP-2026,NSE,bulk_deals,JAMNAAUTO,Jamna Auto Ind Ltd,360 ONE ASSET MANAGEMENT LIMITED,BUY,5468750,128.0
11-SEP-2026,NSE,bulk_deals,JAMNAAUTO,Jamna Auto Ind Ltd,ABU DHABI INVESTMENT AUTHORITY,BUY,2182500,128.0
11-SEP-2026,NSE,bulk_deals,JAMNAAUTO,Jamna Auto Ind Ltd,DSP MUTUAL FUND,BUY,7812500,128.0
11-SEP-2026,NSE,bulk_deals,JAMNAAUTO,Jamna Auto Ind Ltd,360 ONE MUTUL FUND,BUY,2573125,128.0
11-SEP-2026,NSE,bulk_deals,LUMINO,Lumino Industries Limited,JUNOMONETA FINSOL PRIVATE LIMITED,BUY,1696327,108.63
11-SEP-2026,NSE,bulk_deals,MEGATHERM,Megatherm Induction Ltd,PANKAJ PRASOON AND (HUF),BUY,94800,241.88
11-SEP-2026,NSE,bulk_deals,MOBIKWIK,One Mobikwik Systems Ltd,MUSIGMA SECURITIES,BUY,572504,212.69
11-SEP-2026,NSE,bulk_deals,MOBIKWIK,One Mobikwik Systems Ltd,HRTI PRIVATE LIMITED,BUY,586742,209.11
11-SEP-2026,NSE,bulk_deals,MOBIKWIK,One Mobikwik Systems Ltd,MICROCURVES TRADING PRIVATE LIMITED,BUY,753520,212.9
11-SEP-2026,NSE,bulk_deals,MOBIKWIK,One Mobikwik Systems Ltd,JUNOMONETA FINSOL PRIVATE LIMITED,BUY,654357,211.34
11-SEP-2026,NSE,bulk_deals,MOBIKWIK,One Mobikwik Systems Ltd,QE SECURITIES LLP,BUY,476808,208.26
11-SEP-2026,NSE,bulk_deals,MOLBIO,Molbio Diagnostics Ltd,MICROCURVES TRADING PRIVATE LIMITED,BUY,753493,1544.97
11-SEP-2026,NSE,bulk_deals,MOLBIO,Molbio Diagnostics Ltd,HRTI PRIVATE LIMITED,BUY,737245,1520.67
11-SEP-2026,NSE,bulk_deals,MOLBIO,Molbio Diagnostics Ltd,QE SECURITIES LLP,BUY,1210738,1542.36
11-SEP-2026,NSE,bulk_deals,MOLBIO,Molbio Diagnostics Ltd,JUNOMONETA FINSOL PRIVATE LIMITED,BUY,1233175,1565.79
11-SEP-2026,NSE,bulk_deals,MPEL-RE,Manas Poly n Energ Ltd,KARTIK SINGHAL,BUY,118400,2.05
11-SEP-2026,NSE,bulk_deals,MVELECTRO,MV Electrosystems Limited,HRTI PRIVATE LIMITED,BUY,341307,838.3
11-SEP-2026,NSE,bulk_deals,MVELECTRO,MV Electrosystems Limited,JUNOMONETA FINSOL PRIVATE LIMITED,BUY,421142,841.18
11-SEP-2026,NSE,bulk_deals,MVELECTRO,MV Electrosystems Limited,QE SECURITIES LLP,BUY,254253,840.0
11-SEP-2026,NSE,bulk_deals,ORIENTTECH,Orient Technologies Ltd,NK SECURITIES RESEARCH PRIVATE LIMITED,BUY,333687,263.91
11-SEP-2026,NSE,bulk_deals,ORIENTTECH,Orient Technologies Ltd,MICROCURVES TRADING PRIVATE LIMITED,BUY,288372,265.05
11-SEP-2026,NSE,bulk_deals,ORIENTTECH,Orient Technologies Ltd,JUNOMONETA FINSOL PRIVATE LIMITED,BUY,256107,261.89
11-SEP-2026,NSE,bulk_deals,ORIENTTECH,Orient Technologies Ltd,QE SECURITIES LLP,BUY,303420,264.13
11-SEP-2026,NSE,bulk_deals,PCJEWELLER,PC Jeweller Ltd,JUMP TRADING FINANCIAL INDIA PRIVATE LIMITED,BUY,49999371,13.59
11-SEP-2026,NSE,bulk_deals,PINELABS,Pine Labs Limited,HRTI PRIVATE LIMITED,BUY,9508708,191.41
11-SEP-2026,NSE,bulk_deals,PINELABS,Pine Labs Limited,MICROCURVES TRADING PRIVATE LIMITED,BUY,9962599,192.64
11-SEP-2026,NSE,bulk_deals,PINELABS,Pine Labs Limited,JUNOMONETA FINSOL PRIVATE LIMITED,BUY,10272056,191.96
11-SEP-2026,NSE,bulk_deals,PINELABS,Pine Labs Limited,QE SECURITIES LLP,BUY,7461736,189.07
11-SEP-2026,NSE,bulk_deals,QUADFUTURE,Quadrant Future Tek Ltd,NK SECURITIES RESEARCH PRIVATE LIMITED,BUY,326480,487.91
11-SEP-2026,NSE,bulk_deals,QUADFUTURE,Quadrant Future Tek Ltd,QE SECURITIES LLP,BUY,345985,481.05
11-SEP-2026,NSE,bulk_deals,QUADFUTURE,Quadrant Future Tek Ltd,MICROCURVES TRADING PRIVATE LIMITED,BUY,443330,491.84
11-SEP-2026,NSE,bulk_deals,QUADFUTURE,Quadrant Future Tek Ltd,JUNOMONETA FINSOL PRIVATE LIMITED,BUY,524068,487.17
11-SEP-2026,NSE,bulk_deals,QUADFUTURE,Quadrant Future Tek Ltd,HRTI PRIVATE LIMITED,BUY,349601,482.64
11-SEP-2026,NSE,bulk_deals,QUALIANCE,Qualiance International L,SANJAY POPATLAL JAIN,BUY,70000,224.9
11-SEP-2026,NSE,bulk_deals,QUALIANCE,Qualiance International L,NEO APEX SHARE BROKING SERVICES LLP,BUY,70000,222.78
11-SEP-2026,NSE,bulk_deals,RATNAVEER,Ratnaveer Precision Eng L,ARIHANT CAPITAL MARKETS LIMITED,BUY,1141004,291.69
11-SEP-2026,NSE,bulk_deals,RAYMOND,Raymond Ltd.,MICROCURVES TRADING PRIVATE LIMITED,BUY,735354,967.82
11-SEP-2026,NSE,bulk_deals,RAYMOND,Raymond Ltd.,JUNOMONETA FINSOL PRIVATE LIMITED,BUY,505941,955.77
11-SEP-2026,NSE,bulk_deals,RAYMOND,Raymond Ltd.,GRAVITON RESEARCH CAPITAL LLP,BUY,350260,918.02
11-SEP-2026,NSE,bulk_deals,RAYMOND,Raymond Ltd.,NK SECURITIES RESEARCH PRIVATE LIMITED,BUY,346760,981.09
11-SEP-2026,NSE,bulk_deals,RAYMOND,Raymond Ltd.,HRTI PRIVATE LIMITED,BUY,1071709,968.14
11-SEP-2026,NSE,bulk_deals,RAYMOND,Raymond Ltd.,QE SECURITIES LLP,BUY,623925,942.98
11-SEP-2026,NSE,bulk_deals,RFBL,RFBL Flexi Pack Limited,MADHAV ENTERPRISE,BUY,120000,93.2
11-SEP-2026,NSE,bulk_deals,RFBL,RFBL Flexi Pack Limited,VAXFAB ENTERPRISES LIMITED,BUY,174000,91.51
11-SEP-2026,NSE,bulk_deals,SHANKESH,Shankesh Jewellers Ltd,SILVERLEAF CAPITAL SERVICES PRIVATE LIMITED,BUY,918330,108.42
11-SEP-2026,NSE,bulk_deals,SHANKESH,Shankesh Jewellers Ltd,IRAGE BROKING SERVICES LLP,BUY,891258,108.14
11-SEP-2026,NSE,bulk_deals,SHANKESH,Shankesh Jewellers Ltd,MICROCURVES TRADING PRIVATE LIMITED,BUY,1366268,107.84
11-SEP-2026,NSE,bulk_deals,SHANKESH,Shankesh Jewellers Ltd,JUNOMONETA FINSOL PRIVATE LIMITED,BUY,1991157,107.12
11-SEP-2026,NSE,bulk_deals,SHANKESH,Shankesh Jewellers Ltd,HRTI PRIVATE LIMITED,BUY,1478432,104.79
11-SEP-2026,NSE,bulk_deals,SHANKESH,Shankesh Jewellers Ltd,QE SECURITIES LLP,BUY,2932019,106.34
11-SEP-2026,NSE,bulk_deals,SHANKESH,Shankesh Jewellers Ltd,ALPHAGREP SECURITIES PRIVATE LIMITED,BUY,1578053,107.9
11-SEP-2026,NSE,bulk_deals,SHANKESH,Shankesh Jewellers Ltd,PRARAMBH SECURITIES PVT. LTD.,BUY,1000000,103.0
11-SEP-2026,NSE,bulk_deals,SHANKESH,Shankesh Jewellers Ltd,NK SECURITIES RESEARCH PRIVATE LIMITED,BUY,1799129,107.32
11-SEP-2026,NSE,bulk_deals,SHAREINDIA,Share Ind. Securities Ltd,JUNOMONETA FINSOL PRIVATE LIMITED,BUY,1197935,198.74
11-SEP-2026,NSE,bulk_deals,SILKY,Silky Overseas Limited,BRIGHTFUL COMMERCIAL PRIVATE LIMITED,BUY,108000,68.76
11-SEP-2026,NSE,bulk_deals,SMSPHARMA,SMS Pharmaceuticals Limit,MICROCURVES TRADING PRIVATE LIMITED,BUY,546684,454.34
11-SEP-2026,NSE,bulk_deals,SUBEXLTD,Subex Ltd,YUGA STOCKS AND COMMODITIES PRIVATE LIMITED,BUY,541948,20.4
11-SEP-2026,NSE,bulk_deals,SUNSHINE,Sunshine Pictures Limited,MATHISYS QUANTCAP LLP,BUY,187023,451.84
11-SEP-2026,NSE,bulk_deals,SUNSHINE,Sunshine Pictures Limited,QE SECURITIES LLP,BUY,382779,459.54
11-SEP-2026,NSE,bulk_deals,SUNSHINE,Sunshine Pictures Limited,JUNOMONETA FINSOL PRIVATE LIMITED,BUY,212268,469.57
11-SEP-2026,NSE,bulk_deals,SUNSHINE,Sunshine Pictures Limited,ARIHANT CAPITAL MARKETS LIMITED,BUY,66953,466.31
11-SEP-2026,NSE,bulk_deals,SUNSHINE,Sunshine Pictures Limited,JUMP TRADING FINANCIAL INDIA PRIVATE LIMITED,BUY,196031,486.77
11-SEP-2026,NSE,bulk_deals,TECHNOCRAF,Technocraft Ventures Ltd,QE SECURITIES LLP,BUY,226373,444.08
11-SEP-2026,NSE,bulk_deals,TECHNOCRAF,Technocraft Ventures Ltd,HRTI PRIVATE LIMITED,BUY,194454,443.25
11-SEP-2026,NSE,bulk_deals,UGARSUGAR,The Ugar Sugar Works Ltd,SILVERLEAF CAPITAL SERVICES PRIVATE LIMITED,BUY,786384,56.45
11-SEP-2026,NSE,bulk_deals,UGARSUGAR,The Ugar Sugar Works Ltd,JUNOMONETA FINSOL PRIVATE LIMITED,BUY,586382,56.27
11-SEP-2026,NSE,bulk_deals,VERTEXPLUS,Vertexplus Technologies L,V JOSHI IMPEX PRIVATE LIMITED,BUY,44400,68.0
11-SEP-2026,NSE,bulk_deals,VGL,VARVEE GLOBAL LIMITED,KAHOR VANRAJSINH DADBHAI,BUY,453298,66.07
11-SEP-2026,NSE,bulk_deals,WESTLIFE,WESTLIFE FOODWORLD LTD,SBI MUTUAL FUND,BUY,4000000,569.6
11-SEP-2026,NSE,bulk_deals,WESTLIFE,WESTLIFE FOODWORLD LTD,SBI MUTUAL FUND,BUY,2980072,569.6
11-SEP-2026,NSE,bulk_deals,AEROPLANE,Amir Chand Jag Kum (E) L,DEALMONEY COMMODITIES PRIVATE LIMITED,SELL,1317680,200.62
11-SEP-2026,NSE,bulk_deals,AEROPLANE,Amir Chand Jag Kum (E) L,MOHAMED IRFAN MOHAMED LATIF SHAIKH,SELL,1300000,200.47
11-SEP-2026,NSE,bulk_deals,AEROPLANE,Amir Chand Jag Kum (E) L,DEVARAJULU SATHYAMOORTHI,SELL,550000,198.86
11-SEP-2026,NSE,bulk_deals,AHCL,Anlon Healthcare Limited,SILVERLEAF CAPITAL SERVICES PRIVATE LIMITED,SELL,3025703,19.05
11-SEP-2026,NSE,bulk_deals,AHCL,Anlon Healthcare Limited,MICROCURVES TRADING PRIVATE LIMITED,SELL,3714332,19.06
11-SEP-2026,NSE,bulk_deals,AHCL,Anlon Healthcare Limited,NK SECURITIES RESEARCH PRIVATE LIMITED,SELL,3017457,19.17
11-SEP-2026,NSE,bulk_deals,AHCL,Anlon Healthcare Limited,HRTI PRIVATE LIMITED,SELL,3320487,19.07
11-SEP-2026,NSE,bulk_deals,AHCL,Anlon Healthcare Limited,JUNOMONETA FINSOL PRIVATE LIMITED,SELL,9066337,19.15
11-SEP-2026,NSE,bulk_deals,AHCL,Anlon Healthcare Limited,QE SECURITIES LLP,SELL,5104129,18.99
11-SEP-2026,NSE,bulk_deals,AHCL,Anlon Healthcare Limited,ALPHAGREP SECURITIES PRIVATE LIMITED,SELL,8435069,19.03
11-SEP-2026,NSE,bulk_deals,ANTELOPUS,Antelopus Selan Enrgy Ltd,JUNOMONETA FINSOL PRIVATE LIMITED,SELL,298266,1149.45
11-SEP-2026,NSE,bulk_deals,ANTELOPUS,Antelopus Selan Enrgy Ltd,HRTI PRIVATE LIMITED,SELL,393032,1154.31
11-SEP-2026,NSE,bulk_deals,ANTELOPUS,Antelopus Selan Enrgy Ltd,QE SECURITIES LLP,SELL,271157,1151.44
11-SEP-2026,NSE,bulk_deals,ANTELOPUS,Antelopus Selan Enrgy Ltd,NK SECURITIES RESEARCH PRIVATE LIMITED,SELL,176364,1152.93
11-SEP-2026,NSE,bulk_deals,ASHOKAMET,Ashoka Metcast Limited,AMRITA JAIN,SELL,265000,17.15
11-SEP-2026,NSE,bulk_deals,AWFIS,Awfis Space Solutions Ltd,QE SECURITIES LLP,SELL,533070,281.57
11-SEP-2026,NSE,bulk_deals,AWFIS,Awfis Space Solutions Ltd,NK SECURITIES RESEARCH PRIVATE LIMITED,SELL,663418,284.03
11-SEP-2026,NSE,bulk_deals,AWFIS,Awfis Space Solutions Ltd,JUNOMONETA FINSOL PRIVATE LIMITED,SELL,1496429,283.37
11-SEP-2026,NSE,bulk_deals,AWFIS,Awfis Space Solutions Ltd,IRAGE BROKING SERVICES LLP,SELL,304197,281.91
11-SEP-2026,NSE,bulk_deals,AWFIS,Awfis Space Solutions Ltd,MICROCURVES TRADING PRIVATE LIMITED,SELL,973727,283.81
11-SEP-2026,NSE,bulk_deals,AWFIS,Awfis Space Solutions Ltd,VINSUL MAKARDI LTD,SELL,380106,285.25
11-SEP-2026,NSE,bulk_deals,BANG,Bang Overseas Limited,RIMPY MITTAL,SELL,108159,35.15
11-SEP-2026,NSE,bulk_deals,BLACKBUCK,BLACKBUCK LIMITED,ACCEL INDIA IV (MAURITIUS) LIMITED,SELL,2700000,576.05
11-SEP-2026,NSE,bulk_deals,BODALCHEM,Bodal Chemicals Ltd,NEO APEX SHARE BROKING SERVICES LLP,SELL,1074170,160.17
11-SEP-2026,NSE,bulk_deals,ELECTHERM,Electrotherm (India) Ltd,8 SQUARE CAPITAL,SELL,215725,951.82
11-SEP-2026,NSE,bulk_deals,FASCINATE,Fascinate Textiles Ltd,NEO APEX SHARE BROKING SERVICES LLP,SELL,72800,53.15
11-SEP-2026,NSE,bulk_deals,FASCINATE,Fascinate Textiles Ltd,ZAMAIRA DEVELOPERS LLP,SELL,137600,53.15
11-SEP-2026,NSE,bulk_deals,FASCINATE,Fascinate Textiles Ltd,KANODIA STOCK BROKING PVT.LTD.,SELL,85600,53.15
11-SEP-2026,NSE,bulk_deals,FILATEX,Filatex India Ltd,JUNOMONETA FINSOL PRIVATE LIMITED,SELL,2512573,84.64
11-SEP-2026,NSE,bulk_deals,GCSL,Gretex Corporate Services,MOHAMED IRFAN MOHAMED LATIF SHAIKH,SELL,515078,600.49
11-SEP-2026,NSE,bulk_deals,GRANULES,Granules India Limited,KRISHNA PRASAD CHIGURUPATI,SELL,13295129,872.5
11-SEP-2026,NSE,bulk_deals,GRANULES,Granules India Limited,KRISHNA PRASAD CHIGURUPATI,SELL,3904871,892.84
11-SEP-2026,NSE,bulk_deals,INDOTHAI,Indo Thai Sec Ltd,NEO APEX SHARE BROKING SERVICES LLP,SELL,1601275,45.49
11-SEP-2026,NSE,bulk_deals,INDOTHAI,Indo Thai Sec Ltd,BONANZA PORTFOLIO LTD,SELL,1157923,43.68
11-SEP-2026,NSE,bulk_deals,INDOTHAI,Indo Thai Sec Ltd,ARIHANT CAPITAL MARKETS LIMITED,SELL,891517,44.99
11-SEP-2026,NSE,bulk_deals,INDOTHAI,Indo Thai Sec Ltd,PRIJAL TRADEFIN LLP,SELL,810863,43.41
11-SEP-2026,NSE,bulk_deals,INDOTHAI,Indo Thai Sec Ltd,ASHWIN STOCKS AND INVESTMENT PRIVATE LIMITED,SELL,674003,42.21
11-SEP-2026,NSE,bulk_deals,INDOTHAI,Indo Thai Sec Ltd,MANSI SHARE AND STOCK BROKING PRIVATE LIMITED,SELL,1380703,44.54
11-SEP-2026,NSE,bulk_deals,INDOTHAI,Indo Thai Sec Ltd,ANKITA VISHAL SHAH,SELL,922269,44.19
11-SEP-2026,NSE,bulk_deals,JAMNAAUTO,Jamna Auto Ind Ltd,RANDEEP SINGH JAUHAR,SELL,9995000,128.0
11-SEP-2026,NSE,bulk_deals,JAMNAAUTO,Jamna Auto Ind Ltd,PRADEEP SINGH JAUHAR,SELL,9995000,128.0
11-SEP-2026,NSE,bulk_deals,LAMOSAIC,Lamosaic India Limited,DHARA VIRAL MEHTA,SELL,60000,53.1
11-SEP-2026,NSE,bulk_deals,LUMINO,Lumino Industries Limited,JUNOMONETA FINSOL PRIVATE LIMITED,SELL,1739058,108.61
11-SEP-2026,NSE,bulk_deals,MOBIKWIK,One Mobikwik Systems Ltd,HRTI PRIVATE LIMITED,SELL,428921,209.86
11-SEP-2026,NSE,bulk_deals,MOBIKWIK,One Mobikwik Systems Ltd,MICROCURVES TRADING PRIVATE LIMITED,SELL,753520,213.09
11-SEP-2026,NSE,bulk_deals,MOBIKWIK,One Mobikwik Systems Ltd,QE SECURITIES LLP,SELL,528959,209.32
11-SEP-2026,NSE,bulk_deals,MOBIKWIK,One Mobikwik Systems Ltd,MUSIGMA SECURITIES,SELL,572504,212.91
11-SEP-2026,NSE,bulk_deals,MOBIKWIK,One Mobikwik Systems Ltd,JUNOMONETA FINSOL PRIVATE LIMITED,SELL,665683,211.45
11-SEP-2026,NSE,bulk_deals,MOLBIO,Molbio Diagnostics Ltd,QE SECURITIES LLP,SELL,1188458,1552.02
11-SEP-2026,NSE,bulk_deals,MOLBIO,Molbio Diagnostics Ltd,JUNOMONETA FINSOL PRIVATE LIMITED,SELL,1228332,1566.94
11-SEP-2026,NSE,bulk_deals,MOLBIO,Molbio Diagnostics Ltd,HRTI PRIVATE LIMITED,SELL,601018,1547.45
11-SEP-2026,NSE,bulk_deals,MOLBIO,Molbio Diagnostics Ltd,MICROCURVES TRADING PRIVATE LIMITED,SELL,753493,1545.88
11-SEP-2026,NSE,bulk_deals,MPEL-RE,Manas Poly n Energ Ltd,FALGUNI AGRAWAL,SELL,80000,2.0
11-SEP-2026,NSE,bulk_deals,MPEL-RE,Manas Poly n Energ Ltd,KABRA  PRIYA,SELL,83200,2.06
11-SEP-2026,NSE,bulk_deals,MVELECTRO,MV Electrosystems Limited,HRTI PRIVATE LIMITED,SELL,325005,843.36
11-SEP-2026,NSE,bulk_deals,MVELECTRO,MV Electrosystems Limited,QE SECURITIES LLP,SELL,252233,844.39
11-SEP-2026,NSE,bulk_deals,MVELECTRO,MV Electrosystems Limited,JUNOMONETA FINSOL PRIVATE LIMITED,SELL,420201,841.84
11-SEP-2026,NSE,bulk_deals,NRBBEARING,NRB Bearings Limited,TRILOCHAN SINGH SAHNEY TRUST 1,SELL,500000,505.0
11-SEP-2026,NSE,bulk_deals,ORIENTTECH,Orient Technologies Ltd,JUNOMONETA FINSOL PRIVATE LIMITED,SELL,254761,262.09
11-SEP-2026,NSE,bulk_deals,ORIENTTECH,Orient Technologies Ltd,QE SECURITIES LLP,SELL,303152,260.44
11-SEP-2026,NSE,bulk_deals,ORIENTTECH,Orient Technologies Ltd,NK SECURITIES RESEARCH PRIVATE LIMITED,SELL,333687,264.1
11-SEP-2026,NSE,bulk_deals,ORIENTTECH,Orient Technologies Ltd,MICROCURVES TRADING PRIVATE LIMITED,SELL,288372,265.16
11-SEP-2026,NSE,bulk_deals,PCJEWELLER,PC Jeweller Ltd,JUMP TRADING FINANCIAL INDIA PRIVATE LIMITED,SELL,49156617,13.57
11-SEP-2026,NSE,bulk_deals,PINELABS,Pine Labs Limited,QE SECURITIES LLP,SELL,7712197,191.29
11-SEP-2026,NSE,bulk_deals,PINELABS,Pine Labs Limited,MICROCURVES TRADING PRIVATE LIMITED,SELL,9962599,192.72
11-SEP-2026,NSE,bulk_deals,PINELABS,Pine Labs Limited,HRTI PRIVATE LIMITED,SELL,8307520,192.84
11-SEP-2026,NSE,bulk_deals,PINELABS,Pine Labs Limited,JUNOMONETA FINSOL PRIVATE LIMITED,SELL,10204601,192.07
11-SEP-2026,NSE,bulk_deals,QUADFUTURE,Quadrant Future Tek Ltd,HRTI PRIVATE LIMITED,SELL,339306,481.66
11-SEP-2026,NSE,bulk_deals,QUADFUTURE,Quadrant Future Tek Ltd,JUNOMONETA FINSOL PRIVATE LIMITED,SELL,537529,487.39
11-SEP-2026,NSE,bulk_deals,QUADFUTURE,Quadrant Future Tek Ltd,QE SECURITIES LLP,SELL,370857,480.26
11-SEP-2026,NSE,bulk_deals,QUADFUTURE,Quadrant Future Tek Ltd,NK SECURITIES RESEARCH PRIVATE LIMITED,SELL,326480,488.04
11-SEP-2026,NSE,bulk_deals,QUADFUTURE,Quadrant Future Tek Ltd,MICROCURVES TRADING PRIVATE LIMITED,SELL,443330,492.0
11-SEP-2026,NSE,bulk_deals,RATNAVEER,Ratnaveer Precision Eng L,THAKKAR NILESHKUMAR FARSHURAM HUF,SELL,800000,290.04
11-SEP-2026,NSE,bulk_deals,RAYMOND,Raymond Ltd.,JUNOMONETA FINSOL PRIVATE LIMITED,SELL,475979,956.49
11-SEP-2026,NSE,bulk_deals,RAYMOND,Raymond Ltd.,MICROCURVES TRADING PRIVATE LIMITED,SELL,735242,968.21
11-SEP-2026,NSE,bulk_deals,RAYMOND,Raymond Ltd.,QE SECURITIES LLP,SELL,637629,948.4
11-SEP-2026,NSE,bulk_deals,RAYMOND,Raymond Ltd.,NK SECURITIES RESEARCH PRIVATE LIMITED,SELL,346760,981.63
11-SEP-2026,NSE,bulk_deals,RAYMOND,Raymond Ltd.,GRAVITON RESEARCH CAPITAL LLP,SELL,350260,916.21
11-SEP-2026,NSE,bulk_deals,RAYMOND,Raymond Ltd.,HRTI PRIVATE LIMITED,SELL,1121466,960.47
11-SEP-2026,NSE,bulk_deals,RFBL,RFBL Flexi Pack Limited,RATHOD DIGVIJAYSINH RAJENDRASINH,SELL,474000,92.48
11-SEP-2026,NSE,bulk_deals,SHANKESH,Shankesh Jewellers Ltd,HRTI PRIVATE LIMITED,SELL,1351271,105.42
11-SEP-2026,NSE,bulk_deals,SHANKESH,Shankesh Jewellers Ltd,QE SECURITIES LLP,SELL,2823884,105.16
11-SEP-2026,NSE,bulk_deals,SHANKESH,Shankesh Jewellers Ltd,JUNOMONETA FINSOL PRIVATE LIMITED,SELL,1979727,107.14
11-SEP-2026,NSE,bulk_deals,SHANKESH,Shankesh Jewellers Ltd,IRAGE BROKING SERVICES LLP,SELL,667508,107.34
11-SEP-2026,NSE,bulk_deals,SHANKESH,Shankesh Jewellers Ltd,ALPHAGREP SECURITIES PRIVATE LIMITED,SELL,1578053,107.13
11-SEP-2026,NSE,bulk_deals,SHANKESH,Shankesh Jewellers Ltd,PRARAMBH SECURITIES PVT. LTD.,SELL,1640000,107.78
11-SEP-2026,NSE,bulk_deals,SHANKESH,Shankesh Jewellers Ltd,NK SECURITIES RESEARCH PRIVATE LIMITED,SELL,1799129,107.38
11-SEP-2026,NSE,bulk_deals,SHANKESH,Shankesh Jewellers Ltd,MICROCURVES TRADING PRIVATE LIMITED,SELL,1366268,107.63
11-SEP-2026,NSE,bulk_deals,SHANKESH,Shankesh Jewellers Ltd,NIRAJ RAJNIKANT SHAH,SELL,1367692,103.45
11-SEP-2026,NSE,bulk_deals,SHANKESH,Shankesh Jewellers Ltd,SILVERLEAF CAPITAL SERVICES PRIVATE LIMITED,SELL,918330,108.5
11-SEP-2026,NSE,bulk_deals,SHAREINDIA,Share Ind. Securities Ltd,JUNOMONETA FINSOL PRIVATE LIMITED,SELL,1201166,198.85
11-SEP-2026,NSE,bulk_deals,SHEKHAWATI,Shekhawati Industries Ltd,AMAX NETWORK PVT LTD,SELL,200000,19.37
11-SEP-2026,NSE,bulk_deals,SILKY,Silky Overseas Limited,VINCENT COMMERCIAL COMPANY LIMITED,SELL,108000,68.76
11-SEP-2026,NSE,bulk_deals,SMSPHARMA,SMS Pharmaceuticals Limit,MICROCURVES TRADING PRIVATE LIMITED,SELL,546684,454.45
11-SEP-2026,NSE,bulk_deals,SUBEXLTD,Subex Ltd,YUGA STOCKS AND COMMODITIES PRIVATE LIMITED,SELL,3612845,20.02
11-SEP-2026,NSE,bulk_deals,SUNSHINE,Sunshine Pictures Limited,QE SECURITIES LLP,SELL,151631,443.18
11-SEP-2026,NSE,bulk_deals,SUNSHINE,Sunshine Pictures Limited,MATHISYS QUANTCAP LLP,SELL,148756,450.68
11-SEP-2026,NSE,bulk_deals,SUNSHINE,Sunshine Pictures Limited,JUMP TRADING FINANCIAL INDIA PRIVATE LIMITED,SELL,38741,458.93
11-SEP-2026,NSE,bulk_deals,SUNSHINE,Sunshine Pictures Limited,JUNOMONETA FINSOL PRIVATE LIMITED,SELL,87797,444.73
11-SEP-2026,NSE,bulk_deals,SUNSHINE,Sunshine Pictures Limited,NIRMALKUMAR PAREEK,SELL,171583,429.61
11-SEP-2026,NSE,bulk_deals,SUNSHINE,Sunshine Pictures Limited,ARIHANT CAPITAL MARKETS LIMITED,SELL,671470,490.53
11-SEP-2026,NSE,bulk_deals,TECHNOCRAF,Technocraft Ventures Ltd,HRTI PRIVATE LIMITED,SELL,209995,443.38
11-SEP-2026,NSE,bulk_deals,TECHNOCRAF,Technocraft Ventures Ltd,QE SECURITIES LLP,SELL,216272,443.86
11-SEP-2026,NSE,bulk_deals,UGARSUGAR,The Ugar Sugar Works Ltd,JUNOMONETA FINSOL PRIVATE LIMITED,SELL,595091,56.3
11-SEP-2026,NSE,bulk_deals,UGARSUGAR,The Ugar Sugar Works Ltd,SILVERLEAF CAPITAL SERVICES PRIVATE LIMITED,SELL,786384,56.31
11-SEP-2026,NSE,bulk_deals,VERTEXPLUS,Vertexplus Technologies L,SWARN LATA,SELL,44400,68.0
11-SEP-2026,NSE,bulk_deals,VGL,VARVEE GLOBAL LIMITED,KAHOR VANRAJSINH DADBHAI,SELL,391862,66.31
11-SEP-2026,NSE,bulk_deals,WESTLIFE,WESTLIFE FOODWORLD LTD,SBI MUTUAL FUND,SELL,3033125,569.6
11-SEP-2026,NSE,bulk_deals,WESTLIFE,WESTLIFE FOODWORLD LTD,SBI MUTUAL FUND,SELL,4000000,569.6
11-SEP-2026,NSE,block_deals,BLACKBUCK,BLACKBUCK LIMITED,ABAKKUS INVESTMENT MANAGERS PRIVATE LIMITED,BUY,600000,576.05
11-SEP-2026,NSE,block_deals,BLACKBUCK,BLACKBUCK LIMITED,ABAKKUS INVESTMENT MANAGERS PRIVATE LIMITED,BUY,2100000,576.05
11-SEP-2026,NSE,block_deals,GRANULES,Granules India Limited,KOTAK MAHINDRA LIFE INSURANCE COMPANY LIMITED,BUY,1154316,872.5
11-SEP-2026,NSE,block_deals,GRANULES,Granules India Limited,JAGDISH NARESH MASTER,BUY,300000,872.5
11-SEP-2026,NSE,block_deals,GRANULES,Granules India Limited,MYRAA VARUN RAHEJA,BUY,687679,872.5
11-SEP-2026,NSE,block_deals,GRANULES,Granules India Limited,SUNDARAM MUTUAL FUND,BUY,573065,872.5
11-SEP-2026,NSE,block_deals,GRANULES,Granules India Limited,SMALLCAP WORLD FUND INC,BUY,3474080,872.5
11-SEP-2026,NSE,block_deals,GRANULES,Granules India Limited,360 ONE PIPE FUND,BUY,286535,872.5
11-SEP-2026,NSE,block_deals,GRANULES,Granules India Limited,ADITYA BIRLA SUN LIFE MUTUAL FUND,BUY,573065,872.5
11-SEP-2026,NSE,block_deals,GRANULES,Granules India Limited,AMERICAN FDS DEVELOPING WORLD GROWTH AND INCOME FUND,BUY,320926,872.5
11-SEP-2026,NSE,block_deals,GRANULES,Granules India Limited,AMERICAN FUNDS INSURANCE SERIES GLOBAL SMALL CAPITALIZATION FUND,BUY,91594,872.5
11-SEP-2026,NSE,block_deals,GRANULES,Granules India Limited,BNP PARIBAS FINANCIAL MARKETS,BUY,1318051,872.5
11-SEP-2026,NSE,block_deals,GRANULES,Granules India Limited,BUOYANT OPPORTUNITIES STRATEGY-III,BUY,286535,872.5
11-SEP-2026,NSE,block_deals,GRANULES,Granules India Limited,CAPITAL GROUP EMERGING MARKETS EQUITY COLLECTIVE TRUST US,BUY,127239,872.5
11-SEP-2026,NSE,block_deals,GRANULES,Granules India Limited,CAPITAL GROUP EMERGING MARKETS GROWTH COLLECTIVE TRUST (US),BUY,18728,872.5
11-SEP-2026,NSE,block_deals,GRANULES,Granules India Limited,CAPITAL INTERNATIONAL EMERGING MARKETS FUND,BUY,34085,872.5
11-SEP-2026,NSE,block_deals,GRANULES,Granules India Limited,CLARUS CAPITAL 1,BUY,859600,872.5
11-SEP-2026,NSE,block_deals,GRANULES,Granules India Limited,EDELWEISS MUTUAL FUND,BUY,458452,872.5
11-SEP-2026,NSE,block_deals,GRANULES,Granules India Limited,EMERGING MARKETS EQUITY FUND,BUY,312796,872.5
11-SEP-2026,NSE,block_deals,GRANULES,Granules India Limited,EMERGING MARKETS GROWTH FUND INC,BUY,72360,872.5
11-SEP-2026,NSE,block_deals,GRANULES,Granules India Limited,FLORIDA RETIREMENT SYSTEM,BUY,416692,872.5
11-SEP-2026,NSE,block_deals,GRANULES,Granules India Limited,GOLDMAN SACHS BANK EUROPE SE,BUY,1173916,872.5
11-SEP-2026,NSE,block_deals,GRANULES,Granules India Limited,OPTIMIX WHOLESALE GLOBAL EMERGING MARKETS SHARE TRUST,BUY,182350,872.5
11-SEP-2026,NSE,block_deals,GRANULES,Granules India Limited,SBI LIFE INSURANCE COMPANY LIMITED,BUY,573065,872.5
11-SEP-2026,NSE,block_deals,JAMNAAUTO,Jamna Auto Ind Ltd,DSP MUTUAL FUND,BUY,7812500,128.0
11-SEP-2026,NSE,block_deals,JAMNAAUTO,Jamna Auto Ind Ltd,360 ONE MUTUL FUND,BUY,2573125,128.0
11-SEP-2026,NSE,block_deals,JAMNAAUTO,Jamna Auto Ind Ltd,360 ONE ASSET MANAGEMENT LIMITED,BUY,1953125,128.0
11-SEP-2026,NSE,block_deals,JAMNAAUTO,Jamna Auto Ind Ltd,360 ONE ASSET MANAGEMENT LIMITED,BUY,5468750,128.0
11-SEP-2026,NSE,block_deals,JAMNAAUTO,Jamna Auto Ind Ltd,ABU DHABI INVESTMENT AUTHORITY,BUY,2182500,128.0
11-SEP-2026,NSE,block_deals,LOTUSDEV,Sri Lotus Devlprs N Rty L,MORGAN STANLEY ASIA SINGAPORE PTE,BUY,1500000,201.75
11-SEP-2026,NSE,block_deals,NRBBEARING,NRB Bearings Limited,DT FUND,BUY,227565,505.0
11-SEP-2026,NSE,block_deals,NRBBEARING,NRB Bearings Limited,GP EMERGING MARKETS STRATEGIES LP,BUY,111805,505.0
11-SEP-2026,NSE,block_deals,NRBBEARING,NRB Bearings Limited,UNIVERSITY OF NOTRE DAME DU LAC,BUY,160630,505.0
11-SEP-2026,NSE,block_deals,BLACKBUCK,BLACKBUCK LIMITED,ACCEL INDIA IV (MAURITIUS) LIMITED,SELL,2700000,576.05
11-SEP-2026,NSE,block_deals,GRANULES,Granules India Limited,KRISHNA PRASAD CHIGURUPATI,SELL,13295129,872.5
11-SEP-2026,NSE,block_deals,JAMNAAUTO,Jamna Auto Ind Ltd,RANDEEP SINGH JAUHAR,SELL,9995000,128.0
11-SEP-2026,NSE,block_deals,JAMNAAUTO,Jamna Auto Ind Ltd,PRADEEP SINGH JAUHAR,SELL,9995000,128.0
11-SEP-2026,NSE,block_deals,LOTUSDEV,Sri Lotus Devlprs N Rty L,MOHAMED IRFAN MOHAMED LATIF SHAIKH,SELL,1500000,201.75
11-SEP-2026,NSE,block_deals,NRBBEARING,NRB Bearings Limited,TRILOCHAN SINGH SAHNEY TRUST 1,SELL,500000,505.0
11/09/2026,BSE,bulk,538539,ANVRDHI,MEET MUKESHBHAI FOFANI,B,100000.0,10.76
11/09/2026,BSE,bulk,538539,ANVRDHI,AARAV REALITY PRIVATE LIMITED,S,135350.0,10.67
11/09/2026,BSE,bulk,543911,ATALREAL,ALTIZEN VENTURES LLP,S,832442.0,13.76
11/09/2026,BSE,bulk,543911,ATALREAL,NILESH DHIRAJLAL HEMANI,B,750000.0,13.76
11/09/2026,BSE,bulk,532946,BANG,RIMPY  MITTAL,B,40314.0,35.11
11/09/2026,BSE,bulk,532946,BANG,RIMPY  MITTAL,S,70089.0,35.33
11/09/2026,BSE,bulk,512169,CAPRICORN,NAMRATAA  PARTANI,B,207000.0,30.2
11/09/2026,BSE,bulk,512169,CAPRICORN,KRISHNA KUMAR PARTHANI,B,445000.0,30.2
11/09/2026,BSE,bulk,512169,CAPRICORN,OMPRAKASH  PARTANI,B,452000.0,30.2
11/09/2026,BSE,bulk,512169,CAPRICORN,POONAM  PARTANI,B,451700.0,30.2
11/09/2026,BSE,bulk,512169,CAPRICORN,HEMANTH REDDY DANDEM,S,1300000.0,30.2
11/09/2026,BSE,bulk,512169,CAPRICORN,SUSHMA JAKKU,S,300000.0,30.2
11/09/2026,BSE,bulk,512169,CAPRICORN,BHANU PRAKASH VEMESHETTY,S,420000.0,30.2
11/09/2026,BSE,bulk,512169,CAPRICORN,MULTIPLIER SHARE & STOCK ADVISORS PRIVATE LIMITED,B,175000.0,30.2
11/09/2026,BSE,bulk,512169,CAPRICORN,NEO APEX SHARE BROKING SERVICES LLP,B,152422.0,30.2
11/09/2026,BSE,bulk,531913,CASTORA,VANRAJ DADBHAI KAHOR,B,43366.0,13.33
11/09/2026,BSE,bulk,540310,CFL,KAILASH DHANUKA HUF,S,31972.0,69.45
11/09/2026,BSE,bulk,538868,CSL,AKASH SARAOGI,B,136753.0,24.79
11/09/2026,BSE,bulk,538868,CSL,AKASH SARAOGI,S,224256.0,24.8
11/09/2026,BSE,bulk,544884,DHANWEL,GIRIRAJ STOCK BROKING PRIVATE LIMITED,S,73200.0,39.85
11/09/2026,BSE,bulk,539455,ECOFINITY,MAYADEVI KRISHNAAWTAR KABRA,B,66000.0,67.83
11/09/2026,BSE,bulk,531502,ESARIND,PAWAN KUMAR MITTAL,B,111670.0,11.63
11/09/2026,BSE,bulk,531502,ESARIND,PAWAN KUMAR MITTAL,S,111670.0,11.65
11/09/2026,BSE,bulk,540134,IISL,NAYSAA SECURITIES LIMITED,S,41881.0,16.43
11/09/2026,BSE,bulk,539679,KAPILRAJ,SHARE INDIA SECURITIES LIMITED,S,841012.0,2.22
11/09/2026,BSE,bulk,539679,KAPILRAJ,SHARE INDIA SECURITIES LIMITED,B,409535.0,2.18
11/09/2026,BSE,bulk,500240,KINETICENG,JAYASHREE ARUN FIRODIA,S,230000.0,223.4
11/09/2026,BSE,bulk,505797,MPCOSEMB,RITESH KUMAR JAIN,S,130550.0,30.15
11/09/2026,BSE,bulk,505797,MPCOSEMB,PRANITHAKOMARAVOLU,B,25000.0,30.06
11/09/2026,BSE,bulk,505797,MPCOSEMB,BIJAL KISHORCHANDRA MADHANI,B,20000.0,30.15
11/09/2026,BSE,bulk,540254,MTPL,JAGID VANITABEN RAJENDRAPRASAD,B,518144.0,9.5
11/09/2026,BSE,bulk,539521,NAVIGANT,SARTHAK  VIJLANI,S,80000.0,69.28
11/09/2026,BSE,bulk,539521,NAVIGANT,AIKYATA ADVISORY LLP,B,82500.0,69.28
11/09/2026,BSE,bulk,517554,NHCFOODS,TIRUPATI FINCORP LIMITED,B,5500000.0,2.02
11/09/2026,BSE,bulk,517554,NHCFOODS,INVENTURE GROWTH & SECURITIES LTD.,S,5500000.0,2.02
11/09/2026,BSE,bulk,531512,ORIENTTR,USHA SHARMA,S,440125.0,4.22
11/09/2026,BSE,bulk,531512,ORIENTTR,INDERMAL  RAMANI,B,340000.0,4.23
11/09/2026,BSE,bulk,544897,PALUCK,NEO APEX SHARE BROKING SERVICES LLP,S,126000.0,47.68
11/09/2026,BSE,bulk,519299,PRIMIND,MULTIPLIER SHARE & STOCK ADVISORS PRIVATE LIMITED,S,95568.0,43.23
11/09/2026,BSE,bulk,519299,PRIMIND,MULTIPLIER SHARE & STOCK ADVISORS PRIVATE LIMITED,B,195568.0,41.84
11/09/2026,BSE,bulk,519299,PRIMIND,NEO APEX SHARE BROKING SERVICES LLP,B,150000.0,40.01
11/09/2026,BSE,bulk,519299,PRIMIND,HARNEESH KAUR ARORA,S,833500.0,40.04
11/09/2026,BSE,bulk,519299,PRIMIND,RAJINDER KUMAR SINGHANIA,S,1301000.0,40.01
11/09/2026,BSE,bulk,519299,PRIMIND,MASTER TRUST LIMITED,S,107000.0,40.01
11/09/2026,BSE,bulk,519299,PRIMIND,CRESCENT INVESTMENTS,S,254000.0,40.01
11/09/2026,BSE,bulk,519299,PRIMIND,SAINTCO INDIA LLP,S,693000.0,40.01
11/09/2026,BSE,bulk,519299,PRIMIND,PUNEET SINGHANIA,S,584500.0,40.01
11/09/2026,BSE,bulk,519299,PRIMIND,ARORA FINANCIAL SERVICES PRIVATE LIMITED,S,220600.0,40.01
11/09/2026,BSE,bulk,519299,PRIMIND,SKYLINE INDIA LIMITED,B,2009040.0,40.01
11/09/2026,BSE,bulk,519299,PRIMIND,RUNIT EXIM PRIVATE LIMITED,B,1100000.0,40.01
11/09/2026,BSE,bulk,519299,PRIMIND,ABHINAV  GUPTA,B,150000.0,40.01
11/09/2026,BSE,bulk,536659,PVVINFRA,SAI ROSHNI CAPITAL PRIVATE LIMITED,S,715000.0,2.66
11/09/2026,BSE,bulk,544035,SPL,SIMRAN,S,99200.0,22.62
11/09/2026,BSE,bulk,544881,SUNSHINE,ARIHANT CAPITAL MARKETS LIMITED,B,250008.0,407.45
11/09/2026,BSE,bulk,544881,SUNSHINE,ISHANI COMMODITIES  PRIVATE LIMITED,S,198814.0,407.45
11/09/2026,BSE,bulk,506122,VOLKAI,KREON FINNANCIAL SERVICES LIMITED,B,8623.0,160.0
10/09/2026,BSE,block,531281,MARBLE,SALSETT VINIMAY PRIVATE LIMITED,B,2200000.0,117.0
10/09/2026,BSE,block,531281,MARBLE,VPS CONSTRUCTIONS PRIVATE LIMITED,S,2200000.0,117.0
10/09/2026,BSE,block,544386,SPECTRUM,MOTILAL OSWAL MUTUAL FUND,B,115000.0,2651.0
10/09/2026,BSE,block,544386,SPECTRUM,AJAY BHIKAMCHAND JAIN,S,115000.0,2651.0
15-SEP-2026,NSE,bulk_deals,AASTHA,Aastha Spintex Limited,VAXFAB ENTERPRISES LIMITED,BUY,290000,76.72
15-SEP-2026,NSE,bulk_deals,AHCL,Anlon Healthcare Limited,SILVERLEAF CAPITAL SERVICES PRIVATE LIMITED,BUY,4037157,20.63
15-SEP-2026,NSE,bulk_deals,AHCL,Anlon Healthcare Limited,HRTI PRIVATE LIMITED,BUY,7409095,20.49
15-SEP-2026,NSE,bulk_deals,AHCL,Anlon Healthcare Limited,DHARMIK VITHTHALBHAI KAPURIYA,BUY,2711883,20.37
15-SEP-2026,NSE,bulk_deals,AHCL,Anlon Healthcare Limited,QE SECURITIES LLP,BUY,4231886,20.49
15-SEP-2026,NSE,bulk_deals,AHCL,Anlon Healthcare Limited,JUNOMONETA FINSOL PRIVATE LIMITED,BUY,10739308,20.56
15-SEP-2026,NSE,bulk_deals,AHCL,Anlon Healthcare Limited,MICROCURVES TRADING PRIVATE LIMITED,BUY,2672407,20.53
15-SEP-2026,NSE,bulk_deals,AHCL,Anlon Healthcare Limited,NK SECURITIES RESEARCH PRIVATE LIMITED,BUY,6489283,20.56
15-SEP-2026,NSE,bulk_deals,AHCL,Anlon Healthcare Limited,ALPHAGREP SECURITIES PRIVATE LIMITED,BUY,7852476,20.53
15-SEP-2026,NSE,bulk_deals,AQYLON,Aqylon Nexus Limited,JAMMS STOCK BROKERS PRIVATE LIMITED,BUY,1400000,20.68
15-SEP-2026,NSE,bulk_deals,ATALREAL,Atal Realtech Limited,HRTI PRIVATE LIMITED,BUY,1047518,13.78
15-SEP-2026,NSE,bulk_deals,ATALREAL,Atal Realtech Limited,JAYANT WEALTH MANAGEMENT PRIVATE LIMITED,BUY,776000,13.47
15-SEP-2026,NSE,bulk_deals,ATALREAL,Atal Realtech Limited,JAGID VANITABEN RAJENDRAPRASAD,BUY,2734593,13.25
15-SEP-2026,NSE,bulk_deals,ATALREAL,Atal Realtech Limited,OVERSKUD MULTI ASSET MANAGEMENT PRIVATE LIMITED,BUY,801000,12.38
15-SEP-2026,NSE,bulk_deals,CEDAAR,Cedaar Textile Limited,J4S FINANCIAL SOLUTIONS LLP,BUY,72000,12.5
15-SEP-2026,NSE,bulk_deals,DCI,DC Infotech and Comun Ltd,SILVERLEAF CAPITAL SERVICES PRIVATE LIMITED,BUY,295370,272.77
15-SEP-2026,NSE,bulk_deals,DCI,DC Infotech and Comun Ltd,MIT GOPALBHAI SHAH,BUY,130000,265.56
15-SEP-2026,NSE,bulk_deals,DCI,DC Infotech and Comun Ltd,NK SECURITIES RESEARCH PRIVATE LIMITED,BUY,154947,268.95
15-SEP-2026,NSE,bulk_deals,DCI,DC Infotech and Comun Ltd,QICAP MARKETS LLP,BUY,107569,271.46
15-SEP-2026,NSE,bulk_deals,DCI,DC Infotech and Comun Ltd,QE SECURITIES LLP,BUY,122997,269.81
15-SEP-2026,NSE,bulk_deals,DCI,DC Infotech and Comun Ltd,JUNOMONETA FINSOL PRIVATE LIMITED,BUY,186021,272.66
15-SEP-2026,NSE,bulk_deals,DCI,DC Infotech and Comun Ltd,MICROCURVES TRADING PRIVATE LIMITED,BUY,166893,275.23
15-SEP-2026,NSE,bulk_deals,DCI,DC Infotech and Comun Ltd,IRAGE BROKING SERVICES LLP,BUY,75234,274.25
15-SEP-2026,NSE,bulk_deals,E2ERAIL,E To E Trans Infra Ltd,RAMDOOT REALTORS PVT LTD,BUY,117600,371.26
15-SEP-2026,NSE,bulk_deals,E2ERAIL,E To E Trans Infra Ltd,CRONY VYAPAR PVT LTD,BUY,89600,371.92
15-SEP-2026,NSE,bulk_deals,GCSL,Gretex Corporate Services,MANSUKH SECURITIES & FINANCE LIMITED,BUY,152641,598.97
15-SEP-2026,NSE,bulk_deals,GCSL,Gretex Corporate Services,MOHAMED IRFAN MOHAMED LATIF SHAIKH,BUY,630000,600.15
15-SEP-2026,NSE,bulk_deals,GSMFOILS,GSM Foils Limited,HI GROWTH CORPORATE SERVICES PVT LTD,BUY,126000,81.84
15-SEP-2026,NSE,bulk_deals,IGARASHI,Igarashi Motors India Lim,VINSUL MAKARDI LTD,BUY,248395,456.03
15-SEP-2026,NSE,bulk_deals,IGARASHI,Igarashi Motors India Lim,SILVERLEAF CAPITAL SERVICES PRIVATE LIMITED,BUY,287082,456.9
15-SEP-2026,NSE,bulk_deals,IGARASHI,Igarashi Motors India Lim,J4S FINANCIAL SOLUTIONS LLP,BUY,198435,453.55
15-SEP-2026,NSE,bulk_deals,IGARASHI,Igarashi Motors India Lim,MICROCURVES TRADING PRIVATE LIMITED,BUY,1189309,454.65
15-SEP-2026,NSE,bulk_deals,IGARASHI,Igarashi Motors India Lim,IRAGE BROKING SERVICES LLP,BUY,316605,456.52
15-SEP-2026,NSE,bulk_deals,IGARASHI,Igarashi Motors India Lim,JUNOMONETA FINSOL PRIVATE LIMITED,BUY,551991,454.68
15-SEP-2026,NSE,bulk_deals,IGARASHI,Igarashi Motors India Lim,NK SECURITIES RESEARCH PRIVATE LIMITED,BUY,507463,454.59
15-SEP-2026,NSE,bulk_deals,KOPRAN,Kopran Ltd.,J4S FINANCIAL SOLUTIONS LLP,BUY,288721,253.01
15-SEP-2026,NSE,bulk_deals,KOPRAN,Kopran Ltd.,JUNOMONETA FINSOL PRIVATE LIMITED,BUY,799697,253.67
15-SEP-2026,NSE,bulk_deals,KOPRAN,Kopran Ltd.,VINSUL MAKARDI LTD,BUY,254362,253.34
15-SEP-2026,NSE,bulk_deals,KOPRAN,Kopran Ltd.,SILVERLEAF CAPITAL SERVICES PRIVATE LIMITED,BUY,325705,254.31
15-SEP-2026,NSE,bulk_deals,KOPRAN,Kopran Ltd.,MICROCURVES TRADING PRIVATE LIMITED,BUY,983405,253.51
15-SEP-2026,NSE,bulk_deals,KOPRAN,Kopran Ltd.,NK SECURITIES RESEARCH PRIVATE LIMITED,BUY,652568,252.55
15-SEP-2026,NSE,bulk_deals,KOPRAN,Kopran Ltd.,IRAGE BROKING SERVICES LLP,BUY,313785,253.73
15-SEP-2026,NSE,bulk_deals,KSHITIJPOL,Kshitij Polyline Limited,ARDA CONFERENCE PRIVATE LIMITED,BUY,2456516,3.65
15-SEP-2026,NSE,bulk_deals,KSHITIJPOL,Kshitij Polyline Limited,SATISH MEJIYATAR,BUY,2693622,3.58
15-SEP-2026,NSE,bulk_deals,MAGSON,Magson Retail And Dist L,RISING CORPORATION LLP,BUY,96000,180.0
15-SEP-2026,NSE,bulk_deals,MVELECTRO,MV Electrosystems Limited,JUNOMONETA FINSOL PRIVATE LIMITED,BUY,187459,806.44
15-SEP-2026,NSE,bulk_deals,MVELECTRO,MV Electrosystems Limited,HRTI PRIVATE LIMITED,BUY,178263,799.12
15-SEP-2026,NSE,bulk_deals,PRANAV,Pranav Constructions Ltd,ANKITA VISHAL SHAH,BUY,470769,133.44
15-SEP-2026,NSE,bulk_deals,PRANAV,Pranav Constructions Ltd,KRISHNA AWTAR KABRA,BUY,1684327,158.23
15-SEP-2026,NSE,bulk_deals,PRANAV,Pranav Constructions Ltd,NK SECURITIES RESEARCH PRIVATE LIMITED,BUY,1595782,141.15
15-SEP-2026,NSE,bulk_deals,PRANAV,Pranav Constructions Ltd,PURE BROKING PRIVATE LIMITED,BUY,674164,142.55
15-SEP-2026,NSE,bulk_deals,PRANAV,Pranav Constructions Ltd,NEO APEX SHARE BROKING SERVICES LLP,BUY,2600103,132.41
15-SEP-2026,NSE,bulk_deals,PRANAV,Pranav Constructions Ltd,IRAGE BROKING SERVICES LLP,BUY,1518521,142.94
15-SEP-2026,NSE,bulk_deals,PRANAV,Pranav Constructions Ltd,JUNOMONETA FINSOL PRIVATE LIMITED,BUY,686751,139.64
15-SEP-2026,NSE,bulk_deals,PRANAV,Pranav Constructions Ltd,BLITZQUANT RESEARCH LLP,BUY,867860,142.57
15-SEP-2026,NSE,bulk_deals,PRANAV,Pranav Constructions Ltd,MULTIPLIER SHARE & STOCK ADVISORS PRIVATE LIMITED,BUY,1115941,133.41
15-SEP-2026,NSE,bulk_deals,PRANAV,Pranav Constructions Ltd,GRT STRATEGIC VENTURES LLP,BUY,1188431,143.11
15-SEP-2026,NSE,bulk_deals,QUADFUTURE,Quadrant Future Tek Ltd,HRTI PRIVATE LIMITED,BUY,215733,493.7
15-SEP-2026,NSE,bulk_deals,QUADFUTURE,Quadrant Future Tek Ltd,QE SECURITIES LLP,BUY,206360,496.55
15-SEP-2026,NSE,bulk_deals,RATNAVEER,Ratnaveer Precision Eng L,GOLDEN GOENKA MANAGEMENT CONSULTANCY SERVICES LLP,BUY,400000,288.62
15-SEP-2026,NSE,bulk_deals,RATNAVEER,Ratnaveer Precision Eng L,ARTHKUMBH VENTURES LLP,BUY,700200,291.98
15-SEP-2026,NSE,bulk_deals,RATNAVEER,Ratnaveer Precision Eng L,ARIHANT CAPITAL MARKETS LIMITED,BUY,1022002,288.6
15-SEP-2026,NSE,bulk_deals,RATNAVEER,Ratnaveer Precision Eng L,HRTI PRIVATE LIMITED,BUY,268858,288.52
15-SEP-2026,NSE,bulk_deals,RATNAVEER,Ratnaveer Precision Eng L,UNITY ASSOCIATES,BUY,1000000,286.0
15-SEP-2026,NSE,bulk_deals,RAYMOND,Raymond Ltd.,JUNOMONETA FINSOL PRIVATE LIMITED,BUY,993314,1062.71
15-SEP-2026,NSE,bulk_deals,RAYMOND,Raymond Ltd.,MICROCURVES TRADING PRIVATE LIMITED,BUY,1308540,1073.56
15-SEP-2026,NSE,bulk_deals,RAYMOND,Raymond Ltd.,HRTI PRIVATE LIMITED,BUY,1454780,1063.0
15-SEP-2026,NSE,bulk_deals,RAYMOND,Raymond Ltd.,QE SECURITIES LLP,BUY,1031977,1069.6
15-SEP-2026,NSE,bulk_deals,RAYMOND,Raymond Ltd.,GRAVITON RESEARCH CAPITAL LLP,BUY,344036,1078.8
15-SEP-2026,NSE,bulk_deals,RAYMOND,Raymond Ltd.,NK SECURITIES RESEARCH PRIVATE LIMITED,BUY,382758,1064.19
15-SEP-2026,NSE,bulk_deals,RAYMOND,Raymond Ltd.,MUSIGMA SECURITIES,BUY,412877,1068.99
15-SEP-2026,NSE,bulk_deals,RAYMOND,Raymond Ltd.,IRAGE BROKING SERVICES LLP,BUY,494493,1069.19
15-SEP-2026,NSE,bulk_deals,SHANKARA,Shankara Bldg Product Ltd,RAJASTHAN GLOBAL SECURITIES PVT LTD,BUY,332212,149.79
15-SEP-2026,NSE,bulk_deals,SILGO,Silgo Retail Limited,NITIN JAIN,BUY,200000,70.05
15-SEP-2026,NSE,bulk_deals,SONUINFRA,Sonu Infratech Limited,THAKOR NAYANA CHANDUBHAI,BUY,130500,50.01
15-SEP-2026,NSE,bulk_deals,SUBEXLTD,Subex Ltd,HRTI PRIVATE LIMITED,BUY,3177870,21.1
15-SEP-2026,NSE,bulk_deals,SUNSHINE,Sunshine Pictures Limited,JUMP TRADING FINANCIAL INDIA PRIVATE LIMITED,BUY,150864,372.61
15-SEP-2026,NSE,bulk_deals,SUNSHINE,Sunshine Pictures Limited,HRTI PRIVATE LIMITED,BUY,467615,368.0
15-SEP-2026,NSE,bulk_deals,SUNSHINE,Sunshine Pictures Limited,MATHISYS QUANTCAP LLP,BUY,317633,374.74
15-SEP-2026,NSE,bulk_deals,SUNSHINE,Sunshine Pictures Limited,JUNOMONETA FINSOL PRIVATE LIMITED,BUY,248480,370.2
15-SEP-2026,NSE,bulk_deals,SUNSHINE,Sunshine Pictures Limited,ARIHANT CAPITAL MARKETS LIMITED,BUY,1604667,372.9
15-SEP-2026,NSE,bulk_deals,SUNSHINE,Sunshine Pictures Limited,QE SECURITIES LLP,BUY,332653,368.78
15-SEP-2026,NSE,bulk_deals,VCL,Vaxtex Cotfab Limited,ZEAL GLOBAL OPPORTUNITIES FUND,BUY,4279125,1.6
15-SEP-2026,NSE,bulk_deals,VCL,Vaxtex Cotfab Limited,ZEAL GLOBAL OPPORTUNITIES FUND,BUY,2600000,1.57
15-SEP-2026,NSE,bulk_deals,WELENT,Welspun Enterprises Ltd,FIDELITY SECURITIES FUND FIDELITY BLUE CHIP GROWTH FUND,BUY,1923600,765.0
15-SEP-2026,NSE,bulk_deals,WELENT,Welspun Enterprises Ltd,AUTHUM INVESTMENT & INFRASTRUCTURE LIMITED,BUY,97500,740.99
15-SEP-2026,NSE,bulk_deals,XTRANET,Xtranet Technologies Ltd,HRTI PRIVATE LIMITED,BUY,296751,279.25
15-SEP-2026,NSE,bulk_deals,ZENSARTECH,Zensar Technologies -Depo,JUNOMONETA FINSOL PRIVATE LIMITED,BUY,1596460,462.43
15-SEP-2026,NSE,bulk_deals,ZENSARTECH,Zensar Technologies -Depo,QE SECURITIES LLP,BUY,1404796,462.19
15-SEP-2026,NSE,bulk_deals,ZENSARTECH,Zensar Technologies -Depo,MICROCURVES TRADING PRIVATE LIMITED,BUY,2866054,463.64
15-SEP-2026,NSE,bulk_deals,ZENSARTECH,Zensar Technologies -Depo,GRAVITON RESEARCH CAPITAL LLP,BUY,1151493,463.01
15-SEP-2026,NSE,bulk_deals,ZENSARTECH,Zensar Technologies -Depo,ALPHAGREP SECURITIES PRIVATE LIMITED,BUY,1302261,461.69
15-SEP-2026,NSE,bulk_deals,AAATECH,AAA Technologies Limited,NOVA GLOBAL OPPORTUNITIES FUND PCC - TOUCHSTONE,SELL,149000,92.3
15-SEP-2026,NSE,bulk_deals,AHCL,Anlon Healthcare Limited,MICROCURVES TRADING PRIVATE LIMITED,SELL,2672407,20.54
15-SEP-2026,NSE,bulk_deals,AHCL,Anlon Healthcare Limited,JUNOMONETA FINSOL PRIVATE LIMITED,SELL,10738702,20.59
15-SEP-2026,NSE,bulk_deals,AHCL,Anlon Healthcare Limited,SILVERLEAF CAPITAL SERVICES PRIVATE LIMITED,SELL,4037157,20.64
15-SEP-2026,NSE,bulk_deals,AHCL,Anlon Healthcare Limited,HRTI PRIVATE LIMITED,SELL,7348890,20.61
15-SEP-2026,NSE,bulk_deals,AHCL,Anlon Healthcare Limited,QE SECURITIES LLP,SELL,4110527,20.57
15-SEP-2026,NSE,bulk_deals,AHCL,Anlon Healthcare Limited,DHARMIK VITHTHALBHAI KAPURIYA,SELL,2596051,20.41
15-SEP-2026,NSE,bulk_deals,AHCL,Anlon Healthcare Limited,NK SECURITIES RESEARCH PRIVATE LIMITED,SELL,6489283,20.58
15-SEP-2026,NSE,bulk_deals,AHCL,Anlon Healthcare Limited,ALPHAGREP SECURITIES PRIVATE LIMITED,SELL,7852476,20.55
15-SEP-2026,NSE,bulk_deals,AQYLON,Aqylon Nexus Limited,KURJIBHAI PREMJIBHAI RUPARELIYA,SELL,3447102,20.74
15-SEP-2026,NSE,bulk_deals,ATALREAL,Atal Realtech Limited,HRTI PRIVATE LIMITED,SELL,1203843,13.8
15-SEP-2026,NSE,bulk_deals,ATALREAL,Atal Realtech Limited,JAGID VANITABEN RAJENDRAPRASAD,SELL,2627117,13.74
15-SEP-2026,NSE,bulk_deals,CEDAAR,Cedaar Textile Limited,PACE COMMODITY BROKERS PRIVATE LIMITED,SELL,80000,12.44
15-SEP-2026,NSE,bulk_deals,DCI,DC Infotech and Comun Ltd,JUNOMONETA FINSOL PRIVATE LIMITED,SELL,194138,272.56
15-SEP-2026,NSE,bulk_deals,DCI,DC Infotech and Comun Ltd,MICROCURVES TRADING PRIVATE LIMITED,SELL,166893,275.24
15-SEP-2026,NSE,bulk_deals,DCI,DC Infotech and Comun Ltd,QICAP MARKETS LLP,SELL,107569,272.61
15-SEP-2026,NSE,bulk_deals,DCI,DC Infotech and Comun Ltd,QE SECURITIES LLP,SELL,124539,269.33
15-SEP-2026,NSE,bulk_deals,DCI,DC Infotech and Comun Ltd,MIT GOPALBHAI SHAH,SELL,30000,258.86
15-SEP-2026,NSE,bulk_deals,DCI,DC Infotech and Comun Ltd,NK SECURITIES RESEARCH PRIVATE LIMITED,SELL,154947,269.27
15-SEP-2026,NSE,bulk_deals,DCI,DC Infotech and Comun Ltd,IRAGE BROKING SERVICES LLP,SELL,107399,272.93
15-SEP-2026,NSE,bulk_deals,DCI,DC Infotech and Comun Ltd,SILVERLEAF CAPITAL SERVICES PRIVATE LIMITED,SELL,295370,271.4
15-SEP-2026,NSE,bulk_deals,E2ERAIL,E To E Trans Infra Ltd,RAMDOOT REALTORS PVT LTD,SELL,68800,370.22
15-SEP-2026,NSE,bulk_deals,E2ERAIL,E To E Trans Infra Ltd,CRONY VYAPAR PVT LTD,SELL,42400,366.71
15-SEP-2026,NSE,bulk_deals,GCSL,Gretex Corporate Services,MANSUKH SECURITIES & FINANCE LIMITED,SELL,279645,600.71
15-SEP-2026,NSE,bulk_deals,GSMFOILS,GSM Foils Limited,HI GROWTH CORPORATE SERVICES PVT LTD,SELL,126000,82.62
15-SEP-2026,NSE,bulk_deals,GUJAPOLLO,Gujarat Apollo Equip Ltd.,PANKAJ PRASOON AND (HUF),SELL,72000,340.0
15-SEP-2026,NSE,bulk_deals,IGARASHI,Igarashi Motors India Lim,JUNOMONETA FINSOL PRIVATE LIMITED,SELL,547796,454.84
15-SEP-2026,NSE,bulk_deals,IGARASHI,Igarashi Motors India Lim,MICROCURVES TRADING PRIVATE LIMITED,SELL,1189309,455.06
15-SEP-2026,NSE,bulk_deals,IGARASHI,Igarashi Motors India Lim,VINSUL MAKARDI LTD,SELL,248395,456.66
15-SEP-2026,NSE,bulk_deals,IGARASHI,Igarashi Motors India Lim,IRAGE BROKING SERVICES LLP,SELL,303872,453.98
15-SEP-2026,NSE,bulk_deals,IGARASHI,Igarashi Motors India Lim,J4S FINANCIAL SOLUTIONS LLP,SELL,198435,454.51
15-SEP-2026,NSE,bulk_deals,IGARASHI,Igarashi Motors India Lim,NK SECURITIES RESEARCH PRIVATE LIMITED,SELL,507463,454.89
15-SEP-2026,NSE,bulk_deals,IGARASHI,Igarashi Motors India Lim,SILVERLEAF CAPITAL SERVICES PRIVATE LIMITED,SELL,287082,457.11
15-SEP-2026,NSE,bulk_deals,KOPRAN,Kopran Ltd.,JUNOMONETA FINSOL PRIVATE LIMITED,SELL,803715,253.76
15-SEP-2026,NSE,bulk_deals,KOPRAN,Kopran Ltd.,MICROCURVES TRADING PRIVATE LIMITED,SELL,983405,253.81
15-SEP-2026,NSE,bulk_deals,KOPRAN,Kopran Ltd.,VINSUL MAKARDI LTD,SELL,254362,253.69
15-SEP-2026,NSE,bulk_deals,KOPRAN,Kopran Ltd.,IRAGE BROKING SERVICES LLP,SELL,262518,253.21
15-SEP-2026,NSE,bulk_deals,KOPRAN,Kopran Ltd.,SILVERLEAF CAPITAL SERVICES PRIVATE LIMITED,SELL,325705,254.57
15-SEP-2026,NSE,bulk_deals,KOPRAN,Kopran Ltd.,J4S FINANCIAL SOLUTIONS LLP,SELL,288721,253.31
15-SEP-2026,NSE,bulk_deals,KOPRAN,Kopran Ltd.,NK SECURITIES RESEARCH PRIVATE LIMITED,SELL,652568,252.71
15-SEP-2026,NSE,bulk_deals,KSHITIJPOL,Kshitij Polyline Limited,SATISH MEJIYATAR,SELL,1749023,3.65
15-SEP-2026,NSE,bulk_deals,MAGSON,Magson Retail And Dist L,RAJESH EMMANUEL FRANCIS,SELL,114000,179.88
15-SEP-2026,NSE,bulk_deals,MVELECTRO,MV Electrosystems Limited,HRTI PRIVATE LIMITED,SELL,166658,817.17
15-SEP-2026,NSE,bulk_deals,MVELECTRO,MV Electrosystems Limited,JUNOMONETA FINSOL PRIVATE LIMITED,SELL,189264,806.55
15-SEP-2026,NSE,bulk_deals,PRANAV,Pranav Constructions Ltd,JUNOMONETA FINSOL PRIVATE LIMITED,SELL,583429,139.61
15-SEP-2026,NSE,bulk_deals,PRANAV,Pranav Constructions Ltd,BLITZQUANT RESEARCH LLP,SELL,867860,142.65
15-SEP-2026,NSE,bulk_deals,PRANAV,Pranav Constructions Ltd,MULTIPLIER SHARE & STOCK ADVISORS PRIVATE LIMITED,SELL,810941,134.23
15-SEP-2026,NSE,bulk_deals,PRANAV,Pranav Constructions Ltd,NEO APEX SHARE BROKING SERVICES LLP,SELL,1794507,135.77
15-SEP-2026,NSE,bulk_deals,PRANAV,Pranav Constructions Ltd,IRAGE BROKING SERVICES LLP,SELL,1497648,140.52
15-SEP-2026,NSE,bulk_deals,PRANAV,Pranav Constructions Ltd,KRISHNA AWTAR KABRA,SELL,1884327,139.47
15-SEP-2026,NSE,bulk_deals,PRANAV,Pranav Constructions Ltd,NK SECURITIES RESEARCH PRIVATE LIMITED,SELL,1593904,141.25
15-SEP-2026,NSE,bulk_deals,PRANAV,Pranav Constructions Ltd,PURE BROKING PRIVATE LIMITED,SELL,673564,142.82
15-SEP-2026,NSE,bulk_deals,PRANAV,Pranav Constructions Ltd,GRT STRATEGIC VENTURES LLP,SELL,1187971,143.2
15-SEP-2026,NSE,bulk_deals,PRANAV,Pranav Constructions Ltd,ANKITA VISHAL SHAH,SELL,670769,133.9
15-SEP-2026,NSE,bulk_deals,QUADFUTURE,Quadrant Future Tek Ltd,HRTI PRIVATE LIMITED,SELL,219626,499.38
15-SEP-2026,NSE,bulk_deals,QUADFUTURE,Quadrant Future Tek Ltd,QE SECURITIES LLP,SELL,204546,499.19
15-SEP-2026,NSE,bulk_deals,RATNAVEER,Ratnaveer Precision Eng L,HRTI PRIVATE LIMITED,SELL,364842,288.01
15-SEP-2026,NSE,bulk_deals,RATNAVEER,Ratnaveer Precision Eng L,ARIHANT CAPITAL MARKETS LIMITED,SELL,2158378,288.24
15-SEP-2026,NSE,bulk_deals,RAYMOND,Raymond Ltd.,MUSIGMA SECURITIES,SELL,412877,1069.52
15-SEP-2026,NSE,bulk_deals,RAYMOND,Raymond Ltd.,HRTI PRIVATE LIMITED,SELL,1371469,1070.94
15-SEP-2026,NSE,bulk_deals,RAYMOND,Raymond Ltd.,GRAVITON RESEARCH CAPITAL LLP,SELL,344036,1080.85
15-SEP-2026,NSE,bulk_deals,RAYMOND,Raymond Ltd.,IRAGE BROKING SERVICES LLP,SELL,314390,1064.58
15-SEP-2026,NSE,bulk_deals,RAYMOND,Raymond Ltd.,QE SECURITIES LLP,SELL,1031512,1070.86
15-SEP-2026,NSE,bulk_deals,RAYMOND,Raymond Ltd.,MICROCURVES TRADING PRIVATE LIMITED,SELL,1308540,1074.11
15-SEP-2026,NSE,bulk_deals,RAYMOND,Raymond Ltd.,JUNOMONETA FINSOL PRIVATE LIMITED,SELL,992321,1063.4
15-SEP-2026,NSE,bulk_deals,RAYMOND,Raymond Ltd.,NK SECURITIES RESEARCH PRIVATE LIMITED,SELL,382758,1064.97
15-SEP-2026,NSE,bulk_deals,SHANKARA,Shankara Bldg Product Ltd,GEOMETRIC SECURITIES AND ADVISORY PRIVATE LIMITED,SELL,146802,150.0
15-SEP-2026,NSE,bulk_deals,SILGO,Silgo Retail Limited,BELA AGRAWAL,SELL,200000,70.05
15-SEP-2026,NSE,bulk_deals,SUBEXLTD,Subex Ltd,HRTI PRIVATE LIMITED,SELL,2759386,21.26
15-SEP-2026,NSE,bulk_deals,SUNSHINE,Sunshine Pictures Limited,JUMP TRADING FINANCIAL INDIA PRIVATE LIMITED,SELL,250858,374.3
15-SEP-2026,NSE,bulk_deals,SUNSHINE,Sunshine Pictures Limited,JUNOMONETA FINSOL PRIVATE LIMITED,SELL,209507,368.13
15-SEP-2026,NSE,bulk_deals,SUNSHINE,Sunshine Pictures Limited,AMRAPALI CAPITAL AND FINANCE SERVICES LTD,SELL,1500000,373.01
15-SEP-2026,NSE,bulk_deals,SUNSHINE,Sunshine Pictures Limited,ARIHANT CAPITAL MARKETS LIMITED,SELL,692557,368.38
15-SEP-2026,NSE,bulk_deals,SUNSHINE,Sunshine Pictures Limited,QE SECURITIES LLP,SELL,499817,368.17
15-SEP-2026,NSE,bulk_deals,SUNSHINE,Sunshine Pictures Limited,MATHISYS QUANTCAP LLP,SELL,376634,370.65
15-SEP-2026,NSE,bulk_deals,SUNSHINE,Sunshine Pictures Limited,HRTI PRIVATE LIMITED,SELL,482199,369.82
15-SEP-2026,NSE,bulk_deals,TEJA,Teja Engineering Ind L,ADITI MEHTA,SELL,36600,207.07
15-SEP-2026,NSE,bulk_deals,VCL,Vaxtex Cotfab Limited,GOLDEN BIO ENERGY LIMITED,SELL,8387373,1.58
15-SEP-2026,NSE,bulk_deals,VCL,Vaxtex Cotfab Limited,RAJVANSH ELECTRICALS PRIVATE LIMITED,SELL,939705,1.65
15-SEP-2026,NSE,bulk_deals,WELENT,Welspun Enterprises Ltd,AUTHUM INVESTMENT & INFRASTRUCTURE LIMITED,SELL,2500000,765.02
15-SEP-2026,NSE,bulk_deals,XTRANET,Xtranet Technologies Ltd,HRTI PRIVATE LIMITED,SELL,288218,280.5
15-SEP-2026,NSE,bulk_deals,ZENSARTECH,Zensar Technologies -Depo,QE SECURITIES LLP,SELL,1355009,462.43
15-SEP-2026,NSE,bulk_deals,ZENSARTECH,Zensar Technologies -Depo,ALPHAGREP SECURITIES PRIVATE LIMITED,SELL,1302261,462.33
15-SEP-2026,NSE,bulk_deals,ZENSARTECH,Zensar Technologies -Depo,GRAVITON RESEARCH CAPITAL LLP,SELL,1151493,463.69
15-SEP-2026,NSE,bulk_deals,ZENSARTECH,Zensar Technologies -Depo,MICROCURVES TRADING PRIVATE LIMITED,SELL,2866104,463.9
15-SEP-2026,NSE,bulk_deals,ZENSARTECH,Zensar Technologies -Depo,JUNOMONETA FINSOL PRIVATE LIMITED,SELL,1594037,462.78
NO RECORDS,NSE,block_deals,nan,nan,nan,nan,nan,nan
15/09/2026,BSE,bulk,544910,APANA,KAMAL KUMAR KABRA,B,160000.0,60.0
15/09/2026,BSE,bulk,543911,ATALREAL,L7 HITECH PRIVATE LIMITED,B,90000.0,13.52
15/09/2026,BSE,bulk,543911,ATALREAL,L7 HITECH PRIVATE LIMITED,S,2255000.0,12.41
15/09/2026,BSE,bulk,543911,ATALREAL,PARKER PRECIOUS  METALS LLP,S,1886000.0,12.39
15/09/2026,BSE,bulk,543911,ATALREAL,MAHESH MULCHAND WAGHELA,S,700000.0,12.39
15/09/2026,BSE,bulk,543911,ATALREAL,JAGID VANITABEN RAJENDRAPRASAD,B,2168000.0,12.39
15/09/2026,BSE,bulk,543911,ATALREAL,JAGID VANITABEN RAJENDRAPRASAD,S,500501.0,12.39
15/09/2026,BSE,bulk,543911,ATALREAL,OVERSKUD MULTI ASSET MANAGEMENT PRIVATE LIMITED,B,2413000.0,12.39
15/09/2026,BSE,bulk,524516,BACPHAR,HEMANGRAJENDRADOSHI,S,83531.0,20.14
15/09/2026,BSE,bulk,531913,CASTORA,VANRAJ DADBHAI KAHOR,B,32792.0,13.76
15/09/2026,BSE,bulk,543636,DCI,IRAGE BROKING SERVICES LLP,B,82893.0,272.1
15/09/2026,BSE,bulk,543636,DCI,IRAGE BROKING SERVICES LLP,S,50728.0,274.01
15/09/2026,BSE,bulk,544884,DHANWEL,GIRIRAJ STOCK BROKING PRIVATE LIMITED,S,81600.0,35.94
15/09/2026,BSE,bulk,544854,DHAVAL,SANDIP KUMAR AGARWAL,B,75600.0,112.0
15/09/2026,BSE,bulk,539405,DITCO,RAGHAVA RAM LAKHOTIA,B,21001.0,12.7
15/09/2026,BSE,bulk,531553,DRL,VEER SINGH THAKUR,B,120000.0,37.0
15/09/2026,BSE,bulk,531553,DRL,AVIRAT ENTERPRISE,S,93800.0,37.0
15/09/2026,BSE,bulk,543324,GCSL,MOHAMED IRFAN MOHAMED LATIF SHAIKH,B,150000.0,600.0
15/09/2026,BSE,bulk,531399,GGAUTO,SUDHA  SINGHVI,S,70431.0,172.01
15/09/2026,BSE,bulk,517380,IGARASHI,IRAGE BROKING SERVICES LLP,S,177909.0,458.22
15/09/2026,BSE,bulk,517380,IGARASHI,IRAGE BROKING SERVICES LLP,B,165176.0,452.39
15/09/2026,BSE,bulk,530547,KENFIN,HARDIK P SANGHAVI,S,30000.0,14.01
15/09/2026,BSE,bulk,537707,LADDU,ABDURRAHMAN MOHD SHAFI TAIBANI,S,17431.0,0.45
15/09/2026,BSE,bulk,537707,LADDU,ABDURRAHMAN MOHD SHAFI TAIBANI,B,780896.0,0.44
15/09/2026,BSE,bulk,544735,NOVUS,NEWTONLY PRIVATE LIMITED,B,93000.0,204.47
15/09/2026,BSE,bulk,544735,NOVUS,DAVINDER SINGH,B,124000.0,211.65
15/09/2026,BSE,bulk,544735,NOVUS,DAVINDER SINGH,S,129000.0,205.38
15/09/2026,BSE,bulk,531512,ORIENTTR,GANESH MADHUKAR SONAVANE,S,381612.0,4.23
15/09/2026,BSE,bulk,531512,ORIENTTR,USHA SHARMA,B,345000.0,4.22
15/09/2026,BSE,bulk,544909,PRANAV,IRAGE BROKING SERVICES LLP,S,731681.0,144.6
15/09/2026,BSE,bulk,544909,PRANAV,IRAGE BROKING SERVICES LLP,B,714783.0,139.41
15/09/2026,BSE,bulk,544909,PRANAV,NK SECURITIES RESEARCH PVT. LTD.,S,586619.0,140.66
15/09/2026,BSE,bulk,544909,PRANAV,NK SECURITIES RESEARCH PVT. LTD.,B,586619.0,140.48
15/09/2026,BSE,bulk,519299,PRIMIND,UDAYNARANG,B,193342.0,49.28
15/09/2026,BSE,bulk,511116,QUADRANT,FINDOC INVESTMART PVT LTD,B,7259429.0,0.7
15/09/2026,BSE,bulk,500330,RAYMOND,HRTI PRIVATE LIMITED,S,397274.0,1077.86
15/09/2026,BSE,bulk,500330,RAYMOND,HRTI PRIVATE LIMITED,B,305573.0,1066.53
15/09/2026,BSE,bulk,500330,RAYMOND,IRAGE BROKING SERVICES LLP,B,211639.0,1065.71
15/09/2026,BSE,bulk,500330,RAYMOND,IRAGE BROKING SERVICES LLP,S,391742.0,1072.12
15/09/2026,BSE,bulk,512297,SHANTAI,ANKUR MANGILAL BORANA,B,50000.0,91.34
15/09/2026,BSE,bulk,512297,SHANTAI,PRAKASHCHAND SANDH,S,69156.0,91.38
15/09/2026,BSE,bulk,533301,SHEKHAWATI,RAJESH  BANSAL,B,237400.0,20.2
15/09/2026,BSE,bulk,533301,SHEKHAWATI,AMAX NETWORK P.LTD,S,222000.0,20.2
15/09/2026,BSE,bulk,543924,SONALIS,PRATIMA AGRAWAL,B,28000.0,38.63
15/09/2026,BSE,bulk,543924,SONALIS,SHUBHANGIBA JUVANSINH SOLANKI,B,28000.0,36.74
15/09/2026,BSE,bulk,543924,SONALIS,PRAKASHBA BHARATSINH UMAT,S,38000.0,36.65
15/09/2026,BSE,bulk,544840,SSPRL,NIRAJ RAJNIKANT SHAH,S,249000.0,122.98
15/09/2026,BSE,bulk,543616,TLL,QUARKS TECHNOSOFT PRIVATE LIMITED,B,82800.0,289.34
15/09/2026,BSE,bulk,543616,TLL,QUARKS TECHNOSOFT PRIVATE LIMITED,S,1200.0,297.1
15/09/2026,BSE,bulk,543616,TLL,CRAFT EMERGING MARKET FUND PCC-ELITE CAPITAL FUND,S,79800.0,283.74
15/09/2026,BSE,bulk,543616,TLL,NAV CAPITAL VCC - NAV CAPITAL EMERGING STAR FUND,S,75000.0,280.51
15/09/2026,BSE,bulk,544508,VASHISHTHA,SATYA PRAKASH MITTAL,S,19200.0,63.0
15/09/2026,BSE,bulk,544508,VASHISHTHA,MONA CHETAN ROKAD,B,19200.0,63.0
15/09/2026,BSE,bulk,543298,VINEETLAB,DEREDDY  VASANTHI,B,130000.0,36.38
15/09/2026,BSE,bulk,543298,VINEETLAB,PALLOLIRAMACHANDRAREDDY,S,128340.0,36.4
10/09/2026,BSE,block,531281,MARBLE,SALSETT VINIMAY PRIVATE LIMITED,B,2200000.0,117.0
10/09/2026,BSE,block,531281,MARBLE,VPS CONSTRUCTIONS PRIVATE LIMITED,S,2200000.0,117.0
10/09/2026,BSE,block,544386,SPECTRUM,MOTILAL OSWAL MUTUAL FUND,B,115000.0,2651.0
10/09/2026,BSE,block,544386,SPECTRUM,AJAY BHIKAMCHAND JAIN,S,115000.0,2651.0
16-SEP-2026,NSE,bulk_deals,ABH,ABH Healthcare Limited,NEO APEX SHARE BROKING SERVICES LLP,BUY,31200,47.7
16-SEP-2026,NSE,bulk_deals,ABH,ABH Healthcare Limited,JAGID VANITABEN RAJENDRAPRASAD,BUY,72000,53.59
16-SEP-2026,NSE,bulk_deals,ABH,ABH Healthcare Limited,MANDAKINIBEN PRADYUMANBHAI PATEL,BUY,192000,47.7
16-SEP-2026,NSE,bulk_deals,ABH,ABH Healthcare Limited,MAHAMMADFARUK HAJIBHAI MIR,BUY,171600,56.0
16-SEP-2026,NSE,bulk_deals,ABH,ABH Healthcare Limited,STATSOL RESEARCH LLP,BUY,114000,47.7
16-SEP-2026,NSE,bulk_deals,AHCL,Anlon Healthcare Limited,QE SECURITIES LLP,BUY,2757044,19.97
16-SEP-2026,NSE,bulk_deals,AHCL,Anlon Healthcare Limited,JUNOMONETA FINSOL PRIVATE LIMITED,BUY,4279143,19.98
16-SEP-2026,NSE,bulk_deals,AHCL,Anlon Healthcare Limited,HRTI PRIVATE LIMITED,BUY,3152431,20.02
16-SEP-2026,NSE,bulk_deals,ANTELOPUS,Antelopus Selan Enrgy Ltd,JUNOMONETA FINSOL PRIVATE LIMITED,BUY,236286,1137.59
16-SEP-2026,NSE,bulk_deals,ANTELOPUS,Antelopus Selan Enrgy Ltd,HRTI PRIVATE LIMITED,BUY,464286,1140.37
16-SEP-2026,NSE,bulk_deals,ANTELOPUS,Antelopus Selan Enrgy Ltd,QE SECURITIES LLP,BUY,279455,1132.69
16-SEP-2026,NSE,bulk_deals,ATALREAL,Atal Realtech Limited,JAGID VANITABEN RAJENDRAPRASAD,BUY,1496226,15.02
16-SEP-2026,NSE,bulk_deals,ATALREAL,Atal Realtech Limited,HRTI PRIVATE LIMITED,BUY,710913,14.72
16-SEP-2026,NSE,bulk_deals,CLASSICEIL,Classic Electrode (Ind) L,CRAFT EMERGING MARKET FUND PCC-ARBITRAGE STRATEGY FUND,BUY,192000,51.0
16-SEP-2026,NSE,bulk_deals,COMSYN,Commercial Syn Bags Ltd,ARIHANT CAPITAL MARKETS LIMITED,BUY,243747,292.28
16-SEP-2026,NSE,bulk_deals,CSM,CSM Technologies Limited,NK SECURITIES RESEARCH PRIVATE LIMITED,BUY,262939,97.43
16-SEP-2026,NSE,bulk_deals,CSM,CSM Technologies Limited,JUNOMONETA FINSOL PRIVATE LIMITED,BUY,260408,97.98
16-SEP-2026,NSE,bulk_deals,CSM,CSM Technologies Limited,SILVERLEAF CAPITAL SERVICES PRIVATE LIMITED,BUY,285279,98.8
16-SEP-2026,NSE,bulk_deals,EMPOWER,Empower India Ltd.,ALIA COMMOSALES LLP,BUY,10761645,2.47
16-SEP-2026,NSE,bulk_deals,EMUDHRA,eMudhra Limited,SILVERLEAF CAPITAL SERVICES PRIVATE LIMITED,BUY,416357,651.86
16-SEP-2026,NSE,bulk_deals,EMUDHRA,eMudhra Limited,ALPHAGREP SECURITIES PRIVATE LIMITED,BUY,1020079,656.08
16-SEP-2026,NSE,bulk_deals,EMUDHRA,eMudhra Limited,MICROCURVES TRADING PRIVATE LIMITED,BUY,1703589,655.32
16-SEP-2026,NSE,bulk_deals,EMUDHRA,eMudhra Limited,JUNOMONETA FINSOL PRIVATE LIMITED,BUY,1189259,655.35
16-SEP-2026,NSE,bulk_deals,EMUDHRA,eMudhra Limited,NK SECURITIES RESEARCH PRIVATE LIMITED,BUY,1033740,656.39
16-SEP-2026,NSE,bulk_deals,EMUDHRA,eMudhra Limited,IRAGE BROKING SERVICES LLP,BUY,790935,655.22
16-SEP-2026,NSE,bulk_deals,EMUDHRA,eMudhra Limited,QE SECURITIES LLP,BUY,817439,655.56
16-SEP-2026,NSE,bulk_deals,GCSL,Gretex Corporate Services,MANSUKH SECURITIES & FINANCE LIMITED,BUY,314383,586.01
16-SEP-2026,NSE,bulk_deals,GCSL,Gretex Corporate Services,SIDDHISURI FINVEST PRIVATE LIMITED,BUY,200000,576.0
16-SEP-2026,NSE,bulk_deals,GLASSWALL,Glass Wall System (I) Ltd,PURE BROKING PRIVATE LIMITED,BUY,1603027,207.31
16-SEP-2026,NSE,bulk_deals,GLASSWALL,Glass Wall System (I) Ltd,NK SECURITIES RESEARCH PRIVATE LIMITED,BUY,1433437,207.05
16-SEP-2026,NSE,bulk_deals,GLASSWALL,Glass Wall System (I) Ltd,MARWADI CHANDARANA INTERMEDIARIES BROKERS PRIVATE LIMITED,BUY,556941,215.85
16-SEP-2026,NSE,bulk_deals,GLASSWALL,Glass Wall System (I) Ltd,MANSI SHARE AND STOCK BROKING PRIVATE LIMITED,BUY,746732,212.63
16-SEP-2026,NSE,bulk_deals,GLASSWALL,Glass Wall System (I) Ltd,FIRST BRIDGE INDIA GROWTH FUND,BUY,603700,198.75
16-SEP-2026,NSE,bulk_deals,GLASSWALL,Glass Wall System (I) Ltd,OM TRADING,BUY,582438,209.98
16-SEP-2026,NSE,bulk_deals,GLASSWALL,Glass Wall System (I) Ltd,AUTHUM INVESTMENT & INFRASTRUCTURE LIMITED,BUY,1000000,193.12
16-SEP-2026,NSE,bulk_deals,GLASSWALL,Glass Wall System (I) Ltd,S I INVESTMENTS ## BROKING PVT.LTD,BUY,500000,203.81
16-SEP-2026,NSE,bulk_deals,GLASSWALL,Glass Wall System (I) Ltd,ELIXIR WEALTH MANAGEMENT PRIVATE LIMITED,BUY,535626,206.78
16-SEP-2026,NSE,bulk_deals,GLASSWALL,Glass Wall System (I) Ltd,DIPAN MEHTA COMMODITIES PRIVATE LIMITED,BUY,530258,208.36
16-SEP-2026,NSE,bulk_deals,GLASSWALL,Glass Wall System (I) Ltd,GOLDMINE STOCKS PRIVATE LIMITED,BUY,999175,209.29
16-SEP-2026,NSE,bulk_deals,GLASSWALL,Glass Wall System (I) Ltd,CSIM INDIA OPPORTUNITIES FUND 1,BUY,525000,194.31
16-SEP-2026,NSE,bulk_deals,GLASSWALL,Glass Wall System (I) Ltd,JUNOMONETA FINSOL PRIVATE LIMITED,BUY,3145890,207.43
16-SEP-2026,NSE,bulk_deals,GLASSWALL,Glass Wall System (I) Ltd,MICROCURVES TRADING PRIVATE LIMITED,BUY,1192430,212.17
16-SEP-2026,NSE,bulk_deals,GLASSWALL,Glass Wall System (I) Ltd,IRAGE BROKING SERVICES LLP,BUY,1305513,209.82
16-SEP-2026,NSE,bulk_deals,GLASSWALL,Glass Wall System (I) Ltd,GRT STRATEGIC VENTURES LLP,BUY,1425435,206.88
16-SEP-2026,NSE,bulk_deals,GODAVARIB,Godavari Biorefineries L,JUNOMONETA FINSOL PRIVATE LIMITED,BUY,440296,245.09
16-SEP-2026,NSE,bulk_deals,GODAVARIB,Godavari Biorefineries L,GRT STRATEGIC VENTURES LLP,BUY,263720,245.57
16-SEP-2026,NSE,bulk_deals,GODAVARIB,Godavari Biorefineries L,MICROCURVES TRADING PRIVATE LIMITED,BUY,315726,248.87
16-SEP-2026,NSE,bulk_deals,GODAVARIB,Godavari Biorefineries L,SILVERLEAF CAPITAL SERVICES PRIVATE LIMITED,BUY,314772,247.93
16-SEP-2026,NSE,bulk_deals,GODAVARIB,Godavari Biorefineries L,NK SECURITIES RESEARCH PRIVATE LIMITED,BUY,447141,245.02
16-SEP-2026,NSE,bulk_deals,IPL,India Pesticides Limited,MICROCURVES TRADING PRIVATE LIMITED,BUY,1017557,145.06
16-SEP-2026,NSE,bulk_deals,IPL,India Pesticides Limited,SILVERLEAF CAPITAL SERVICES PRIVATE LIMITED,BUY,867949,144.36
16-SEP-2026,NSE,bulk_deals,IPL,India Pesticides Limited,NK SECURITIES RESEARCH PRIVATE LIMITED,BUY,1185956,143.74
16-SEP-2026,NSE,bulk_deals,IPL,India Pesticides Limited,IRAGE BROKING SERVICES LLP,BUY,586448,144.49
16-SEP-2026,NSE,bulk_deals,IPL,India Pesticides Limited,QE SECURITIES LLP,BUY,652797,144.06
16-SEP-2026,NSE,bulk_deals,KANOHAR,Kanohar Electricals Ltd,MARWADI CHANDARANA INTERMEDIARIES BROKERS PRIVATE LIMITED,BUY,557168,749.33
16-SEP-2026,NSE,bulk_deals,KANOHAR,Kanohar Electricals Ltd,JUNOMONETA FINSOL PRIVATE LIMITED,BUY,1104532,744.34
16-SEP-2026,NSE,bulk_deals,KANOHAR,Kanohar Electricals Ltd,GRT STRATEGIC VENTURES LLP,BUY,521024,743.18
16-SEP-2026,NSE,bulk_deals,KANOHAR,Kanohar Electricals Ltd,IRAGE BROKING SERVICES LLP,BUY,692461,742.9
16-SEP-2026,NSE,bulk_deals,KANOHAR,Kanohar Electricals Ltd,GROWW MUTUAL FUND,BUY,475636,740.38
16-SEP-2026,NSE,bulk_deals,KANOHAR,Kanohar Electricals Ltd,NK SECURITIES RESEARCH PRIVATE LIMITED,BUY,564735,735.6
16-SEP-2026,NSE,bulk_deals,KOPRAN,Kopran Ltd.,HRTI PRIVATE LIMITED,BUY,326884,259.97
16-SEP-2026,NSE,bulk_deals,KOPRAN,Kopran Ltd.,NK SECURITIES RESEARCH PRIVATE LIMITED,BUY,389295,265.56
16-SEP-2026,NSE,bulk_deals,KOPRAN,Kopran Ltd.,MICROCURVES TRADING PRIVATE LIMITED,BUY,674213,265.54
16-SEP-2026,NSE,bulk_deals,KOPRAN,Kopran Ltd.,QE SECURITIES LLP,BUY,562128,260.92
16-SEP-2026,NSE,bulk_deals,KOPRAN,Kopran Ltd.,JUNOMONETA FINSOL PRIVATE LIMITED,BUY,600758,262.86
16-SEP-2026,NSE,bulk_deals,KOPRAN,Kopran Ltd.,ALPHAGREP SECURITIES PRIVATE LIMITED,BUY,882407,263.72
16-SEP-2026,NSE,bulk_deals,MADHURKNIT,Madhur Knit Crafts Ltd,RIDHI SIDHI ENTERPRISES PRIVATE LIMITED,BUY,96000,56.0
16-SEP-2026,NSE,bulk_deals,MADHURKNIT,Madhur Knit Crafts Ltd,SHREE RAM COLLOIDS PRIVATE LIMITED,BUY,222000,56.0
16-SEP-2026,NSE,bulk_deals,MADHURKNIT,Madhur Knit Crafts Ltd,TRADE PULSE BROKING PRIVATE LIMITED,BUY,152400,56.0
16-SEP-2026,NSE,bulk_deals,MARKOLINES,Markolines Pavement Tec L,VISTAAR TRADING SERVICE PRIVATE LIMITED,BUY,150399,166.06
16-SEP-2026,NSE,bulk_deals,MOBIKWIK,One Mobikwik Systems Ltd,HRTI PRIVATE LIMITED,BUY,654078,201.84
16-SEP-2026,NSE,bulk_deals,MOBIKWIK,One Mobikwik Systems Ltd,QE SECURITIES LLP,BUY,572110,198.95
16-SEP-2026,NSE,bulk_deals,MOLBIO,Molbio Diagnostics Ltd,JUNOMONETA FINSOL PRIVATE LIMITED,BUY,590709,1288.14
16-SEP-2026,NSE,bulk_deals,MOMSBELIEF,Rays of Belief Limited,PROGNOSIS SECURITIES PVT. LTD,BUY,170430,217.75
16-SEP-2026,NSE,bulk_deals,MOREPENLAB,Morepan Laboratories Ltd.,HRTI PRIVATE LIMITED,BUY,2528438,106.12
16-SEP-2026,NSE,bulk_deals,MOTISONS,Motisons Jewellers Ltd,HRTI PRIVATE LIMITED,BUY,5737352,16.43
16-SEP-2026,NSE,bulk_deals,MOTISONS,Motisons Jewellers Ltd,ARIHANT CAPITAL MARKETS LIMITED,BUY,13106672,16.24
16-SEP-2026,NSE,bulk_deals,MVELECTRO,MV Electrosystems Limited,JUNOMONETA FINSOL PRIVATE LIMITED,BUY,224054,793.79
16-SEP-2026,NSE,bulk_deals,MVELECTRO,MV Electrosystems Limited,HRTI PRIVATE LIMITED,BUY,398924,797.79
16-SEP-2026,NSE,bulk_deals,MVELECTRO,MV Electrosystems Limited,JUMP TRADING FINANCIAL INDIA PRIVATE LIMITED,BUY,246400,813.01
16-SEP-2026,NSE,bulk_deals,MVELECTRO,MV Electrosystems Limited,QE SECURITIES LLP,BUY,205776,801.44
16-SEP-2026,NSE,bulk_deals,MVELECTRO,MV Electrosystems Limited,MICROCURVES TRADING PRIVATE LIMITED,BUY,145077,810.26
16-SEP-2026,NSE,bulk_deals,NPST,Network People Srv Tech L,JUNOMONETA FINSOL PRIVATE LIMITED,BUY,132453,1846.25
16-SEP-2026,NSE,bulk_deals,NPST,Network People Srv Tech L,MICROCURVES TRADING PRIVATE LIMITED,BUY,126954,1858.5
16-SEP-2026,NSE,bulk_deals,ONYX,Onyx Biotec Limited,TUSHAR KINKER,BUY,122000,38.0
16-SEP-2026,NSE,bulk_deals,PINELABS,Pine Labs Limited,QE SECURITIES LLP,BUY,5856951,183.96
16-SEP-2026,NSE,bulk_deals,PINELABS,Pine Labs Limited,HRTI PRIVATE LIMITED,BUY,6053225,183.57
16-SEP-2026,NSE,bulk_deals,PRANAV,Pranav Constructions Ltd,MATHISYS QUANTCAP LLP,BUY,804312,111.7
16-SEP-2026,NSE,bulk_deals,PRANAV,Pranav Constructions Ltd,D3 STOCK VISION LLP,BUY,555468,106.37
16-SEP-2026,NSE,bulk_deals,PRANAV,Pranav Constructions Ltd,JUNOMONETA FINSOL PRIVATE LIMITED,BUY,671376,115.28
16-SEP-2026,NSE,bulk_deals,PRANAV,Pranav Constructions Ltd,NK SECURITIES RESEARCH PRIVATE LIMITED,BUY,714122,112.69
16-SEP-2026,NSE,bulk_deals,PRANAV,Pranav Constructions Ltd,F3 ADVISORS PRIVATE LIMITED,BUY,656469,107.67
16-SEP-2026,NSE,bulk_deals,PRANAV,Pranav Constructions Ltd,NEO APEX SHARE BROKING SERVICES LLP,BUY,200024,105.6
16-SEP-2026,NSE,bulk_deals,RATNAVEER,Ratnaveer Precision Eng L,QE SECURITIES LLP,BUY,417524,281.05
16-SEP-2026,NSE,bulk_deals,RATNAVEER,Ratnaveer Precision Eng L,ARIHANT CAPITAL MARKETS LIMITED,BUY,3127960,279.36
16-SEP-2026,NSE,bulk_deals,RATNAVEER,Ratnaveer Precision Eng L,BLOOMCREST TRADE PRIVATE LIMITED,BUY,1200000,279.99
16-SEP-2026,NSE,bulk_deals,RATNAVEER,Ratnaveer Precision Eng L,TRADE SOLVENT PRIVATE LIMITED,BUY,550000,279.99
16-SEP-2026,NSE,bulk_deals,RAYMOND,Raymond Ltd.,HRTI PRIVATE LIMITED,BUY,1077522,982.76
16-SEP-2026,NSE,bulk_deals,RAYMOND,Raymond Ltd.,QE SECURITIES LLP,BUY,847996,978.84
16-SEP-2026,NSE,bulk_deals,RAYMOND,Raymond Ltd.,MICROCURVES TRADING PRIVATE LIMITED,BUY,391505,982.82
16-SEP-2026,NSE,bulk_deals,RAYMOND,Raymond Ltd.,GRAVITON RESEARCH CAPITAL LLP,BUY,337776,986.82
16-SEP-2026,NSE,bulk_deals,RAYMOND,Raymond Ltd.,JUNOMONETA FINSOL PRIVATE LIMITED,BUY,833858,983.55
16-SEP-2026,NSE,bulk_deals,RCDL-RE,Rajgor Cast Derivati Ltd,AURIS VENTURES,BUY,738000,2.35
16-SEP-2026,NSE,bulk_deals,RCDL-RE,Rajgor Cast Derivati Ltd,ALPESH VAGHAJIBHAI VORA,BUY,321000,2.35
16-SEP-2026,NSE,bulk_deals,ROSSTECH,Rossell Techsys Limited,MICROCURVES TRADING PRIVATE LIMITED,BUY,207487,1365.61
16-SEP-2026,NSE,bulk_deals,SEJALLTD,Sejal Glass Limited,CAPRI GLOBAL VENTURES PRIVATE LIMITED,BUY,98892,620.0
16-SEP-2026,NSE,bulk_deals,SPRL,SP Refractories Limited,ARYAMAN CAPITAL MARKETS LIMITED,BUY,11200,104.0
16-SEP-2026,NSE,bulk_deals,SUNSHINE,Sunshine Pictures Limited,ARIHANT CAPITAL MARKETS LIMITED,BUY,468700,354.65
16-SEP-2026,NSE,bulk_deals,SUNSHINE,Sunshine Pictures Limited,HRTI PRIVATE LIMITED,BUY,261993,350.47
16-SEP-2026,NSE,bulk_deals,SUNSHINE,Sunshine Pictures Limited,MATHISYS QUANTCAP LLP,BUY,212136,354.7
16-SEP-2026,NSE,bulk_deals,SUNSHINE,Sunshine Pictures Limited,ANKITA VISHAL SHAH,BUY,275055,366.63
16-SEP-2026,NSE,bulk_deals,SUNSHINE,Sunshine Pictures Limited,QE SECURITIES LLP,BUY,188810,354.69
16-SEP-2026,NSE,bulk_deals,UHTL,United Heat Transfer Ltd,SOUMYA MALANI,BUY,100000,181.7
16-SEP-2026,NSE,bulk_deals,VALUE360,Value 360 Communication L,CRAFT EMERGING MARKET FUND PCC-ARBITRAGE STRATEGY FUND,BUY,108000,64.1
16-SEP-2026,NSE,bulk_deals,ZENITHDRUG,Zenith Drugs Limited,BINDU GARG,BUY,184000,43.1
16-SEP-2026,NSE,bulk_deals,AAATECH,AAA Technologies Limited,NOVA GLOBAL OPPORTUNITIES FUND PCC - TOUCHSTONE,SELL,126193,93.23
16-SEP-2026,NSE,bulk_deals,ABH,ABH Healthcare Limited,JAGID VANITABEN RAJENDRAPRASAD,SELL,100800,50.1
16-SEP-2026,NSE,bulk_deals,ABH,ABH Healthcare Limited,STATSOL RESEARCH LLP,SELL,13200,55.11
16-SEP-2026,NSE,bulk_deals,ABH,ABH Healthcare Limited,MAHAMMADFARUK HAJIBHAI MIR,SELL,42000,47.81
16-SEP-2026,NSE,bulk_deals,ABH,ABH Healthcare Limited,MANDAKINIBEN PRADYUMANBHAI PATEL,SELL,192000,55.98
16-SEP-2026,NSE,bulk_deals,ABH,ABH Healthcare Limited,NEO APEX SHARE BROKING SERVICES LLP,SELL,340800,47.88
16-SEP-2026,NSE,bulk_deals,AHCL,Anlon Healthcare Limited,JUNOMONETA FINSOL PRIVATE LIMITED,SELL,4275923,20.0
16-SEP-2026,NSE,bulk_deals,AHCL,Anlon Healthcare Limited,QE SECURITIES LLP,SELL,2738122,19.98
16-SEP-2026,NSE,bulk_deals,AHCL,Anlon Healthcare Limited,HRTI PRIVATE LIMITED,SELL,2724893,19.94
16-SEP-2026,NSE,bulk_deals,ANTELOPUS,Antelopus Selan Enrgy Ltd,HRTI PRIVATE LIMITED,SELL,470021,1138.1
16-SEP-2026,NSE,bulk_deals,ANTELOPUS,Antelopus Selan Enrgy Ltd,QE SECURITIES LLP,SELL,281782,1134.67
16-SEP-2026,NSE,bulk_deals,ANTELOPUS,Antelopus Selan Enrgy Ltd,JUNOMONETA FINSOL PRIVATE LIMITED,SELL,235393,1138.46
16-SEP-2026,NSE,bulk_deals,ATALREAL,Atal Realtech Limited,JAGID VANITABEN RAJENDRAPRASAD,SELL,1352775,14.66
16-SEP-2026,NSE,bulk_deals,ATALREAL,Atal Realtech Limited,HRTI PRIVATE LIMITED,SELL,1078766,14.86
16-SEP-2026,NSE,bulk_deals,CLASSICEIL,Classic Electrode (Ind) L,BEACON STONE CAPITAL VCC - BEACON STONE I,SELL,192000,51.0
16-SEP-2026,NSE,bulk_deals,COMSYN,Commercial Syn Bags Ltd,ARIHANT CAPITAL MARKETS LIMITED,SELL,246747,292.63
16-SEP-2026,NSE,bulk_deals,CSM,CSM Technologies Limited,NK SECURITIES RESEARCH PRIVATE LIMITED,SELL,262939,97.52
16-SEP-2026,NSE,bulk_deals,CSM,CSM Technologies Limited,JUNOMONETA FINSOL PRIVATE LIMITED,SELL,263209,98.09
16-SEP-2026,NSE,bulk_deals,CSM,CSM Technologies Limited,SILVERLEAF CAPITAL SERVICES PRIVATE LIMITED,SELL,285279,98.8
16-SEP-2026,NSE,bulk_deals,EMUDHRA,eMudhra Limited,SILVERLEAF CAPITAL SERVICES PRIVATE LIMITED,SELL,416357,651.2
16-SEP-2026,NSE,bulk_deals,EMUDHRA,eMudhra Limited,NK SECURITIES RESEARCH PRIVATE LIMITED,SELL,1033740,656.75
16-SEP-2026,NSE,bulk_deals,EMUDHRA,eMudhra Limited,ALPHAGREP SECURITIES PRIVATE LIMITED,SELL,1020079,656.19
16-SEP-2026,NSE,bulk_deals,EMUDHRA,eMudhra Limited,MICROCURVES TRADING PRIVATE LIMITED,SELL,1703589,655.88
16-SEP-2026,NSE,bulk_deals,EMUDHRA,eMudhra Limited,QE SECURITIES LLP,SELL,806110,655.54
16-SEP-2026,NSE,bulk_deals,EMUDHRA,eMudhra Limited,JUNOMONETA FINSOL PRIVATE LIMITED,SELL,1192596,655.62
16-SEP-2026,NSE,bulk_deals,EMUDHRA,eMudhra Limited,IRAGE BROKING SERVICES LLP,SELL,734936,655.65
16-SEP-2026,NSE,bulk_deals,GCSL,Gretex Corporate Services,MANSUKH SECURITIES & FINANCE LIMITED,SELL,363099,577.54
16-SEP-2026,NSE,bulk_deals,GLASSWALL,Glass Wall System (I) Ltd,MICROCURVES TRADING PRIVATE LIMITED,SELL,1192430,212.26
16-SEP-2026,NSE,bulk_deals,GLASSWALL,Glass Wall System (I) Ltd,JUNOMONETA FINSOL PRIVATE LIMITED,SELL,3101718,207.29
16-SEP-2026,NSE,bulk_deals,GLASSWALL,Glass Wall System (I) Ltd,MARWADI CHANDARANA INTERMEDIARIES BROKERS PRIVATE LIMITED,SELL,546941,212.74
16-SEP-2026,NSE,bulk_deals,GLASSWALL,Glass Wall System (I) Ltd,IRAGE BROKING SERVICES LLP,SELL,1458454,207.46
16-SEP-2026,NSE,bulk_deals,GLASSWALL,Glass Wall System (I) Ltd,GRT STRATEGIC VENTURES LLP,SELL,1425435,206.96
16-SEP-2026,NSE,bulk_deals,GLASSWALL,Glass Wall System (I) Ltd,PURE BROKING PRIVATE LIMITED,SELL,1569727,207.24
16-SEP-2026,NSE,bulk_deals,GLASSWALL,Glass Wall System (I) Ltd,GOLDMINE STOCKS PRIVATE LIMITED,SELL,999175,209.41
16-SEP-2026,NSE,bulk_deals,GLASSWALL,Glass Wall System (I) Ltd,DIPAN MEHTA COMMODITIES PRIVATE LIMITED,SELL,522257,209.02
16-SEP-2026,NSE,bulk_deals,GLASSWALL,Glass Wall System (I) Ltd,ELIXIR WEALTH MANAGEMENT PRIVATE LIMITED,SELL,560626,206.46
16-SEP-2026,NSE,bulk_deals,GLASSWALL,Glass Wall System (I) Ltd,OM TRADING,SELL,504152,209.23
16-SEP-2026,NSE,bulk_deals,GLASSWALL,Glass Wall System (I) Ltd,MANSI SHARE AND STOCK BROKING PRIVATE LIMITED,SELL,152732,200.84
16-SEP-2026,NSE,bulk_deals,GLASSWALL,Glass Wall System (I) Ltd,NK SECURITIES RESEARCH PRIVATE LIMITED,SELL,1433437,207.22
16-SEP-2026,NSE,bulk_deals,GODAVARIB,Godavari Biorefineries L,SILVERLEAF CAPITAL SERVICES PRIVATE LIMITED,SELL,314772,247.78
16-SEP-2026,NSE,bulk_deals,GODAVARIB,Godavari Biorefineries L,GRT STRATEGIC VENTURES LLP,SELL,263720,245.72
16-SEP-2026,NSE,bulk_deals,GODAVARIB,Godavari Biorefineries L,NK SECURITIES RESEARCH PRIVATE LIMITED,SELL,447141,245.11
16-SEP-2026,NSE,bulk_deals,GODAVARIB,Godavari Biorefineries L,MICROCURVES TRADING PRIVATE LIMITED,SELL,315726,248.98
16-SEP-2026,NSE,bulk_deals,GODAVARIB,Godavari Biorefineries L,JUNOMONETA FINSOL PRIVATE LIMITED,SELL,439179,245.26
16-SEP-2026,NSE,bulk_deals,GROWW,Billionbrains Garage Vn L,PEAK XV PARTNERS INVESTMENTS VI-1,SELL,91714208,191.49
16-SEP-2026,NSE,bulk_deals,HEXAGON,Hexagon Nutrition Limited,CP CAPITAL LIMITED,SELL,709834,64.9
16-SEP-2026,NSE,bulk_deals,IPL,India Pesticides Limited,SILVERLEAF CAPITAL SERVICES PRIVATE LIMITED,SELL,867949,144.48
16-SEP-2026,NSE,bulk_deals,IPL,India Pesticides Limited,NK SECURITIES RESEARCH PRIVATE LIMITED,SELL,1185956,143.8
16-SEP-2026,NSE,bulk_deals,IPL,India Pesticides Limited,MICROCURVES TRADING PRIVATE LIMITED,SELL,1017557,145.19
16-SEP-2026,NSE,bulk_deals,IPL,India Pesticides Limited,QE SECURITIES LLP,SELL,651691,144.16
16-SEP-2026,NSE,bulk_deals,IPL,India Pesticides Limited,IRAGE BROKING SERVICES LLP,SELL,559661,144.65
16-SEP-2026,NSE,bulk_deals,KANOHAR,Kanohar Electricals Ltd,IRAGE BROKING SERVICES LLP,SELL,567570,741.97
16-SEP-2026,NSE,bulk_deals,KANOHAR,Kanohar Electricals Ltd,JUNOMONETA FINSOL PRIVATE LIMITED,SELL,1030878,743.99
16-SEP-2026,NSE,bulk_deals,KANOHAR,Kanohar Electricals Ltd,MARWADI CHANDARANA INTERMEDIARIES BROKERS PRIVATE LIMITED,SELL,557168,751.45
16-SEP-2026,NSE,bulk_deals,KANOHAR,Kanohar Electricals Ltd,GRT STRATEGIC VENTURES LLP,SELL,521024,743.51
16-SEP-2026,NSE,bulk_deals,KANOHAR,Kanohar Electricals Ltd,NK SECURITIES RESEARCH PRIVATE LIMITED,SELL,564735,735.93
16-SEP-2026,NSE,bulk_deals,KOPRAN,Kopran Ltd.,JUNOMONETA FINSOL PRIVATE LIMITED,SELL,597857,262.89
16-SEP-2026,NSE,bulk_deals,KOPRAN,Kopran Ltd.,HRTI PRIVATE LIMITED,SELL,338199,260.91
16-SEP-2026,NSE,bulk_deals,KOPRAN,Kopran Ltd.,MICROCURVES TRADING PRIVATE LIMITED,SELL,674213,265.76
16-SEP-2026,NSE,bulk_deals,KOPRAN,Kopran Ltd.,ALPHAGREP SECURITIES PRIVATE LIMITED,SELL,882407,263.91
16-SEP-2026,NSE,bulk_deals,KOPRAN,Kopran Ltd.,NK SECURITIES RESEARCH PRIVATE LIMITED,SELL,389295,265.69
16-SEP-2026,NSE,bulk_deals,KOPRAN,Kopran Ltd.,QE SECURITIES LLP,SELL,573173,261.62
16-SEP-2026,NSE,bulk_deals,MADHURKNIT,Madhur Knit Crafts Ltd,PROGNOSIS SECURITIES PVT. LTD,SELL,168000,56.02
16-SEP-2026,NSE,bulk_deals,MARKOLINES,Markolines Pavement Tec L,VISTAAR TRADING SERVICE PRIVATE LIMITED,SELL,120856,167.22
16-SEP-2026,NSE,bulk_deals,MOBIKWIK,One Mobikwik Systems Ltd,HRTI PRIVATE LIMITED,SELL,857734,203.34
16-SEP-2026,NSE,bulk_deals,MOBIKWIK,One Mobikwik Systems Ltd,QE SECURITIES LLP,SELL,550710,204.31
16-SEP-2026,NSE,bulk_deals,MOLBIO,Molbio Diagnostics Ltd,JUNOMONETA FINSOL PRIVATE LIMITED,SELL,591823,1288.6
16-SEP-2026,NSE,bulk_deals,MOMSBELIEF,Rays of Belief Limited,SACHCHIYAY STOCK BROKING PRIVATE LIMITED,SELL,275000,217.15
16-SEP-2026,NSE,bulk_deals,MOREPENLAB,Morepan Laboratories Ltd.,HRTI PRIVATE LIMITED,SELL,2813508,107.18
16-SEP-2026,NSE,bulk_deals,MOTISONS,Motisons Jewellers Ltd,HRTI PRIVATE LIMITED,SELL,5850289,16.17
16-SEP-2026,NSE,bulk_deals,MOTISONS,Motisons Jewellers Ltd,ARIHANT CAPITAL MARKETS LIMITED,SELL,12188227,16.47
16-SEP-2026,NSE,bulk_deals,MVELECTRO,MV Electrosystems Limited,HRTI PRIVATE LIMITED,SELL,450378,800.2
16-SEP-2026,NSE,bulk_deals,MVELECTRO,MV Electrosystems Limited,JUMP TRADING FINANCIAL INDIA PRIVATE LIMITED,SELL,246346,802.22
16-SEP-2026,NSE,bulk_deals,MVELECTRO,MV Electrosystems Limited,JUNOMONETA FINSOL PRIVATE LIMITED,SELL,224488,794.02
16-SEP-2026,NSE,bulk_deals,MVELECTRO,MV Electrosystems Limited,QE SECURITIES LLP,SELL,209033,800.28
16-SEP-2026,NSE,bulk_deals,MVELECTRO,MV Electrosystems Limited,MICROCURVES TRADING PRIVATE LIMITED,SELL,145077,810.58
16-SEP-2026,NSE,bulk_deals,NEOCHEM,Neochem Bio Solutions Ltd,SHEETAL SAGAR BUILDERS & DEVELOPERS PRIVATE LIMITED,SELL,117600,107.67
16-SEP-2026,NSE,bulk_deals,NPST,Network People Srv Tech L,MICROCURVES TRADING PRIVATE LIMITED,SELL,126954,1859.89
16-SEP-2026,NSE,bulk_deals,NPST,Network People Srv Tech L,JUNOMONETA FINSOL PRIVATE LIMITED,SELL,132924,1847.16
16-SEP-2026,NSE,bulk_deals,PINELABS,Pine Labs Limited,QE SECURITIES LLP,SELL,5921017,184.22
16-SEP-2026,NSE,bulk_deals,PINELABS,Pine Labs Limited,HRTI PRIVATE LIMITED,SELL,7145510,184.53
16-SEP-2026,NSE,bulk_deals,PRAMODINI,Pramodini Medicare Ltd,NIRAJ RAJNIKANT SHAH,SELL,313200,114.95
16-SEP-2026,NSE,bulk_deals,PRANAV,Pranav Constructions Ltd,JUNOMONETA FINSOL PRIVATE LIMITED,SELL,643866,115.07
16-SEP-2026,NSE,bulk_deals,PRANAV,Pranav Constructions Ltd,D3 STOCK VISION LLP,SELL,637964,106.23
16-SEP-2026,NSE,bulk_deals,PRANAV,Pranav Constructions Ltd,NEO APEX SHARE BROKING SERVICES LLP,SELL,705620,107.47
16-SEP-2026,NSE,bulk_deals,PRANAV,Pranav Constructions Ltd,NK SECURITIES RESEARCH PRIVATE LIMITED,SELL,716000,112.78
16-SEP-2026,NSE,bulk_deals,PRANAV,Pranav Constructions Ltd,F3 ADVISORS PRIVATE LIMITED,SELL,175986,108.85
16-SEP-2026,NSE,bulk_deals,PRANAV,Pranav Constructions Ltd,MATHISYS QUANTCAP LLP,SELL,804312,111.18
16-SEP-2026,NSE,bulk_deals,RATNAVEER,Ratnaveer Precision Eng L,GALA PARUL PADAMSEE,SELL,476894,278.46
16-SEP-2026,NSE,bulk_deals,RATNAVEER,Ratnaveer Precision Eng L,SKYLINE RETAILER LLP,SELL,484281,280.09
16-SEP-2026,NSE,bulk_deals,RATNAVEER,Ratnaveer Precision Eng L,ARIHANT CAPITAL MARKETS LIMITED,SELL,3115791,281.71
16-SEP-2026,NSE,bulk_deals,RATNAVEER,Ratnaveer Precision Eng L,QE SECURITIES LLP,SELL,423753,281.62
16-SEP-2026,NSE,bulk_deals,RAYMOND,Raymond Ltd.,GRAVITON RESEARCH CAPITAL LLP,SELL,337776,986.37
16-SEP-2026,NSE,bulk_deals,RAYMOND,Raymond Ltd.,QE SECURITIES LLP,SELL,846296,981.78
16-SEP-2026,NSE,bulk_deals,RAYMOND,Raymond Ltd.,HRTI PRIVATE LIMITED,SELL,1072404,984.85
16-SEP-2026,NSE,bulk_deals,RAYMOND,Raymond Ltd.,JUNOMONETA FINSOL PRIVATE LIMITED,SELL,834326,984.09
16-SEP-2026,NSE,bulk_deals,RAYMOND,Raymond Ltd.,MICROCURVES TRADING PRIVATE LIMITED,SELL,391505,983.63
16-SEP-2026,NSE,bulk_deals,RCDL-RE,Rajgor Cast Derivati Ltd,BHAGYASHRI BRIJESHKUMAR RAJGOR,SELL,873000,2.35
16-SEP-2026,NSE,bulk_deals,ROSSTECH,Rossell Techsys Limited,MICROCURVES TRADING PRIVATE LIMITED,SELL,207487,1366.87
16-SEP-2026,NSE,bulk_deals,SEJALLTD,Sejal Glass Limited,DILESH ROADLINES PRIVATE LIMITED,SELL,100000,620.06
16-SEP-2026,NSE,bulk_deals,SPRL,SP Refractories Limited,KRISHNA NAGIN MEHTA,SELL,11200,104.0
16-SEP-2026,NSE,bulk_deals,SUNSHINE,Sunshine Pictures Limited,ARIHANT CAPITAL MARKETS LIMITED,SELL,493794,365.96
16-SEP-2026,NSE,bulk_deals,SUNSHINE,Sunshine Pictures Limited,HRTI PRIVATE LIMITED,SELL,298227,349.89
16-SEP-2026,NSE,bulk_deals,SUNSHINE,Sunshine Pictures Limited,QE SECURITIES LLP,SELL,289959,347.38
16-SEP-2026,NSE,bulk_deals,SUNSHINE,Sunshine Pictures Limited,MATHISYS QUANTCAP LLP,SELL,209421,352.67
16-SEP-2026,NSE,bulk_deals,SUNSHINE,Sunshine Pictures Limited,ANKITA VISHAL SHAH,SELL,61793,363.66
16-SEP-2026,NSE,bulk_deals,UHTL,United Heat Transfer Ltd,NEO APEX SHARE BROKING SERVICES LLP,SELL,98000,181.75
16-SEP-2026,NSE,bulk_deals,UMESLTD,Usha Martin Edu & Sol Ltd,NETLINK SOLUTIONS (INDIA) LIMITED,SELL,303132,4.09
16-SEP-2026,NSE,bulk_deals,VALUE360,Value 360 Communication L,BEACON STONE CAPITAL VCC - BEACON STONE I,SELL,108000,64.1
16-SEP-2026,NSE,bulk_deals,ZENITHDRUG,Zenith Drugs Limited,AMIT GARG,SELL,184000,43.1
NO RECORDS,NSE,block_deals,nan,nan,nan,nan,nan,nan
16/09/2026,BSE,bulk,538539,ANVRDHI,BONYKUMAR KIRITKUMAR SHAH,B,130000.0,13.35
16/09/2026,BSE,bulk,538539,ANVRDHI,AARAV REALITY PRIVATE LIMITED,B,100000.0,12.79
16/09/2026,BSE,bulk,512169,CAPRICORN,MAYANK GARG HUF,B,240000.0,31.11
16/09/2026,BSE,bulk,512169,CAPRICORN,BHANU PRAKASH VEMESHETTY,S,471510.0,31.41
16/09/2026,BSE,bulk,512169,CAPRICORN,MULTIPLIER SHARE & STOCK ADVISORS PRIVATE LIMITED,S,143533.0,30.8
16/09/2026,BSE,bulk,544347,CLN,BEACON STONE CAPITAL VCC - BEACON STONE I,S,270000.0,437.26
16/09/2026,BSE,bulk,544347,CLN,CRAFT EMERGING MARKET FUND PCC-ARBITRAGE STRATEGY FUND,B,270000.0,437.26
16/09/2026,BSE,bulk,538868,CSL,AAHWAANITH TRADECOM LLP,S,200000.0,23.2
16/09/2026,BSE,bulk,544876,ENS,ACME CAPITAL MARKET LIMITED,B,132000.0,101.51
16/09/2026,BSE,bulk,544876,ENS,RAMESH KASHIRAM PATIL,S,99600.0,101.61
16/09/2026,BSE,bulk,524444,EVEXIA,SHREE SAIBABA EXIM PRIVATE LIMITED,B,29356550.0,1.78
16/09/2026,BSE,bulk,524444,EVEXIA,F3 ADVISORS PRIVATE LIMITED,B,2570192.0,1.79
16/09/2026,BSE,bulk,524444,EVEXIA,MANSI SHARE AND STOCK BROKING PRIVATE LIMITED,B,11200000.0,1.75
16/09/2026,BSE,bulk,524444,EVEXIA,F3 ADVISORS PRIVATE LIMITED,S,9845192.0,1.77
16/09/2026,BSE,bulk,524444,EVEXIA,PRIJAL TRADEFIN LLP,S,10315400.0,1.74
16/09/2026,BSE,bulk,524444,EVEXIA,PRIJAL TRADEFIN LLP,B,1850000.0,1.71
16/09/2026,BSE,bulk,531911,GALAGEX,QAPLA INVESTMENTS,S,100000.0,97.5
16/09/2026,BSE,bulk,531911,GALAGEX,PROGNOSIS SECURITIES PVT. LTD.,B,100250.0,97.5
16/09/2026,BSE,bulk,544156,GCONNECT,RADHEY SHYAM KHANDELWAL,B,28500.0,13.0
16/09/2026,BSE,bulk,544156,GCONNECT,SHASHANK SINGH CHANDRAWANSHI,B,21000.0,13.0
16/09/2026,BSE,bulk,544156,GCONNECT,VAX ENTERPRISE PRIVATE LIMITED,S,27000.0,13.0
16/09/2026,BSE,bulk,544156,GCONNECT,ASHOKBHAI MADHUBHAI KORAT,S,30000.0,13.0
16/09/2026,BSE,bulk,542666,GKP,KEVAL HARSHAD GORADIA,S,282170.0,7.42
16/09/2026,BSE,bulk,542666,GKP,JIGAR GHANSHYAM PAREKH,B,272806.0,7.5
16/09/2026,BSE,bulk,544913,GLASSWALL,IRAGE BROKING SERVICES LLP,S,629897.0,211.71
16/09/2026,BSE,bulk,544913,GLASSWALL,IRAGE BROKING SERVICES LLP,B,782838.0,206.66
16/09/2026,BSE,bulk,544913,GLASSWALL,MANSI SHARE AND STOCK BROKING PRIVATE LIMITED,S,565221.0,215.93
16/09/2026,BSE,bulk,544913,GLASSWALL,MANSI SHARE AND STOCK BROKING PRIVATE LIMITED,B,55221.0,227.51
16/09/2026,BSE,bulk,544913,GLASSWALL,AUTHUM INVESTMENT & INFRASTRUCTURE LIMITED,B,500000.0,215.45
16/09/2026,BSE,bulk,539222,GROWINGTON,HARSH ATULKUMAR SHAH,B,9700000.0,0.99
16/09/2026,BSE,bulk,544911,KANOHAR,IRAGE BROKING SERVICES LLP,S,402505.0,746.35
16/09/2026,BSE,bulk,544911,KANOHAR,IRAGE BROKING SERVICES LLP,B,277614.0,744.33
16/09/2026,BSE,bulk,539679,KAPILRAJ,AMITA PODDAR,B,558149.0,2.45
16/09/2026,BSE,bulk,517320,MAGNUS,NEO APEX SHARE BROKING SERVICES LLP,S,25000.0,25.14
16/09/2026,BSE,bulk,517320,MAGNUS,NEO APEX SHARE BROKING SERVICES LLP,B,25000.0,25.14
16/09/2026,BSE,bulk,505797,MPCOSEMB,RITESH KUMAR JAIN,S,20610.0,32.77
16/09/2026,BSE,bulk,505797,MPCOSEMB,CRYSTECH INFOTECH PRIVATE LIMITED,B,30867.0,32.4
16/09/2026,BSE,bulk,517554,NHCFOODS,NEO APEX SHARE BROKING SERVICES LLP,S,4000000.0,1.96
16/09/2026,BSE,bulk,517554,NHCFOODS,NEO APEX SHARE BROKING SERVICES LLP,B,27200000.0,1.83
16/09/2026,BSE,bulk,544498,OVAL,CRAFT EMERGING MARKET FUND PCC-ARBITRAGE STRATEGY FUND,B,169600.0,47.5
16/09/2026,BSE,bulk,544498,OVAL,BEACON STONE CAPITAL VCC - BEACON STONE I,S,169600.0,47.5
16/09/2026,BSE,bulk,526873,RAJSEC,L7 HITECH PRIVATE LIMITED,S,1013445.0,57.95
16/09/2026,BSE,bulk,526873,RAJSEC,BLOOMCREST TRADE PRIVATE LIMITED,B,1000000.0,57.95
16/09/2026,BSE,bulk,526193,ROYALCU,FLYINGBEE INVESTMENT FUND,B,225000.0,11.51
16/09/2026,BSE,bulk,526193,ROYALCU,MONEYBEE SECURITIES PRIVATE LIMITED,S,225000.0,11.51
16/09/2026,BSE,bulk,512399,SERA,DAKSHESH RAMESHCHANDRA SHAH,B,650000.0,59.15
16/09/2026,BSE,bulk,512399,SERA,MOHAMED IRFAN MOHAMED LATIF SHAIKH,S,650000.0,59.15
16/09/2026,BSE,bulk,544774,SMR,CRAFT EMERGING MARKET FUND PCC-ARBITRAGE STRATEGY FUND,B,615000.0,87.91
16/09/2026,BSE,bulk,544774,SMR,BEACON STONE CAPITAL VCC - BEACON STONE I,S,615000.0,87.9
16/09/2026,BSE,bulk,539468,TFSL,TINABEN KANAIYALAL MODI,B,49499.0,21.9
16/09/2026,BSE,bulk,539468,TFSL,SAPANA RAICHAND GOLCHHA,S,49500.0,21.9
10/09/2026,BSE,block,531281,MARBLE,SALSETT VINIMAY PRIVATE LIMITED,B,2200000.0,117.0
10/09/2026,BSE,block,531281,MARBLE,VPS CONSTRUCTIONS PRIVATE LIMITED,S,2200000.0,117.0
10/09/2026,BSE,block,544386,SPECTRUM,MOTILAL OSWAL MUTUAL FUND,B,115000.0,2651.0
10/09/2026,BSE,block,544386,SPECTRUM,AJAY BHIKAMCHAND JAIN,S,115000.0,2651.0
17-SEP-2026,NSE,bulk_deals,ABH,ABH Healthcare Limited,NEO APEX SHARE BROKING SERVICES LLP,BUY,74400,38.2
17-SEP-2026,NSE,bulk_deals,AHCL,Anlon Healthcare Limited,HRTI PRIVATE LIMITED,BUY,3386281,21.07
17-SEP-2026,NSE,bulk_deals,AHCL,Anlon Healthcare Limited,JUNOMONETA FINSOL PRIVATE LIMITED,BUY,3557795,21.23
17-SEP-2026,NSE,bulk_deals,ARCIL,Asset Reconstruc Co (I) L,BNP PARIBAS FINANCIAL MARKETS,BUY,2828095,137.47
17-SEP-2026,NSE,bulk_deals,ARIS,Arisinfra Solutions Ltd,SIDDHARTH BHASKAR SHAH,BUY,1018247,125.0
17-SEP-2026,NSE,bulk_deals,ATALREAL,Atal Realtech Limited,JAGID VANITABEN RAJENDRAPRASAD,BUY,2750899,15.37
17-SEP-2026,NSE,bulk_deals,ATALREAL,Atal Realtech Limited,HRTI PRIVATE LIMITED,BUY,830960,14.82
17-SEP-2026,NSE,bulk_deals,AWHCL,Antony Waste Hdg Cell Ltd,JUNOMONETA FINSOL PRIVATE LIMITED,BUY,353156,385.29
17-SEP-2026,NSE,bulk_deals,AWHCL,Antony Waste Hdg Cell Ltd,SILVERLEAF CAPITAL SERVICES PRIVATE LIMITED,BUY,181593,385.75
17-SEP-2026,NSE,bulk_deals,AWHCL,Antony Waste Hdg Cell Ltd,MICROCURVES TRADING PRIVATE LIMITED,BUY,405649,385.59
17-SEP-2026,NSE,bulk_deals,AWHCL,Antony Waste Hdg Cell Ltd,NK SECURITIES RESEARCH PRIVATE LIMITED,BUY,232011,385.06
17-SEP-2026,NSE,bulk_deals,DUCON,Ducon Infratech Ltd,NEO APEX SHARE BROKING SERVICES LLP,BUY,5920539,1.27
17-SEP-2026,NSE,bulk_deals,DUCON,Ducon Infratech Ltd,MANSI SHARE AND STOCK BROKING PRIVATE LIMITED,BUY,1,1.41
17-SEP-2026,NSE,bulk_deals,EMPOWER,Empower India Ltd.,AKARSHIKA TRADERS LLP,BUY,6213687,2.51
17-SEP-2026,NSE,bulk_deals,GCSL,Gretex Corporate Services,MANSUKH SECURITIES & FINANCE LIMITED,BUY,152043,599.59
17-SEP-2026,NSE,bulk_deals,GLASSWALL,Glass Wall System (I) Ltd,ALPHAGREP SECURITIES PRIVATE LIMITED,BUY,1904362,241.09
17-SEP-2026,NSE,bulk_deals,GLASSWALL,Glass Wall System (I) Ltd,MICROCURVES TRADING PRIVATE LIMITED,BUY,2954019,241.8
17-SEP-2026,NSE,bulk_deals,GLASSWALL,Glass Wall System (I) Ltd,GRT STRATEGIC VENTURES LLP,BUY,756078,242.67
17-SEP-2026,NSE,bulk_deals,GLASSWALL,Glass Wall System (I) Ltd,JUNOMONETA FINSOL PRIVATE LIMITED,BUY,3525550,240.3
17-SEP-2026,NSE,bulk_deals,GLASSWALL,Glass Wall System (I) Ltd,IRAGE BROKING SERVICES LLP,BUY,1216122,240.84
17-SEP-2026,NSE,bulk_deals,GLASSWALL,Glass Wall System (I) Ltd,MATHISYS QUANTCAP LLP,BUY,1091444,241.56
17-SEP-2026,NSE,bulk_deals,GLASSWALL,Glass Wall System (I) Ltd,MAHAVEER COMSTOCK TRADIND LLP,BUY,628109,242.95
17-SEP-2026,NSE,bulk_deals,GLASSWALL,Glass Wall System (I) Ltd,NK SECURITIES RESEARCH PRIVATE LIMITED,BUY,1897573,240.74
17-SEP-2026,NSE,bulk_deals,GLASSWALL,Glass Wall System (I) Ltd,ASHWIN STOCKS AND INVESTMENT PRIVATE LIMITED,BUY,654000,247.1
17-SEP-2026,NSE,bulk_deals,GLASSWALL,Glass Wall System (I) Ltd,PLUTUS RESEARCH PRIVATE LIMITED,BUY,908557,241.61
17-SEP-2026,NSE,bulk_deals,GLASSWALL,Glass Wall System (I) Ltd,ELIXIR WEALTH MANAGEMENT PRIVATE LIMITED,BUY,636471,238.44
17-SEP-2026,NSE,bulk_deals,GLASSWALL,Glass Wall System (I) Ltd,DIPAN MEHTA COMMODITIES PRIVATE LIMITED,BUY,642210,240.63
17-SEP-2026,NSE,bulk_deals,GLASSWALL,Glass Wall System (I) Ltd,PURE BROKING PRIVATE LIMITED,BUY,793544,238.74
17-SEP-2026,NSE,bulk_deals,INDOTHAI,Indo Thai Sec Ltd,SETU SECURITIES PVT LTD,BUY,900012,35.32
17-SEP-2026,NSE,bulk_deals,INDOTHAI,Indo Thai Sec Ltd,NEO APEX SHARE BROKING SERVICES LLP,BUY,726010,35.35
17-SEP-2026,NSE,bulk_deals,KANOHAR,Kanohar Electricals Ltd,ALPHAGREP SECURITIES PRIVATE LIMITED,BUY,655831,832.46
17-SEP-2026,NSE,bulk_deals,KANOHAR,Kanohar Electricals Ltd,MICROCURVES TRADING PRIVATE LIMITED,BUY,1197167,838.4
17-SEP-2026,NSE,bulk_deals,KANOHAR,Kanohar Electricals Ltd,ELIXIR WEALTH MANAGEMENT PRIVATE LIMITED,BUY,726284,830.24
17-SEP-2026,NSE,bulk_deals,KANOHAR,Kanohar Electricals Ltd,JUNOMONETA FINSOL PRIVATE LIMITED,BUY,763441,825.42
17-SEP-2026,NSE,bulk_deals,KANOHAR,Kanohar Electricals Ltd,IRAGE BROKING SERVICES LLP,BUY,481543,839.96
17-SEP-2026,NSE,bulk_deals,KARAMTARA,Karamtara Engineering L,AUTHUM INVESTMENT & INFRASTRUCTURE LIMITED,BUY,5029954,350.25
17-SEP-2026,NSE,bulk_deals,KAYA,Kaya Limited,V.E.C FLEXI CAP FUND,BUY,77208,315.5
17-SEP-2026,NSE,bulk_deals,KKJEWELS,Kabra Jewels Limited,JE KE INVESTMENTS,BUY,60000,100.0
17-SEP-2026,NSE,bulk_deals,KOPRAN,Kopran Ltd.,QE SECURITIES LLP,BUY,250015,265.88
17-SEP-2026,NSE,bulk_deals,KSHITIJPOL,Kshitij Polyline Limited,SATISH MEJIYATAR,BUY,1785699,4.02
17-SEP-2026,NSE,bulk_deals,LCCPROJECT,LCC Projects Limited,NEOMILE CORPORATE ADVISORY LIMITED,BUY,6500000,186.1
17-SEP-2026,NSE,bulk_deals,LUMINO,Lumino Industries Limited,JUNOMONETA FINSOL PRIVATE LIMITED,BUY,1839715,104.28
17-SEP-2026,NSE,bulk_deals,LUMINO,Lumino Industries Limited,YUGA STOCKS AND COMMODITIES PRIVATE LIMITED,BUY,1775779,105.64
17-SEP-2026,NSE,bulk_deals,MADHURKNIT,Madhur Knit Crafts Ltd,MULTIPLIER SHARE & STOCK ADVISORS PRIVATE LIMITED,BUY,127200,45.05
17-SEP-2026,NSE,bulk_deals,MOBIKWIK,One Mobikwik Systems Ltd,QE SECURITIES LLP,BUY,437523,204.92
17-SEP-2026,NSE,bulk_deals,MOBIKWIK,One Mobikwik Systems Ltd,HRTI PRIVATE LIMITED,BUY,546186,203.03
17-SEP-2026,NSE,bulk_deals,MOTISONS,Motisons Jewellers Ltd,ARIHANT CAPITAL MARKETS LIMITED,BUY,23453288,17.71
17-SEP-2026,NSE,bulk_deals,MOTISONS,Motisons Jewellers Ltd,QE SECURITIES LLP,BUY,12269821,17.85
17-SEP-2026,NSE,bulk_deals,MOTISONS,Motisons Jewellers Ltd,ALPHAGREP SECURITIES PRIVATE LIMITED,BUY,6281347,17.87
17-SEP-2026,NSE,bulk_deals,MOTISONS,Motisons Jewellers Ltd,JUNOMONETA FINSOL PRIVATE LIMITED,BUY,12222232,17.83
17-SEP-2026,NSE,bulk_deals,MOTISONS,Motisons Jewellers Ltd,MICROCURVES TRADING PRIVATE LIMITED,BUY,7641366,17.99
17-SEP-2026,NSE,bulk_deals,MOTISONS,Motisons Jewellers Ltd,HRTI PRIVATE LIMITED,BUY,9059477,17.91
17-SEP-2026,NSE,bulk_deals,MPEL-RE,Manas Poly n Energ Ltd,AMRIT L GANDHI  (HUF),BUY,150400,1.45
17-SEP-2026,NSE,bulk_deals,MPEL-RE,Manas Poly n Energ Ltd,CHANDRIKA RAMAN SHAH,BUY,262400,1.64
17-SEP-2026,NSE,bulk_deals,MPEL-RE,Manas Poly n Energ Ltd,KARAN  BALKRISHNA SHAH,BUY,262400,1.64
17-SEP-2026,NSE,bulk_deals,MPEL-RE,Manas Poly n Energ Ltd,RAMAN SHAMJIBHAI SHAH (HUF),BUY,249600,1.5
17-SEP-2026,NSE,bulk_deals,MPEL-RE,Manas Poly n Energ Ltd,SHRUTI RAMAN SHAH,BUY,262400,1.64
17-SEP-2026,NSE,bulk_deals,PNC,PNC Media and Ent Ltd,IRAGE BROKING SERVICES LLP,BUY,82036,17.5
17-SEP-2026,NSE,bulk_deals,PRANAV,Pranav Constructions Ltd,JUNOMONETA FINSOL PRIVATE LIMITED,BUY,753572,112.0
17-SEP-2026,NSE,bulk_deals,PRANAV,Pranav Constructions Ltd,KRISHNA AWTAR KABRA,BUY,735342,113.53
17-SEP-2026,NSE,bulk_deals,PRANAV,Pranav Constructions Ltd,QE SECURITIES LLP,BUY,807205,112.84
17-SEP-2026,NSE,bulk_deals,PRANAV,Pranav Constructions Ltd,PARTH INFIN BROKERS PVT LTD,BUY,673123,113.71
17-SEP-2026,NSE,bulk_deals,RANASUG,Rana Sugars Ltd,MOHAMMAD AFSAR KHAN,BUY,1000000,14.72
17-SEP-2026,NSE,bulk_deals,RATNAVEER,Ratnaveer Precision Eng L,HRTI PRIVATE LIMITED,BUY,848799,304.07
17-SEP-2026,NSE,bulk_deals,RATNAVEER,Ratnaveer Precision Eng L,MATHISYS QUANTCAP LLP,BUY,485196,306.69
17-SEP-2026,NSE,bulk_deals,RATNAVEER,Ratnaveer Precision Eng L,QE SECURITIES LLP,BUY,982257,305.4
17-SEP-2026,NSE,bulk_deals,RATNAVEER,Ratnaveer Precision Eng L,ALPHAGREP SECURITIES PRIVATE LIMITED,BUY,487856,308.11
17-SEP-2026,NSE,bulk_deals,RATNAVEER,Ratnaveer Precision Eng L,UNITY ASSOCIATES,BUY,818913,304.66
17-SEP-2026,NSE,bulk_deals,RATNAVEER,Ratnaveer Precision Eng L,JAINAM BROKING LIMITED,BUY,1530000,290.4
17-SEP-2026,NSE,bulk_deals,RATNAVEER,Ratnaveer Precision Eng L,ARTHKUMBH VENTURES LLP,BUY,1010000,292.67
17-SEP-2026,NSE,bulk_deals,RATNAVEER,Ratnaveer Precision Eng L,ARIHANT CAPITAL MARKETS LIMITED,BUY,2769718,298.46
17-SEP-2026,NSE,bulk_deals,RATNAVEER,Ratnaveer Precision Eng L,MICROCURVES TRADING PRIVATE LIMITED,BUY,600909,310.62
17-SEP-2026,NSE,bulk_deals,RATNAVEER,Ratnaveer Precision Eng L,JUNOMONETA FINSOL PRIVATE LIMITED,BUY,606324,306.79
17-SEP-2026,NSE,bulk_deals,RAYMOND,Raymond Ltd.,HRTI PRIVATE LIMITED,BUY,327404,982.97
17-SEP-2026,NSE,bulk_deals,RENTOMOJO,Rentomojo Limited,S I INVESTMENTS ## BROKING PVT.LTD,BUY,600000,491.61
17-SEP-2026,NSE,bulk_deals,RENTOMOJO,Rentomojo Limited,ELIXIR WEALTH MANAGEMENT PRIVATE LIMITED,BUY,557080,517.31
17-SEP-2026,NSE,bulk_deals,RENTOMOJO,Rentomojo Limited,ABS DIRECT EQUITY FUND LLC - INDIA SERIES 3,BUY,522473,504.55
17-SEP-2026,NSE,bulk_deals,RENTOMOJO,Rentomojo Limited,MICROCURVES TRADING PRIVATE LIMITED,BUY,1016645,521.19
17-SEP-2026,NSE,bulk_deals,RENTOMOJO,Rentomojo Limited,JUNOMONETA FINSOL PRIVATE LIMITED,BUY,1475491,513.37
17-SEP-2026,NSE,bulk_deals,RENTOMOJO,Rentomojo Limited,NK SECURITIES RESEARCH PRIVATE LIMITED,BUY,1202669,510.75
17-SEP-2026,NSE,bulk_deals,RENTOMOJO,Rentomojo Limited,IRAGE BROKING SERVICES LLP,BUY,907693,517.14
17-SEP-2026,NSE,bulk_deals,RENTOMOJO,Rentomojo Limited,GRT STRATEGIC VENTURES LLP,BUY,650788,513.62
17-SEP-2026,NSE,bulk_deals,RENTOMOJO,Rentomojo Limited,CAPITAL ONE PARTNERS,BUY,546561,509.96
17-SEP-2026,NSE,bulk_deals,RENTOMOJO,Rentomojo Limited,OM TRADING,BUY,513725,516.41
17-SEP-2026,NSE,bulk_deals,RENTOMOJO,Rentomojo Limited,MARWADI CHANDARANA INTERMEDIARIES BROKERS PRIVATE LIMITED,BUY,1037098,521.33
17-SEP-2026,NSE,bulk_deals,RENTOMOJO,Rentomojo Limited,HELIOS MUTUAL FUND,BUY,870770,510.42
17-SEP-2026,NSE,bulk_deals,RIR,RIR Power Electronics L,VINSUL MAKARDI LTD,BUY,490875,200.17
17-SEP-2026,NSE,bulk_deals,RIR,RIR Power Electronics L,QE SECURITIES LLP,BUY,805330,199.83
17-SEP-2026,NSE,bulk_deals,RIR,RIR Power Electronics L,MICROCURVES TRADING PRIVATE LIMITED,BUY,1763793,200.17
17-SEP-2026,NSE,bulk_deals,RIR,RIR Power Electronics L,JUNOMONETA FINSOL PRIVATE LIMITED,BUY,1771531,200.2
17-SEP-2026,NSE,bulk_deals,RIR,RIR Power Electronics L,HRTI PRIVATE LIMITED,BUY,1131902,199.58
17-SEP-2026,NSE,bulk_deals,RIR,RIR Power Electronics L,NK SECURITIES RESEARCH PRIVATE LIMITED,BUY,1486318,200.7
17-SEP-2026,NSE,bulk_deals,RIR,RIR Power Electronics L,IRAGE BROKING SERVICES LLP,BUY,541316,199.45
17-SEP-2026,NSE,bulk_deals,RIR,RIR Power Electronics L,J4S FINANCIAL SOLUTIONS LLP,BUY,658437,199.75
17-SEP-2026,NSE,bulk_deals,RIR,RIR Power Electronics L,SILVERLEAF CAPITAL SERVICES PRIVATE LIMITED,BUY,606249,199.02
17-SEP-2026,NSE,bulk_deals,SHAREINDIA,Share Ind. Securities Ltd,JUNOMONETA FINSOL PRIVATE LIMITED,BUY,2376865,214.73
17-SEP-2026,NSE,bulk_deals,SHAREINDIA,Share Ind. Securities Ltd,MICROCURVES TRADING PRIVATE LIMITED,BUY,1206351,215.78
17-SEP-2026,NSE,bulk_deals,SHAREINDIA,Share Ind. Securities Ltd,HRTI PRIVATE LIMITED,BUY,2347772,214.08
17-SEP-2026,NSE,bulk_deals,STEAMHOUSE,Steamhouse India Limited,GRT STRATEGIC VENTURES LLP,BUY,1920905,97.66
17-SEP-2026,NSE,bulk_deals,STEAMHOUSE,Steamhouse India Limited,MARWADI CHANDARANA INTERMEDIARIES BROKERS PRIVATE LIMITED,BUY,1589648,99.25
17-SEP-2026,NSE,bulk_deals,STEAMHOUSE,Steamhouse India Limited,IRAGE BROKING SERVICES LLP,BUY,1793825,97.95
17-SEP-2026,NSE,bulk_deals,STEAMHOUSE,Steamhouse India Limited,NK SECURITIES RESEARCH PRIVATE LIMITED,BUY,2574129,98.73
17-SEP-2026,NSE,bulk_deals,SUNSHINE,Sunshine Pictures Limited,MATHISYS QUANTCAP LLP,BUY,160303,376.44
17-SEP-2026,NSE,bulk_deals,SUNSHINE,Sunshine Pictures Limited,ARIHANT CAPITAL MARKETS LIMITED,BUY,475823,373.29
17-SEP-2026,NSE,bulk_deals,SUNSHINE,Sunshine Pictures Limited,HRTI PRIVATE LIMITED,BUY,188289,376.74
17-SEP-2026,NSE,bulk_deals,TEJA,Teja Engineering Ind L,ABUNDANTIA CAPITAL VCC - ABUNDANTIA CAPITAL III,BUY,63600,224.59
17-SEP-2026,NSE,bulk_deals,UCL,Ushanti Colour Chem Ltd,TWIN BULLS CAPITAL,BUY,76000,230.5
17-SEP-2026,NSE,bulk_deals,VINOD,Vinod Texworld Limited,VIKASA INDIA EIF I FUND - SHARE CLASS P,BUY,410400,94.0
17-SEP-2026,NSE,bulk_deals,ABH,ABH Healthcare Limited,NEO APEX SHARE BROKING SERVICES LLP,SELL,115200,38.21
17-SEP-2026,NSE,bulk_deals,ABH,ABH Healthcare Limited,MAHAMMADFARUK HAJIBHAI MIR,SELL,129600,38.2
17-SEP-2026,NSE,bulk_deals,AHCL,Anlon Healthcare Limited,HRTI PRIVATE LIMITED,SELL,3703077,21.21
17-SEP-2026,NSE,bulk_deals,AHCL,Anlon Healthcare Limited,JUNOMONETA FINSOL PRIVATE LIMITED,SELL,3557795,21.26
17-SEP-2026,NSE,bulk_deals,ARCIL,Asset Reconstruc Co (I) L,BNP PARIBAS FINANCIAL MARKETS,SELL,86143,134.22
17-SEP-2026,NSE,bulk_deals,ATALREAL,Atal Realtech Limited,HRTI PRIVATE LIMITED,SELL,857243,15.16
17-SEP-2026,NSE,bulk_deals,ATALREAL,Atal Realtech Limited,JAGID VANITABEN RAJENDRAPRASAD,SELL,4695523,15.36
17-SEP-2026,NSE,bulk_deals,AWHCL,Antony Waste Hdg Cell Ltd,JUNOMONETA FINSOL PRIVATE LIMITED,SELL,354907,385.6
17-SEP-2026,NSE,bulk_deals,AWHCL,Antony Waste Hdg Cell Ltd,MICROCURVES TRADING PRIVATE LIMITED,SELL,405649,385.97
17-SEP-2026,NSE,bulk_deals,AWHCL,Antony Waste Hdg Cell Ltd,NK SECURITIES RESEARCH PRIVATE LIMITED,SELL,232011,385.24
17-SEP-2026,NSE,bulk_deals,AWHCL,Antony Waste Hdg Cell Ltd,SILVERLEAF CAPITAL SERVICES PRIVATE LIMITED,SELL,181593,385.65
17-SEP-2026,NSE,bulk_deals,DUCON,Ducon Infratech Ltd,MANSI SHARE AND STOCK BROKING PRIVATE LIMITED,SELL,5142202,1.29
17-SEP-2026,NSE,bulk_deals,DUCON,Ducon Infratech Ltd,NEO APEX SHARE BROKING SERVICES LLP,SELL,3014590,1.33
17-SEP-2026,NSE,bulk_deals,ENTERO,Entero Healthcare Solu L,PRASID UNO FAMILY TRUST,SELL,410000,1692.98
17-SEP-2026,NSE,bulk_deals,FASCINATE,Fascinate Textiles Ltd,NEO APEX SHARE BROKING SERVICES LLP,SELL,129600,45.6
17-SEP-2026,NSE,bulk_deals,GCSL,Gretex Corporate Services,MANSUKH SECURITIES & FINANCE LIMITED,SELL,66682,602.38
17-SEP-2026,NSE,bulk_deals,GLASSWALL,Glass Wall System (I) Ltd,MATHISYS QUANTCAP LLP,SELL,1093007,241.93
17-SEP-2026,NSE,bulk_deals,GLASSWALL,Glass Wall System (I) Ltd,IRAGE BROKING SERVICES LLP,SELL,872283,240.31
17-SEP-2026,NSE,bulk_deals,GLASSWALL,Glass Wall System (I) Ltd,GRT STRATEGIC VENTURES LLP,SELL,756799,242.78
17-SEP-2026,NSE,bulk_deals,GLASSWALL,Glass Wall System (I) Ltd,ALPHAGREP SECURITIES PRIVATE LIMITED,SELL,1904362,241.1
17-SEP-2026,NSE,bulk_deals,GLASSWALL,Glass Wall System (I) Ltd,MAHAVEER COMSTOCK TRADIND LLP,SELL,628109,243.26
17-SEP-2026,NSE,bulk_deals,GLASSWALL,Glass Wall System (I) Ltd,PURE BROKING PRIVATE LIMITED,SELL,827240,238.41
17-SEP-2026,NSE,bulk_deals,GLASSWALL,Glass Wall System (I) Ltd,NK SECURITIES RESEARCH PRIVATE LIMITED,SELL,1899602,240.87
17-SEP-2026,NSE,bulk_deals,GLASSWALL,Glass Wall System (I) Ltd,ASHWIN STOCKS AND INVESTMENT PRIVATE LIMITED,SELL,369000,241.94
17-SEP-2026,NSE,bulk_deals,GLASSWALL,Glass Wall System (I) Ltd,PLUTUS RESEARCH PRIVATE LIMITED,SELL,910032,241.86
17-SEP-2026,NSE,bulk_deals,GLASSWALL,Glass Wall System (I) Ltd,ELIXIR WEALTH MANAGEMENT PRIVATE LIMITED,SELL,661471,240.02
17-SEP-2026,NSE,bulk_deals,GLASSWALL,Glass Wall System (I) Ltd,DIPAN MEHTA COMMODITIES PRIVATE LIMITED,SELL,652211,241.26
17-SEP-2026,NSE,bulk_deals,GLASSWALL,Glass Wall System (I) Ltd,MICROCURVES TRADING PRIVATE LIMITED,SELL,2958132,241.89
17-SEP-2026,NSE,bulk_deals,GLASSWALL,Glass Wall System (I) Ltd,JUNOMONETA FINSOL PRIVATE LIMITED,SELL,3563312,240.43
17-SEP-2026,NSE,bulk_deals,INDOTHAI,Indo Thai Sec Ltd,SETU SECURITIES PVT LTD,SELL,42982,36.19
17-SEP-2026,NSE,bulk_deals,INDOTHAI,Indo Thai Sec Ltd,NEO APEX SHARE BROKING SERVICES LLP,SELL,1058259,35.36
17-SEP-2026,NSE,bulk_deals,JETFREIGHT,Jet Freight Logistics Ltd,RIYA ANSH PATEL,SELL,241300,17.83
17-SEP-2026,NSE,bulk_deals,KANOHAR,Kanohar Electricals Ltd,JUNOMONETA FINSOL PRIVATE LIMITED,SELL,763409,825.74
17-SEP-2026,NSE,bulk_deals,KANOHAR,Kanohar Electricals Ltd,MICROCURVES TRADING PRIVATE LIMITED,SELL,1197167,838.98
17-SEP-2026,NSE,bulk_deals,KANOHAR,Kanohar Electricals Ltd,ELIXIR WEALTH MANAGEMENT PRIVATE LIMITED,SELL,721207,832.77
17-SEP-2026,NSE,bulk_deals,KANOHAR,Kanohar Electricals Ltd,ALPHAGREP SECURITIES PRIVATE LIMITED,SELL,655831,832.72
17-SEP-2026,NSE,bulk_deals,KANOHAR,Kanohar Electricals Ltd,IRAGE BROKING SERVICES LLP,SELL,352406,831.46
17-SEP-2026,NSE,bulk_deals,KAYA,Kaya Limited,V E C STRATEGIC LONG TERM INVESTMENT FUND,SELL,77208,315.5
17-SEP-2026,NSE,bulk_deals,KOPRAN,Kopran Ltd.,QE SECURITIES LLP,SELL,257185,265.59
17-SEP-2026,NSE,bulk_deals,KSHITIJPOL,Kshitij Polyline Limited,SATISH MEJIYATAR,SELL,2038410,4.02
17-SEP-2026,NSE,bulk_deals,LAMOSAIC,Lamosaic India Limited,ACME CAPITAL MARKET LIMITED,SELL,60000,52.5
17-SEP-2026,NSE,bulk_deals,LUMINO,Lumino Industries Limited,YUGA STOCKS AND COMMODITIES PRIVATE LIMITED,SELL,1775779,105.64
17-SEP-2026,NSE,bulk_deals,LUMINO,Lumino Industries Limited,JUNOMONETA FINSOL PRIVATE LIMITED,SELL,1843248,104.28
17-SEP-2026,NSE,bulk_deals,MADHURKNIT,Madhur Knit Crafts Ltd,MULTIPLIER SHARE & STOCK ADVISORS PRIVATE LIMITED,SELL,103200,44.85
17-SEP-2026,NSE,bulk_deals,MADHURKNIT,Madhur Knit Crafts Ltd,PROGNOSIS SECURITIES PVT. LTD,SELL,186000,46.12
17-SEP-2026,NSE,bulk_deals,MOBIKWIK,One Mobikwik Systems Ltd,QE SECURITIES LLP,SELL,436613,203.79
17-SEP-2026,NSE,bulk_deals,MOBIKWIK,One Mobikwik Systems Ltd,HRTI PRIVATE LIMITED,SELL,485417,203.96
17-SEP-2026,NSE,bulk_deals,MOTISONS,Motisons Jewellers Ltd,ALPHAGREP SECURITIES PRIVATE LIMITED,SELL,6281347,17.88
17-SEP-2026,NSE,bulk_deals,MOTISONS,Motisons Jewellers Ltd,ARIHANT CAPITAL MARKETS LIMITED,SELL,21381864,17.81
17-SEP-2026,NSE,bulk_deals,MOTISONS,Motisons Jewellers Ltd,QE SECURITIES LLP,SELL,13078141,17.78
17-SEP-2026,NSE,bulk_deals,MOTISONS,Motisons Jewellers Ltd,HRTI PRIVATE LIMITED,SELL,8261705,17.69
17-SEP-2026,NSE,bulk_deals,MOTISONS,Motisons Jewellers Ltd,JUNOMONETA FINSOL PRIVATE LIMITED,SELL,12222792,17.84
17-SEP-2026,NSE,bulk_deals,MOTISONS,Motisons Jewellers Ltd,MICROCURVES TRADING PRIVATE LIMITED,SELL,7641366,18.0
17-SEP-2026,NSE,bulk_deals,MPEL-RE,Manas Poly n Energ Ltd,VINEET BHADAURIA,SELL,1318400,1.57
17-SEP-2026,NSE,bulk_deals,ONIDA,Onida Electronics Limited,SSPL SECURITIES PRIVATE LIMITED,SELL,1890000,33.76
17-SEP-2026,NSE,bulk_deals,PNC,PNC Media and Ent Ltd,IRAGE BROKING SERVICES LLP,SELL,48842,16.84
17-SEP-2026,NSE,bulk_deals,PRANAV,Pranav Constructions Ltd,KRISHNA AWTAR KABRA,SELL,735342,112.95
17-SEP-2026,NSE,bulk_deals,PRANAV,Pranav Constructions Ltd,JUNOMONETA FINSOL PRIVATE LIMITED,SELL,736152,112.08
17-SEP-2026,NSE,bulk_deals,PRANAV,Pranav Constructions Ltd,QE SECURITIES LLP,SELL,793836,112.46
17-SEP-2026,NSE,bulk_deals,PRANAV,Pranav Constructions Ltd,PARTH INFIN BROKERS PVT LTD,SELL,673123,113.74
17-SEP-2026,NSE,bulk_deals,RANASUG,Rana Sugars Ltd,NIRANJAN MAHANTA,SELL,780000,14.72
17-SEP-2026,NSE,bulk_deals,RATNAVEER,Ratnaveer Precision Eng L,MATHISYS QUANTCAP LLP,SELL,499529,307.01
17-SEP-2026,NSE,bulk_deals,RATNAVEER,Ratnaveer Precision Eng L,NOVA GLOBAL OPPORTUNITIES FUND PCC - TOUCHSTONE,SELL,746910,290.01
17-SEP-2026,NSE,bulk_deals,RATNAVEER,Ratnaveer Precision Eng L,ALPHAGREP SECURITIES PRIVATE LIMITED,SELL,487856,309.21
17-SEP-2026,NSE,bulk_deals,RATNAVEER,Ratnaveer Precision Eng L,HRTI PRIVATE LIMITED,SELL,613260,306.13
17-SEP-2026,NSE,bulk_deals,RATNAVEER,Ratnaveer Precision Eng L,MICROCURVES TRADING PRIVATE LIMITED,SELL,600909,310.74
17-SEP-2026,NSE,bulk_deals,RATNAVEER,Ratnaveer Precision Eng L,ARIHANT CAPITAL MARKETS LIMITED,SELL,2766169,301.87
17-SEP-2026,NSE,bulk_deals,RATNAVEER,Ratnaveer Precision Eng L,QE SECURITIES LLP,SELL,1010985,307.31
17-SEP-2026,NSE,bulk_deals,RATNAVEER,Ratnaveer Precision Eng L,JUNOMONETA FINSOL PRIVATE LIMITED,SELL,590441,307.0
17-SEP-2026,NSE,bulk_deals,RATNAVEER,Ratnaveer Precision Eng L,NOPEA CAPITAL SERVICES PRIVATE LIMITED,SELL,621220,290.0
17-SEP-2026,NSE,bulk_deals,RATNAVEER,Ratnaveer Precision Eng L,ARTHKUMBH VENTURES LLP,SELL,200,307.5
17-SEP-2026,NSE,bulk_deals,RATNAVEER,Ratnaveer Precision Eng L,JAINAM BROKING LIMITED,SELL,5000,310.96
17-SEP-2026,NSE,bulk_deals,RATNAVEER,Ratnaveer Precision Eng L,UNITY ASSOCIATES,SELL,14023,305.09
17-SEP-2026,NSE,bulk_deals,RAYMOND,Raymond Ltd.,HRTI PRIVATE LIMITED,SELL,338779,985.22
17-SEP-2026,NSE,bulk_deals,RENTOMOJO,Rentomojo Limited,IRAGE BROKING SERVICES LLP,SELL,1318102,514.45
17-SEP-2026,NSE,bulk_deals,RENTOMOJO,Rentomojo Limited,NK SECURITIES RESEARCH PRIVATE LIMITED,SELL,1202669,510.96
17-SEP-2026,NSE,bulk_deals,RENTOMOJO,Rentomojo Limited,CAPITAL ONE PARTNERS,SELL,546561,513.24
17-SEP-2026,NSE,bulk_deals,RENTOMOJO,Rentomojo Limited,OM TRADING,SELL,538725,516.59
17-SEP-2026,NSE,bulk_deals,RENTOMOJO,Rentomojo Limited,CHIRATAE GROWTH FUND I,SELL,1305000,520.61
17-SEP-2026,NSE,bulk_deals,RENTOMOJO,Rentomojo Limited,ELIXIR WEALTH MANAGEMENT PRIVATE LIMITED,SELL,550080,518.75
17-SEP-2026,NSE,bulk_deals,RENTOMOJO,Rentomojo Limited,GRT STRATEGIC VENTURES LLP,SELL,650788,513.86
17-SEP-2026,NSE,bulk_deals,RENTOMOJO,Rentomojo Limited,MICROCURVES TRADING PRIVATE LIMITED,SELL,1016645,521.67
17-SEP-2026,NSE,bulk_deals,RENTOMOJO,Rentomojo Limited,JUNOMONETA FINSOL PRIVATE LIMITED,SELL,1537142,513.5
17-SEP-2026,NSE,bulk_deals,RENTOMOJO,Rentomojo Limited,MARWADI CHANDARANA INTERMEDIARIES BROKERS PRIVATE LIMITED,SELL,1034098,522.03
17-SEP-2026,NSE,bulk_deals,RIR,RIR Power Electronics L,HRTI PRIVATE LIMITED,SELL,1195302,200.19
17-SEP-2026,NSE,bulk_deals,RIR,RIR Power Electronics L,VINSUL MAKARDI LTD,SELL,490875,200.38
17-SEP-2026,NSE,bulk_deals,RIR,RIR Power Electronics L,SILVERLEAF CAPITAL SERVICES PRIVATE LIMITED,SELL,606249,199.13
17-SEP-2026,NSE,bulk_deals,RIR,RIR Power Electronics L,MICROCURVES TRADING PRIVATE LIMITED,SELL,1763793,200.29
17-SEP-2026,NSE,bulk_deals,RIR,RIR Power Electronics L,QE SECURITIES LLP,SELL,837851,199.8
17-SEP-2026,NSE,bulk_deals,RIR,RIR Power Electronics L,J4S FINANCIAL SOLUTIONS LLP,SELL,658437,199.9
17-SEP-2026,NSE,bulk_deals,RIR,RIR Power Electronics L,NK SECURITIES RESEARCH PRIVATE LIMITED,SELL,1486318,200.81
17-SEP-2026,NSE,bulk_deals,RIR,RIR Power Electronics L,IRAGE BROKING SERVICES LLP,SELL,649410,199.89
17-SEP-2026,NSE,bulk_deals,RIR,RIR Power Electronics L,JUNOMONETA FINSOL PRIVATE LIMITED,SELL,1833154,200.44
17-SEP-2026,NSE,bulk_deals,SHAREINDIA,Share Ind. Securities Ltd,JUNOMONETA FINSOL PRIVATE LIMITED,SELL,2389099,214.8
17-SEP-2026,NSE,bulk_deals,SHAREINDIA,Share Ind. Securities Ltd,MICROCURVES TRADING PRIVATE LIMITED,SELL,1206351,215.9
17-SEP-2026,NSE,bulk_deals,SHAREINDIA,Share Ind. Securities Ltd,HRTI PRIVATE LIMITED,SELL,1991563,214.04
17-SEP-2026,NSE,bulk_deals,STEAMHOUSE,Steamhouse India Limited,MARWADI CHANDARANA INTERMEDIARIES BROKERS PRIVATE LIMITED,SELL,1319658,102.49
17-SEP-2026,NSE,bulk_deals,STEAMHOUSE,Steamhouse India Limited,GRT STRATEGIC VENTURES LLP,SELL,1920549,97.73
17-SEP-2026,NSE,bulk_deals,STEAMHOUSE,Steamhouse India Limited,IRAGE BROKING SERVICES LLP,SELL,2423908,97.16
17-SEP-2026,NSE,bulk_deals,STEAMHOUSE,Steamhouse India Limited,NK SECURITIES RESEARCH PRIVATE LIMITED,SELL,2574129,98.79
17-SEP-2026,NSE,bulk_deals,SUNSHINE,Sunshine Pictures Limited,HRTI PRIVATE LIMITED,SELL,280846,375.29
17-SEP-2026,NSE,bulk_deals,SUNSHINE,Sunshine Pictures Limited,ARIHANT CAPITAL MARKETS LIMITED,SELL,547770,385.03
17-SEP-2026,NSE,bulk_deals,SUNSHINE,Sunshine Pictures Limited,MATHISYS QUANTCAP LLP,SELL,156736,378.16
17-SEP-2026,NSE,bulk_deals,UCL,Ushanti Colour Chem Ltd,SARVAD INFRABUILD LLP,SELL,76000,230.5
17-SEP-2026,NSE,block_deals,ASIANPAINT,Asian Paints Limited,SMITI HOLDING AND TRADING COMPANY PRIVATE LIMITED,BUY,164000,2440.0
17-SEP-2026,NSE,block_deals,GLAND,Gland Pharma Limited,BOFA SECURITIES EUROPE SA,BUY,150000,2826.6
17-SEP-2026,NSE,block_deals,ASIANPAINT,Asian Paints Limited,JALAJ A DANI,SELL,164000,2440.0
17-SEP-2026,NSE,block_deals,GLAND,Gland Pharma Limited,NORTH ROCK SG VCC,SELL,150000,2826.6
17/09/2026,BSE,bulk,544920,AMTECH,PUSHPALATA DWIVEDI,B,54400.0,95.99
17/09/2026,BSE,bulk,544920,AMTECH,SHUBHAM TIBREWAL,B,48000.0,100.0
17/09/2026,BSE,bulk,544920,AMTECH,SPS STEELS ROLLING MILLS LIMITED,B,112000.0,100.0
17/09/2026,BSE,bulk,544920,AMTECH,SMC INDIA OPPORTUNITIES FUND,S,44800.0,98.49
17/09/2026,BSE,bulk,544920,AMTECH,MONEYYWISE FINANCIAL SERVICES PVT LTD,S,44800.0,98.69
17/09/2026,BSE,bulk,544920,AMTECH,GETFIVE OPPORTUNITY FUND-I,S,80000.0,97.95
17/09/2026,BSE,bulk,544694,ANL,NAMAMIKASHI HOTEL PRIVATE LIMITED,B,62000.0,296.0
17/09/2026,BSE,bulk,544694,ANL,LAKSHMISHREE INVESTMENT & SECURITIES PRIVATE LIMITED,S,62000.0,296.0
17/09/2026,BSE,bulk,544772,AUREATE,BHAVIK KISHORBHAI NATHAVANI,B,50000.0,41.36
17/09/2026,BSE,bulk,544772,AUREATE,BHAVIK KISHORBHAI NATHAVANI,S,78000.0,39.88
17/09/2026,BSE,bulk,531458,BOSTON,RITESH JITENDRA VASNAWALA,B,84740.0,5.98
17/09/2026,BSE,bulk,512169,CAPRICORN,PRIJAL TRADEFIN LLP,S,162220.0,30.79
17/09/2026,BSE,bulk,540811,DML,SINGASANDRA NAGAPPA MAHADEVA,S,175000.0,13.07
17/09/2026,BSE,bulk,540811,DML,RITU NATH,B,75000.0,12.98
17/09/2026,BSE,bulk,531553,DRL,DEEPTI PANKAJ CHHEDA,B,500.0,36.58
17/09/2026,BSE,bulk,531553,DRL,DEEPTI PANKAJ CHHEDA,S,38868.0,37.9
17/09/2026,BSE,bulk,531553,DRL,DEEP  AGARWAL,B,40000.0,37.89
17/09/2026,BSE,bulk,534674,DUCON,MANSI SHARE AND STOCK BROKING PRIVATE LIMITED,S,5010159.0,1.25
17/09/2026,BSE,bulk,534674,DUCON,NEO APEX SHARE BROKING SERVICES LLP,B,5487948.0,1.25
17/09/2026,BSE,bulk,534674,DUCON,NEO APEX SHARE BROKING SERVICES LLP,S,3232698.0,1.27
17/09/2026,BSE,bulk,544122,ENTERO,PRASID UNO FAMILY TRUST,S,330000.0,1694.97
17/09/2026,BSE,bulk,524444,EVEXIA,MANSI SHARE AND STOCK BROKING PRIVATE LIMITED,B,9877026.0,1.69
17/09/2026,BSE,bulk,524444,EVEXIA,MANSI SHARE AND STOCK BROKING PRIVATE LIMITED,S,2500000.0,1.78
17/09/2026,BSE,bulk,544913,GLASSWALL,IRAGE BROKING SERVICES LLP,S,909696.0,241.16
17/09/2026,BSE,bulk,544913,GLASSWALL,IRAGE BROKING SERVICES LLP,B,565810.0,239.95
17/09/2026,BSE,bulk,544848,HRHYGIENE,MANSI SHARE AND STOCK BROKING PRIVATE LIMITED,B,169600.0,60.0
17/09/2026,BSE,bulk,544848,HRHYGIENE,KUBER INDIA OPPORTUNITY FUND,S,113600.0,60.0
17/09/2026,BSE,bulk,544919,INFRAX,VBCUBE VENTURES FUND II,S,193200.0,104.0
17/09/2026,BSE,bulk,544919,INFRAX,AMITSG VENTURES FUND,S,178800.0,104.0
17/09/2026,BSE,bulk,544919,INFRAX,DAVINDER SINGH,B,103200.0,104.14
17/09/2026,BSE,bulk,544919,INFRAX,NEXT ORBIT GROWTH FUND III,B,110400.0,104.0
17/09/2026,BSE,bulk,544919,INFRAX,YASHVI HITESH PATEL,B,442800.0,104.1
17/09/2026,BSE,bulk,544919,INFRAX,YASH HITESH PATEL,B,444000.0,103.84
17/09/2026,BSE,bulk,544919,INFRAX,BHAVNA HITESH PATEL,B,204000.0,104.0
17/09/2026,BSE,bulk,544919,INFRAX,NIRAJ RAJNIKANT SHAH,B,177600.0,104.0
17/09/2026,BSE,bulk,544919,INFRAX,NEWTONLY PRIVATE LIMITED,B,222000.0,104.37
17/09/2026,BSE,bulk,544160,JAYKAILASH,AARUSH  CHOPRA,S,56000.0,58.94
17/09/2026,BSE,bulk,544160,JAYKAILASH,MONEYPLANT GOLD & JEWELLERY TRADING L.L.C,B,43200.0,63.61
17/09/2026,BSE,bulk,526935,KALIND,NEO APEX SHARE BROKING SERVICES LLP,S,2500000.0,4.97
17/09/2026,BSE,bulk,526935,KALIND,NEO APEX SHARE BROKING SERVICES LLP,B,5000000.0,4.97
17/09/2026,BSE,bulk,539408,KUBERJI,GLOBALWORTH SECURITIES LIMITED,B,4.0,49.85
17/09/2026,BSE,bulk,539408,KUBERJI,GLOBALWORTH SECURITIES LIMITED,S,36901.0,49.97
17/09/2026,BSE,bulk,539408,KUBERJI,ANJU  MUKHIJA,B,25000.0,50.06
17/09/2026,BSE,bulk,535204,MUKTA,RATHOD MANOJ CHHAGANLAL HUF,B,140000.0,5.78
17/09/2026,BSE,bulk,544373,NAPSGLOBAL,SHIV AUM STEELS LIMITED,S,49600.0,48.95
17/09/2026,BSE,bulk,544373,NAPSGLOBAL,RADHESHYAM MAKHARIA,B,43200.0,49.22
17/09/2026,BSE,bulk,517554,NHCFOODS,NEO APEX SHARE BROKING SERVICES LLP,S,17200000.0,2.11
17/09/2026,BSE,bulk,517417,PATELSAI,ANANT JAIN,B,42722.0,365.55
17/09/2026,BSE,bulk,532387,PNC,ORION STOCKS LTD,S,51314.0,17.02
17/09/2026,BSE,bulk,532387,PNC,ORION STOCKS LTD,B,82068.0,17.21
17/09/2026,BSE,bulk,532387,PNC,IRAGE BROKING SERVICES LLP,S,82036.0,17.21
17/09/2026,BSE,bulk,532387,PNC,IRAGE BROKING SERVICES LLP,B,48842.0,17.02
17/09/2026,BSE,bulk,526494,PROMACT,TRITHA INDUSTRIES PRIVATE LIMITED,S,36285.0,13.38
17/09/2026,BSE,bulk,531033,REGAL,NISHA  GUPTA,S,150000.0,15.6
17/09/2026,BSE,bulk,531033,REGAL,NORTHERN LIGHTS VENTURES PRIVATE LIMITED,B,149764.0,15.6
17/09/2026,BSE,bulk,544915,RENTOMOJO,IRAGE BROKING SERVICES LLP,B,941230.0,513.55
17/09/2026,BSE,bulk,544915,RENTOMOJO,IRAGE BROKING SERVICES LLP,S,530830.0,518.49
17/09/2026,BSE,bulk,543366,SBLI,JASHIBEN  VAGELA,B,4800.0,43.53
17/09/2026,BSE,bulk,530907,SICAPIT,SETU SECURITIES PRIVATE LIMITED,S,114323.0,11.59
17/09/2026,BSE,bulk,530907,SICAPIT,SALABHA SANKAR T,B,199000.0,11.59
17/09/2026,BSE,bulk,530907,SICAPIT,JOBY POZHOLIPARAMBIL JOSEPH,B,100000.0,11.59
17/09/2026,BSE,bulk,530907,SICAPIT,MULTIPLIER SHARE & STOCK ADVISORS PRIVATE LIMITED,S,76217.0,11.59
17/09/2026,BSE,bulk,530907,SICAPIT,KALATHIVILAYIL RAJAPPAN LAL,B,85096.0,11.59
17/09/2026,BSE,bulk,544035,SPL,SIMRAN,S,97600.0,22.67
17/09/2026,BSE,bulk,544035,SPL,ANITHA D,B,97600.0,22.67
17/09/2026,BSE,bulk,536710,SRGFFL,ARYAMAN BROKING LIMITED,B,30000.0,33.8
17/09/2026,BSE,bulk,536710,SRGFFL,KRISHNA NAGIN MEHTA,S,30000.0,33.8
17/09/2026,BSE,bulk,534680,SRGHFL,USHA PARSRAM WADHWA,B,188397.0,121.06
17/09/2026,BSE,bulk,534680,SRGHFL,AVINASH PARSRAM WADHWA,S,168609.0,121.0
17/09/2026,BSE,bulk,544914,STEAMHOUSE,IRAGE BROKING SERVICES LLP,B,1600353.0,96.86
17/09/2026,BSE,bulk,544914,STEAMHOUSE,IRAGE BROKING SERVICES LLP,S,970270.0,98.26
17/09/2026,BSE,bulk,519152,VADILENT,DIPAKKUMAR GOVINDBHAI PATEL,B,5101.0,10500.0
17/09/2026,BSE,bulk,506122,VOLKAI,KOTESWARA RAO GOPISETTY,S,17500.0,187.8
10/09/2026,BSE,block,531281,MARBLE,SALSETT VINIMAY PRIVATE LIMITED,B,2200000.0,117.0
10/09/2026,BSE,block,531281,MARBLE,VPS CONSTRUCTIONS PRIVATE LIMITED,S,2200000.0,117.0
10/09/2026,BSE,block,544386,SPECTRUM,MOTILAL OSWAL MUTUAL FUND,B,115000.0,2651.0
10/09/2026,BSE,block,544386,SPECTRUM,AJAY BHIKAMCHAND JAIN,S,115000.0,2651.0
18-SEP-2026,NSE,bulk_deals,AHCL,Anlon Healthcare Limited,NK SECURITIES RESEARCH PRIVATE LIMITED,BUY,5160805,23.52
18-SEP-2026,NSE,bulk_deals,AHCL,Anlon Healthcare Limited,JUNOMONETA FINSOL PRIVATE LIMITED,BUY,12827931,23.56
18-SEP-2026,NSE,bulk_deals,AHCL,Anlon Healthcare Limited,QE SECURITIES LLP,BUY,4823086,23.44
18-SEP-2026,NSE,bulk_deals,AHCL,Anlon Healthcare Limited,MICROCURVES TRADING PRIVATE LIMITED,BUY,3263901,23.52
18-SEP-2026,NSE,bulk_deals,AHCL,Anlon Healthcare Limited,HRTI PRIVATE LIMITED,BUY,10127829,23.53
18-SEP-2026,NSE,bulk_deals,AQYLON,Aqylon Nexus Limited,DEALMONEY COMMODITIES PRIVATE LIMITED,BUY,8300000,17.98
18-SEP-2026,NSE,bulk_deals,AQYLON,Aqylon Nexus Limited,JAMMS STOCK BROKERS PRIVATE LIMITED,BUY,825000,17.95
18-SEP-2026,NSE,bulk_deals,AQYLON,Aqylon Nexus Limited,RAVI AMIT JALAN,BUY,9000000,17.96
18-SEP-2026,NSE,bulk_deals,AQYLON,Aqylon Nexus Limited,MOHAMED IRFAN MOHAMED LATIF SHAIKH,BUY,8692050,18.04
18-SEP-2026,NSE,bulk_deals,AQYLON,Aqylon Nexus Limited,MANSUKH SECURITIES & FINANCE LIMITED,BUY,1696700,17.95
18-SEP-2026,NSE,bulk_deals,AQYLON,Aqylon Nexus Limited,KAUSHIK SHAH SHARES & SECURITIES PVT LTD,BUY,6300000,17.94
18-SEP-2026,NSE,bulk_deals,ATALREAL,Atal Realtech Limited,QE SECURITIES LLP,BUY,993162,14.61
18-SEP-2026,NSE,bulk_deals,ATALREAL,Atal Realtech Limited,HRTI PRIVATE LIMITED,BUY,2650198,14.95
18-SEP-2026,NSE,bulk_deals,ATALREAL,Atal Realtech Limited,MARWADI CHANDARANA INTERMEDIARIES BROKERS PRIVATE LIMITED,BUY,193624,14.79
18-SEP-2026,NSE,bulk_deals,ATALREAL,Atal Realtech Limited,JAGID VANITABEN RAJENDRAPRASAD,BUY,4213336,15.16
18-SEP-2026,NSE,bulk_deals,AVALON,Avalon Technologies Ltd,VANGUARD TOTAL INTERNATIONAL STOCK INDEX FUND,BUY,356599,2527.69
18-SEP-2026,NSE,bulk_deals,AVALON,Avalon Technologies Ltd,VANGUARD EMERGING MARKETS STOCK INDEX FUND  A SERIES OF VIEIF,BUY,345428,2527.69
18-SEP-2026,NSE,bulk_deals,CSM,CSM Technologies Limited,SILVERLEAF CAPITAL SERVICES PRIVATE LIMITED,BUY,469251,109.23
18-SEP-2026,NSE,bulk_deals,CSM,CSM Technologies Limited,JUNOMONETA FINSOL PRIVATE LIMITED,BUY,426544,108.8
18-SEP-2026,NSE,bulk_deals,CSM,CSM Technologies Limited,QE SECURITIES LLP,BUY,301081,108.45
18-SEP-2026,NSE,bulk_deals,CSM,CSM Technologies Limited,NK SECURITIES RESEARCH PRIVATE LIMITED,BUY,353874,108.54
18-SEP-2026,NSE,bulk_deals,DEEPA,Deepa Jewellers Limited,JUNOMONETA FINSOL PRIVATE LIMITED,BUY,677233,185.26
18-SEP-2026,NSE,bulk_deals,ENTERO,Entero Healthcare Solu L,HDFC MUTUAL FUND,BUY,1390000,1695.0
18-SEP-2026,NSE,bulk_deals,GCSL,Gretex Corporate Services,MANSUKH SECURITIES & FINANCE LIMITED,BUY,161362,606.51
18-SEP-2026,NSE,bulk_deals,GLASSWALL,Glass Wall System (I) Ltd,GOLDMINE STOCKS PRIVATE LIMITED,BUY,722644,281.22
18-SEP-2026,NSE,bulk_deals,GLASSWALL,Glass Wall System (I) Ltd,DIPAN MEHTA COMMODITIES PRIVATE LIMITED,BUY,1947890,278.89
18-SEP-2026,NSE,bulk_deals,GLASSWALL,Glass Wall System (I) Ltd,ELIXIR WEALTH MANAGEMENT PRIVATE LIMITED,BUY,1977147,280.82
18-SEP-2026,NSE,bulk_deals,GLASSWALL,Glass Wall System (I) Ltd,VINSUL MAKARDI LTD,BUY,457930,279.94
18-SEP-2026,NSE,bulk_deals,GLASSWALL,Glass Wall System (I) Ltd,PEER GLOBAL TRADE PRIVATE LIMITED,BUY,712275,281.36
18-SEP-2026,NSE,bulk_deals,GLASSWALL,Glass Wall System (I) Ltd,SILVERLEAF CAPITAL SERVICES PRIVATE LIMITED,BUY,538751,276.14
18-SEP-2026,NSE,bulk_deals,GLASSWALL,Glass Wall System (I) Ltd,PLUTUS RESEARCH PRIVATE LIMITED,BUY,1040712,280.25
18-SEP-2026,NSE,bulk_deals,GLASSWALL,Glass Wall System (I) Ltd,J4S FINANCIAL SOLUTIONS LLP,BUY,607832,281.21
18-SEP-2026,NSE,bulk_deals,GLASSWALL,Glass Wall System (I) Ltd,YUGA STOCKS AND COMMODITIES PRIVATE LIMITED,BUY,621912,279.07
18-SEP-2026,NSE,bulk_deals,GLASSWALL,Glass Wall System (I) Ltd,ASHWIN STOCKS AND INVESTMENT PRIVATE LIMITED,BUY,309020,279.21
18-SEP-2026,NSE,bulk_deals,GLASSWALL,Glass Wall System (I) Ltd,NK SECURITIES RESEARCH PRIVATE LIMITED,BUY,2082373,281.15
18-SEP-2026,NSE,bulk_deals,GLASSWALL,Glass Wall System (I) Ltd,PURE BROKING PRIVATE LIMITED,BUY,934366,277.36
18-SEP-2026,NSE,bulk_deals,GLASSWALL,Glass Wall System (I) Ltd,ALPHAGREP SECURITIES PRIVATE LIMITED,BUY,2129248,280.26
18-SEP-2026,NSE,bulk_deals,GLASSWALL,Glass Wall System (I) Ltd,GRT STRATEGIC VENTURES LLP,BUY,591288,287.44
18-SEP-2026,NSE,bulk_deals,GLASSWALL,Glass Wall System (I) Ltd,IRAGE BROKING SERVICES LLP,BUY,1460102,279.77
18-SEP-2026,NSE,bulk_deals,GLASSWALL,Glass Wall System (I) Ltd,QE SECURITIES LLP,BUY,1459052,278.62
18-SEP-2026,NSE,bulk_deals,GLASSWALL,Glass Wall System (I) Ltd,MATHISYS QUANTCAP LLP,BUY,1041570,280.93
18-SEP-2026,NSE,bulk_deals,GLASSWALL,Glass Wall System (I) Ltd,ARUN GODAWAT,BUY,595208,286.23
18-SEP-2026,NSE,bulk_deals,GLASSWALL,Glass Wall System (I) Ltd,MARWADI CHANDARANA INTERMEDIARIES BROKERS PRIVATE LIMITED,BUY,442708,272.13
18-SEP-2026,NSE,bulk_deals,GLASSWALL,Glass Wall System (I) Ltd,JUNOMONETA FINSOL PRIVATE LIMITED,BUY,4222603,281.24
18-SEP-2026,NSE,bulk_deals,GLASSWALL,Glass Wall System (I) Ltd,MICROCURVES TRADING PRIVATE LIMITED,BUY,2015105,284.31
18-SEP-2026,NSE,bulk_deals,GLASSWALL,Glass Wall System (I) Ltd,BLITZQUANT RESEARCH LLP,BUY,542672,289.47
18-SEP-2026,NSE,bulk_deals,GLASSWALL,Glass Wall System (I) Ltd,MARWADI SHARES AND FINANCE LTD.,BUY,496253,282.44
18-SEP-2026,NSE,bulk_deals,JETFREIGHT,Jet Freight Logistics Ltd,VAIBHAV RAJENDRA DOSHI,BUY,324944,21.05
18-SEP-2026,NSE,bulk_deals,KSHITIJPOL,Kshitij Polyline Limited,SATISH MEJIYATAR,BUY,2049709,4.2
18-SEP-2026,NSE,bulk_deals,LUMINO,Lumino Industries Limited,JUNOMONETA FINSOL PRIVATE LIMITED,BUY,1733498,110.79
18-SEP-2026,NSE,bulk_deals,LUMINO,Lumino Industries Limited,YUGA STOCKS AND COMMODITIES PRIVATE LIMITED,BUY,1827882,110.84
18-SEP-2026,NSE,bulk_deals,MARSONS,Marsons Limited,ARIHANT CAPITAL MARKETS LIMITED,BUY,1295291,128.84
18-SEP-2026,NSE,bulk_deals,MOS,Mos Utility Limited,ROSHAN AGRAWAL,BUY,1832000,5.5
18-SEP-2026,NSE,bulk_deals,MOS,Mos Utility Limited,PRITI ROSHAN AGRAWAL,BUY,1880000,5.39
18-SEP-2026,NSE,bulk_deals,MOS,Mos Utility Limited,PRAVIN KUMAR AGRAWAL,BUY,1808000,5.52
18-SEP-2026,NSE,bulk_deals,MOS,Mos Utility Limited,SHRI BAJRANG COMMODITY,BUY,7200000,5.2
18-SEP-2026,NSE,bulk_deals,MOS,Mos Utility Limited,MEGHA AGRAWAL,BUY,1480000,5.37
18-SEP-2026,NSE,bulk_deals,MOTISONS,Motisons Jewellers Ltd,JUNOMONETA FINSOL PRIVATE LIMITED,BUY,6506908,18.46
18-SEP-2026,NSE,bulk_deals,MOTISONS,Motisons Jewellers Ltd,HRTI PRIVATE LIMITED,BUY,5663066,18.45
18-SEP-2026,NSE,bulk_deals,MOTISONS,Motisons Jewellers Ltd,QE SECURITIES LLP,BUY,6996897,18.5
18-SEP-2026,NSE,bulk_deals,MOTISONS,Motisons Jewellers Ltd,ARIHANT CAPITAL MARKETS LIMITED,BUY,11250198,18.54
18-SEP-2026,NSE,bulk_deals,MRIL,Mahendra Realto & Infra L,NEOMILE GROWTH FUND-SERIES I,BUY,155200,83.98
18-SEP-2026,NSE,bulk_deals,MVELECTRO,MV Electrosystems Limited,JUNOMONETA FINSOL PRIVATE LIMITED,BUY,216011,815.5
18-SEP-2026,NSE,bulk_deals,MVELECTRO,MV Electrosystems Limited,HRTI PRIVATE LIMITED,BUY,220674,814.28
18-SEP-2026,NSE,bulk_deals,PAISALO,Paisalo Digital Limited,OCTASPACE REALCON PRIVATE LIMITED,BUY,4587890,89.54
18-SEP-2026,NSE,bulk_deals,PINELABS,Pine Labs Limited,VANGUARD TOTAL INTERNATIONAL STOCK INDEX FUND,BUY,8533025,191.85
18-SEP-2026,NSE,bulk_deals,PINELABS,Pine Labs Limited,VANGUARD EMERGING MARKETS STOCK INDEX FUND  A SERIES OF VIEIF,BUY,8234724,191.85
18-SEP-2026,NSE,bulk_deals,RAMBHAJO,Advit Jewels Limited,NAVRATRI SHARE TRADING PRIVATE LIMITED,BUY,345000,284.01
18-SEP-2026,NSE,bulk_deals,RATNAVEER,Ratnaveer Precision Eng L,QE SECURITIES LLP,BUY,694635,316.05
18-SEP-2026,NSE,bulk_deals,RATNAVEER,Ratnaveer Precision Eng L,ARIHANT CAPITAL MARKETS LIMITED,BUY,1179899,313.17
18-SEP-2026,NSE,bulk_deals,RATNAVEER,Ratnaveer Precision Eng L,HRTI PRIVATE LIMITED,BUY,459029,308.98
18-SEP-2026,NSE,bulk_deals,RCDL-RE,Rajgor Cast Derivati Ltd,AURIS VENTURES,BUY,330000,2.49
18-SEP-2026,NSE,bulk_deals,RCDL-RE,Rajgor Cast Derivati Ltd,ALPESH VAGHAJIBHAI VORA,BUY,531000,2.36
18-SEP-2026,NSE,bulk_deals,RENTOMOJO,Rentomojo Limited,IRAGE BROKING SERVICES LLP,BUY,958675,536.37
18-SEP-2026,NSE,bulk_deals,RENTOMOJO,Rentomojo Limited,ALPHAGREP SECURITIES PRIVATE LIMITED,BUY,1282988,532.26
18-SEP-2026,NSE,bulk_deals,RENTOMOJO,Rentomojo Limited,PURE BROKING PRIVATE LIMITED,BUY,744254,522.57
18-SEP-2026,NSE,bulk_deals,RENTOMOJO,Rentomojo Limited,NK SECURITIES RESEARCH PRIVATE LIMITED,BUY,666718,534.09
18-SEP-2026,NSE,bulk_deals,RENTOMOJO,Rentomojo Limited,PLUTUS RESEARCH PRIVATE LIMITED,BUY,670010,527.29
18-SEP-2026,NSE,bulk_deals,RENTOMOJO,Rentomojo Limited,MICROCURVES TRADING PRIVATE LIMITED,BUY,661578,535.38
18-SEP-2026,NSE,bulk_deals,RENTOMOJO,Rentomojo Limited,ELIXIR WEALTH MANAGEMENT PRIVATE LIMITED,BUY,634029,531.73
18-SEP-2026,NSE,bulk_deals,RENTOMOJO,Rentomojo Limited,JUNOMONETA FINSOL PRIVATE LIMITED,BUY,724830,531.13
18-SEP-2026,NSE,bulk_deals,RENTOMOJO,Rentomojo Limited,MARWADI CHANDARANA INTERMEDIARIES BROKERS PRIVATE LIMITED,BUY,590907,538.81
18-SEP-2026,NSE,bulk_deals,RIR,RIR Power Electronics L,NK SECURITIES RESEARCH PRIVATE LIMITED,BUY,698063,206.29
18-SEP-2026,NSE,bulk_deals,RIR,RIR Power Electronics L,JUNOMONETA FINSOL PRIVATE LIMITED,BUY,536581,205.59
18-SEP-2026,NSE,bulk_deals,RIR,RIR Power Electronics L,QE SECURITIES LLP,BUY,608240,205.53
18-SEP-2026,NSE,bulk_deals,RIR,RIR Power Electronics L,ALPHAGREP SECURITIES PRIVATE LIMITED,BUY,651113,206.51
18-SEP-2026,NSE,bulk_deals,RIR,RIR Power Electronics L,IRAGE BROKING SERVICES LLP,BUY,396374,207.7
18-SEP-2026,NSE,bulk_deals,SHANKARA,Shankara Bldg Product Ltd,GEOMETRIC SECURITIES AND ADVISORY PRIVATE LIMITED,BUY,100,148.74
18-SEP-2026,NSE,bulk_deals,SHANKARA,Shankara Bldg Product Ltd,RAJASTHAN GLOBAL SECURITIES PVT LTD,BUY,350731,149.15
18-SEP-2026,NSE,bulk_deals,SHAREINDIA,Share Ind. Securities Ltd,HRTI PRIVATE LIMITED,BUY,1644689,225.94
18-SEP-2026,NSE,bulk_deals,SHAREINDIA,Share Ind. Securities Ltd,JUNOMONETA FINSOL PRIVATE LIMITED,BUY,1693298,226.43
18-SEP-2026,NSE,bulk_deals,SHAREINDIA,Share Ind. Securities Ltd,QE SECURITIES LLP,BUY,1297422,226.65
18-SEP-2026,NSE,bulk_deals,SJS,SJS Enterprises Limited,VANGUARD TOTAL INTERNATIONAL STOCK INDEX FUND,BUY,199254,2425.8
18-SEP-2026,NSE,bulk_deals,SJS,SJS Enterprises Limited,VANGUARD EMERGING MARKETS STOCK INDEX FUND  A SERIES OF VIEIF,BUY,197592,2425.8
18-SEP-2026,NSE,bulk_deals,SKFINDUS,SKF Ind (Industrial) Ltd,VANGUARD TOTAL INTERNATIONAL STOCK INDEX FUND,BUY,261148,2984.6
18-SEP-2026,NSE,bulk_deals,SKFINDUS,SKF Ind (Industrial) Ltd,VANGUARD EMERGING MARKETS STOCK INDEX FUND  A SERIES OF VIEIF,BUY,254214,2984.6
18-SEP-2026,NSE,bulk_deals,SKYTECH,Skytech Infinite Platfm L,YASHIV HOLDINGS PRIVATE LIMITED,BUY,52800,25.2
18-SEP-2026,NSE,bulk_deals,SKYTECH,Skytech Infinite Platfm L,KARTHIK  UPPALA,BUY,192000,22.8
18-SEP-2026,NSE,bulk_deals,SKYWAYS,Skyways Air Services Ltd,JUMP TRADING FINANCIAL INDIA PRIVATE LIMITED,BUY,1301485,129.15
18-SEP-2026,NSE,bulk_deals,SKYWAYS,Skyways Air Services Ltd,HRTI PRIVATE LIMITED,BUY,2143806,128.83
18-SEP-2026,NSE,bulk_deals,SKYWAYS,Skyways Air Services Ltd,MATHISYS QUANTCAP LLP,BUY,738910,129.27
18-SEP-2026,NSE,bulk_deals,SKYWAYS,Skyways Air Services Ltd,QE SECURITIES LLP,BUY,3781776,129.08
18-SEP-2026,NSE,bulk_deals,SKYWAYS,Skyways Air Services Ltd,IRAGE BROKING SERVICES LLP,BUY,1023904,129.39
18-SEP-2026,NSE,bulk_deals,SKYWAYS,Skyways Air Services Ltd,IMC INDIA SECURITIES PRIVATE LIMITED,BUY,785261,129.45
18-SEP-2026,NSE,bulk_deals,SKYWAYS,Skyways Air Services Ltd,NK SECURITIES RESEARCH PRIVATE LIMITED,BUY,1988379,129.18
18-SEP-2026,NSE,bulk_deals,SKYWAYS,Skyways Air Services Ltd,J4S FINANCIAL SOLUTIONS LLP,BUY,752793,128.73
18-SEP-2026,NSE,bulk_deals,SKYWAYS,Skyways Air Services Ltd,SILVERLEAF CAPITAL SERVICES PRIVATE LIMITED,BUY,954300,129.43
18-SEP-2026,NSE,bulk_deals,SKYWAYS,Skyways Air Services Ltd,MARWADI SHARES AND FINANCE LTD.,BUY,1030574,129.66
18-SEP-2026,NSE,bulk_deals,SKYWAYS,Skyways Air Services Ltd,ALPHAGREP SECURITIES PRIVATE LIMITED,BUY,3982290,129.51
18-SEP-2026,NSE,bulk_deals,SKYWAYS,Skyways Air Services Ltd,JUNOMONETA FINSOL PRIVATE LIMITED,BUY,6266066,129.48
18-SEP-2026,NSE,bulk_deals,SKYWAYS,Skyways Air Services Ltd,MICROCURVES TRADING PRIVATE LIMITED,BUY,3995824,129.37
18-SEP-2026,NSE,bulk_deals,SUNSHINE,Sunshine Pictures Limited,ARIHANT CAPITAL MARKETS LIMITED,BUY,200327,398.9
18-SEP-2026,NSE,bulk_deals,TEJA,Teja Engineering Ind L,ABUNDANTIA CAPITAL VCC - ABUNDANTIA CAPITAL III,BUY,60000,235.17
18-SEP-2026,NSE,bulk_deals,VEEGALAND,Veegaland Developers Ltd,ASTORNE CAPITAL VCC ARVEN,BUY,1385000,154.0
18-SEP-2026,NSE,bulk_deals,VEEGALAND,Veegaland Developers Ltd,NEO APEX SHARE BROKING SERVICES LLP,BUY,300000,146.3
18-SEP-2026,NSE,bulk_deals,VEEGALAND,Veegaland Developers Ltd,CHITTILAPPILLY THOMAS KOCHUOUSEPH,BUY,800000,146.37
18-SEP-2026,NSE,bulk_deals,VENUSPIPES,Venus Pipes & Tubes Ltd,HRTI PRIVATE LIMITED,BUY,55023,2224.79
18-SEP-2026,NSE,bulk_deals,VIJIFIN,Viji Finance Limited,NEO APEX SHARE BROKING SERVICES LLP,BUY,1071699,14.45
18-SEP-2026,NSE,bulk_deals,AARTIPHARM,Aarti Pharmalabs Limited,JASMINE FAMILY TRUST,SELL,627500,820.02
18-SEP-2026,NSE,bulk_deals,AHCL,Anlon Healthcare Limited,QE SECURITIES LLP,SELL,4807580,23.63
18-SEP-2026,NSE,bulk_deals,AHCL,Anlon Healthcare Limited,HRTI PRIVATE LIMITED,SELL,10708068,23.63
18-SEP-2026,NSE,bulk_deals,AHCL,Anlon Healthcare Limited,NK SECURITIES RESEARCH PRIVATE LIMITED,SELL,5160805,23.53
18-SEP-2026,NSE,bulk_deals,AHCL,Anlon Healthcare Limited,MICROCURVES TRADING PRIVATE LIMITED,SELL,3263901,23.59
18-SEP-2026,NSE,bulk_deals,AHCL,Anlon Healthcare Limited,JUNOMONETA FINSOL PRIVATE LIMITED,SELL,12821055,23.59
18-SEP-2026,NSE,bulk_deals,AQYLON,Aqylon Nexus Limited,MANSUKH SECURITIES & FINANCE LIMITED,SELL,1149917,17.94
18-SEP-2026,NSE,bulk_deals,AQYLON,Aqylon Nexus Limited,DEALMONEY COMMODITIES PRIVATE LIMITED,SELL,7796001,18.0
18-SEP-2026,NSE,bulk_deals,AQYLON,Aqylon Nexus Limited,JAMMS STOCK BROKERS PRIVATE LIMITED,SELL,1369000,17.94
18-SEP-2026,NSE,bulk_deals,AQYLON,Aqylon Nexus Limited,KURJIBHAI PREMJIBHAI RUPARELIYA,SELL,17236601,17.96
18-SEP-2026,NSE,bulk_deals,AQYLON,Aqylon Nexus Limited,KAUSHIK SHAH SHARES & SECURITIES PVT LTD,SELL,6300000,18.04
18-SEP-2026,NSE,bulk_deals,ATALREAL,Atal Realtech Limited,QE SECURITIES LLP,SELL,493046,14.97
18-SEP-2026,NSE,bulk_deals,ATALREAL,Atal Realtech Limited,JAGID VANITABEN RAJENDRAPRASAD,SELL,4220336,14.65
18-SEP-2026,NSE,bulk_deals,ATALREAL,Atal Realtech Limited,HRTI PRIVATE LIMITED,SELL,2632111,15.19
18-SEP-2026,NSE,bulk_deals,ATALREAL,Atal Realtech Limited,MARWADI CHANDARANA INTERMEDIARIES BROKERS PRIVATE LIMITED,SELL,793624,14.43
18-SEP-2026,NSE,bulk_deals,COMSYN,Commercial Syn Bags Ltd,NIRAJ RAJNIKANT SHAH,SELL,250000,305.66
18-SEP-2026,NSE,bulk_deals,CSM,CSM Technologies Limited,JUNOMONETA FINSOL PRIVATE LIMITED,SELL,426002,108.93
18-SEP-2026,NSE,bulk_deals,CSM,CSM Technologies Limited,NK SECURITIES RESEARCH PRIVATE LIMITED,SELL,353874,108.59
18-SEP-2026,NSE,bulk_deals,CSM,CSM Technologies Limited,SILVERLEAF CAPITAL SERVICES PRIVATE LIMITED,SELL,469251,109.33
18-SEP-2026,NSE,bulk_deals,CSM,CSM Technologies Limited,QE SECURITIES LLP,SELL,304248,107.93
18-SEP-2026,NSE,bulk_deals,DEEPA,Deepa Jewellers Limited,JUNOMONETA FINSOL PRIVATE LIMITED,SELL,679892,185.34
18-SEP-2026,NSE,bulk_deals,ENTERO,Entero Healthcare Solu L,PRASID UNO FAMILY TRUST,SELL,1221820,1695.0
18-SEP-2026,NSE,bulk_deals,FWSTC,Flywings Simulat T C Ltd,GREEN PARK LEAFIN PRIVATE LIMITED,SELL,51000,161.72
18-SEP-2026,NSE,bulk_deals,GCSL,Gretex Corporate Services,MANSUKH SECURITIES & FINANCE LIMITED,SELL,154234,614.11
18-SEP-2026,NSE,bulk_deals,GLASSWALL,Glass Wall System (I) Ltd,IRAGE BROKING SERVICES LLP,SELL,1186220,280.13
18-SEP-2026,NSE,bulk_deals,GLASSWALL,Glass Wall System (I) Ltd,ARUN GODAWAT,SELL,595208,281.98
18-SEP-2026,NSE,bulk_deals,GLASSWALL,Glass Wall System (I) Ltd,MARWADI CHANDARANA INTERMEDIARIES BROKERS PRIVATE LIMITED,SELL,450708,273.92
18-SEP-2026,NSE,bulk_deals,GLASSWALL,Glass Wall System (I) Ltd,JUNOMONETA FINSOL PRIVATE LIMITED,SELL,4219688,281.32
18-SEP-2026,NSE,bulk_deals,GLASSWALL,Glass Wall System (I) Ltd,MICROCURVES TRADING PRIVATE LIMITED,SELL,2015108,284.34
18-SEP-2026,NSE,bulk_deals,GLASSWALL,Glass Wall System (I) Ltd,BLITZQUANT RESEARCH LLP,SELL,542672,289.57
18-SEP-2026,NSE,bulk_deals,GLASSWALL,Glass Wall System (I) Ltd,MARWADI SHARES AND FINANCE LTD.,SELL,495860,279.31
18-SEP-2026,NSE,bulk_deals,GLASSWALL,Glass Wall System (I) Ltd,GOLDMINE STOCKS PRIVATE LIMITED,SELL,722644,281.09
18-SEP-2026,NSE,bulk_deals,GLASSWALL,Glass Wall System (I) Ltd,DIPAN MEHTA COMMODITIES PRIVATE LIMITED,SELL,1939891,280.19
18-SEP-2026,NSE,bulk_deals,GLASSWALL,Glass Wall System (I) Ltd,ELIXIR WEALTH MANAGEMENT PRIVATE LIMITED,SELL,1977147,282.03
18-SEP-2026,NSE,bulk_deals,GLASSWALL,Glass Wall System (I) Ltd,VINSUL MAKARDI LTD,SELL,457930,279.97
18-SEP-2026,NSE,bulk_deals,GLASSWALL,Glass Wall System (I) Ltd,PEER GLOBAL TRADE PRIVATE LIMITED,SELL,712275,282.24
18-SEP-2026,NSE,bulk_deals,GLASSWALL,Glass Wall System (I) Ltd,SILVERLEAF CAPITAL SERVICES PRIVATE LIMITED,SELL,538751,277.44
18-SEP-2026,NSE,bulk_deals,GLASSWALL,Glass Wall System (I) Ltd,PLUTUS RESEARCH PRIVATE LIMITED,SELL,1039722,280.41
18-SEP-2026,NSE,bulk_deals,GLASSWALL,Glass Wall System (I) Ltd,J4S FINANCIAL SOLUTIONS LLP,SELL,607832,280.89
18-SEP-2026,NSE,bulk_deals,GLASSWALL,Glass Wall System (I) Ltd,YUGA STOCKS AND COMMODITIES PRIVATE LIMITED,SELL,896912,281.38
18-SEP-2026,NSE,bulk_deals,GLASSWALL,Glass Wall System (I) Ltd,QE SECURITIES LLP,SELL,1407766,278.03
18-SEP-2026,NSE,bulk_deals,GLASSWALL,Glass Wall System (I) Ltd,MATHISYS QUANTCAP LLP,SELL,1038191,281.56
18-SEP-2026,NSE,bulk_deals,GLASSWALL,Glass Wall System (I) Ltd,ASHWIN STOCKS AND INVESTMENT PRIVATE LIMITED,SELL,609020,275.37
18-SEP-2026,NSE,bulk_deals,GLASSWALL,Glass Wall System (I) Ltd,NK SECURITIES RESEARCH PRIVATE LIMITED,SELL,2082373,281.27
18-SEP-2026,NSE,bulk_deals,GLASSWALL,Glass Wall System (I) Ltd,PURE BROKING PRIVATE LIMITED,SELL,935384,277.58
18-SEP-2026,NSE,bulk_deals,GLASSWALL,Glass Wall System (I) Ltd,ALPHAGREP SECURITIES PRIVATE LIMITED,SELL,2129248,280.26
18-SEP-2026,NSE,bulk_deals,GLASSWALL,Glass Wall System (I) Ltd,GRT STRATEGIC VENTURES LLP,SELL,591288,287.53
18-SEP-2026,NSE,bulk_deals,GNA,GNA Axles Limited,SEEHRA MANINDER SINGH,SELL,423645,556.89
18-SEP-2026,NSE,bulk_deals,JETFREIGHT,Jet Freight Logistics Ltd,VAIBHAV RAJENDRA DOSHI,SELL,324944,21.02
18-SEP-2026,NSE,bulk_deals,KLL,Kaushalya Logistics Ltd,VICCO TRADING CORPORATION,SELL,135200,32.04
18-SEP-2026,NSE,bulk_deals,KSHITIJPOL,Kshitij Polyline Limited,SATISH MEJIYATAR,SELL,1255650,4.21
18-SEP-2026,NSE,bulk_deals,LUMINO,Lumino Industries Limited,YUGA STOCKS AND COMMODITIES PRIVATE LIMITED,SELL,1620577,110.36
18-SEP-2026,NSE,bulk_deals,LUMINO,Lumino Industries Limited,JUNOMONETA FINSOL PRIVATE LIMITED,SELL,1739724,110.85
18-SEP-2026,NSE,bulk_deals,MARSONS,Marsons Limited,ARIHANT CAPITAL MARKETS LIMITED,SELL,1181711,129.61
18-SEP-2026,NSE,bulk_deals,MAZDA,Mazda Limited,CROLL REYNOLDS INTERNATIONAL INC,SELL,150000,261.07
18-SEP-2026,NSE,bulk_deals,MOS,Mos Utility Limited,ASHOK INVESTORS TRUST LIMITED,SELL,18992000,5.34
18-SEP-2026,NSE,bulk_deals,MOTISONS,Motisons Jewellers Ltd,ARIHANT CAPITAL MARKETS LIMITED,SELL,11780817,18.54
18-SEP-2026,NSE,bulk_deals,MOTISONS,Motisons Jewellers Ltd,HRTI PRIVATE LIMITED,SELL,6106613,18.4
18-SEP-2026,NSE,bulk_deals,MOTISONS,Motisons Jewellers Ltd,QE SECURITIES LLP,SELL,7128277,18.37
18-SEP-2026,NSE,bulk_deals,MOTISONS,Motisons Jewellers Ltd,JUNOMONETA FINSOL PRIVATE LIMITED,SELL,6426189,18.46
18-SEP-2026,NSE,bulk_deals,MVELECTRO,MV Electrosystems Limited,HRTI PRIVATE LIMITED,SELL,249269,813.25
18-SEP-2026,NSE,bulk_deals,MVELECTRO,MV Electrosystems Limited,JUNOMONETA FINSOL PRIVATE LIMITED,SELL,216355,815.87
18-SEP-2026,NSE,bulk_deals,PAISALO,Paisalo Digital Limited,OCTASPACE REALCON PRIVATE LIMITED,SELL,2299392,89.67
18-SEP-2026,NSE,bulk_deals,RATNAVEER,Ratnaveer Precision Eng L,QE SECURITIES LLP,SELL,697260,307.56
18-SEP-2026,NSE,bulk_deals,RATNAVEER,Ratnaveer Precision Eng L,HRTI PRIVATE LIMITED,SELL,489358,311.0
18-SEP-2026,NSE,bulk_deals,RATNAVEER,Ratnaveer Precision Eng L,INFINITE DERIVATIVES LLP,SELL,500000,310.05
18-SEP-2026,NSE,bulk_deals,RATNAVEER,Ratnaveer Precision Eng L,ARIHANT CAPITAL MARKETS LIMITED,SELL,1250000,317.23
18-SEP-2026,NSE,bulk_deals,RCDL-RE,Rajgor Cast Derivati Ltd,RAJGOR  PARESHKUMAR,SELL,225000,2.58
18-SEP-2026,NSE,bulk_deals,RCDL-RE,Rajgor Cast Derivati Ltd,RAJGOR ZENISHABEN ANILKUMAR,SELL,546000,2.36
18-SEP-2026,NSE,bulk_deals,RENTOMOJO,Rentomojo Limited,ELIXIR WEALTH MANAGEMENT PRIVATE LIMITED,SELL,638029,533.27
18-SEP-2026,NSE,bulk_deals,RENTOMOJO,Rentomojo Limited,IRAGE BROKING SERVICES LLP,SELL,668093,532.25
18-SEP-2026,NSE,bulk_deals,RENTOMOJO,Rentomojo Limited,ALPHAGREP SECURITIES PRIVATE LIMITED,SELL,1282988,532.38
18-SEP-2026,NSE,bulk_deals,RENTOMOJO,Rentomojo Limited,PLUTUS RESEARCH PRIVATE LIMITED,SELL,660302,527.36
18-SEP-2026,NSE,bulk_deals,RENTOMOJO,Rentomojo Limited,MICROCURVES TRADING PRIVATE LIMITED,SELL,661578,535.37
18-SEP-2026,NSE,bulk_deals,RENTOMOJO,Rentomojo Limited,NK SECURITIES RESEARCH PRIVATE LIMITED,SELL,666718,534.3
18-SEP-2026,NSE,bulk_deals,RENTOMOJO,Rentomojo Limited,PURE BROKING PRIVATE LIMITED,SELL,753415,523.62
18-SEP-2026,NSE,bulk_deals,RENTOMOJO,Rentomojo Limited,JUNOMONETA FINSOL PRIVATE LIMITED,SELL,702282,531.22
18-SEP-2026,NSE,bulk_deals,RENTOMOJO,Rentomojo Limited,MARWADI CHANDARANA INTERMEDIARIES BROKERS PRIVATE LIMITED,SELL,590907,539.53
18-SEP-2026,NSE,bulk_deals,RIR,RIR Power Electronics L,QE SECURITIES LLP,SELL,601642,205.91
18-SEP-2026,NSE,bulk_deals,RIR,RIR Power Electronics L,JUNOMONETA FINSOL PRIVATE LIMITED,SELL,538559,205.64
18-SEP-2026,NSE,bulk_deals,RIR,RIR Power Electronics L,NK SECURITIES RESEARCH PRIVATE LIMITED,SELL,698063,206.45
18-SEP-2026,NSE,bulk_deals,RIR,RIR Power Electronics L,ALPHAGREP SECURITIES PRIVATE LIMITED,SELL,651113,206.67
18-SEP-2026,NSE,bulk_deals,RIR,RIR Power Electronics L,IRAGE BROKING SERVICES LLP,SELL,418230,208.73
18-SEP-2026,NSE,bulk_deals,SHANKARA,Shankara Bldg Product Ltd,GEOMETRIC SECURITIES AND ADVISORY PRIVATE LIMITED,SELL,131611,149.24
18-SEP-2026,NSE,bulk_deals,SHAREINDIA,Share Ind. Securities Ltd,HRTI PRIVATE LIMITED,SELL,1510599,226.48
18-SEP-2026,NSE,bulk_deals,SHAREINDIA,Share Ind. Securities Ltd,QE SECURITIES LLP,SELL,1307649,226.27
18-SEP-2026,NSE,bulk_deals,SHAREINDIA,Share Ind. Securities Ltd,JUNOMONETA FINSOL PRIVATE LIMITED,SELL,1693663,226.64
18-SEP-2026,NSE,bulk_deals,SIGACHI,Sigachi Industries Ltd,SPDR PORTFOLIO EMERGING MARKETS ETF,SELL,3732647,29.83
18-SEP-2026,NSE,bulk_deals,SKYTECH,Skytech Infinite Platfm L,KAMAL KUMAR KABRA,SELL,134400,25.13
18-SEP-2026,NSE,bulk_deals,SKYWAYS,Skyways Air Services Ltd,MICROCURVES TRADING PRIVATE LIMITED,SELL,3995824,129.52
18-SEP-2026,NSE,bulk_deals,SKYWAYS,Skyways Air Services Ltd,ALPHAGREP SECURITIES PRIVATE LIMITED,SELL,3982290,130.16
18-SEP-2026,NSE,bulk_deals,SKYWAYS,Skyways Air Services Ltd,JUNOMONETA FINSOL PRIVATE LIMITED,SELL,6283142,129.57
18-SEP-2026,NSE,bulk_deals,SKYWAYS,Skyways Air Services Ltd,JUMP TRADING FINANCIAL INDIA PRIVATE LIMITED,SELL,1301485,129.54
18-SEP-2026,NSE,bulk_deals,SKYWAYS,Skyways Air Services Ltd,HRTI PRIVATE LIMITED,SELL,2131623,129.31
18-SEP-2026,NSE,bulk_deals,SKYWAYS,Skyways Air Services Ltd,MATHISYS QUANTCAP LLP,SELL,733904,129.94
18-SEP-2026,NSE,bulk_deals,SKYWAYS,Skyways Air Services Ltd,QE SECURITIES LLP,SELL,3889724,129.39
18-SEP-2026,NSE,bulk_deals,SKYWAYS,Skyways Air Services Ltd,IRAGE BROKING SERVICES LLP,SELL,1247314,129.88
18-SEP-2026,NSE,bulk_deals,SKYWAYS,Skyways Air Services Ltd,IMC INDIA SECURITIES PRIVATE LIMITED,SELL,781028,129.94
18-SEP-2026,NSE,bulk_deals,SKYWAYS,Skyways Air Services Ltd,NK SECURITIES RESEARCH PRIVATE LIMITED,SELL,1988379,129.26
18-SEP-2026,NSE,bulk_deals,SKYWAYS,Skyways Air Services Ltd,J4S FINANCIAL SOLUTIONS LLP,SELL,752793,128.84
18-SEP-2026,NSE,bulk_deals,SKYWAYS,Skyways Air Services Ltd,SILVERLEAF CAPITAL SERVICES PRIVATE LIMITED,SELL,954300,129.74
18-SEP-2026,NSE,bulk_deals,SKYWAYS,Skyways Air Services Ltd,MARWADI SHARES AND FINANCE LTD.,SELL,1030574,128.56
18-SEP-2026,NSE,bulk_deals,SUNSHINE,Sunshine Pictures Limited,ARIHANT CAPITAL MARKETS LIMITED,SELL,125392,399.74
18-SEP-2026,NSE,bulk_deals,VEEGALAND,Veegaland Developers Ltd,KUBER INDIA OPPORTUNITY FUND,SELL,292570,154.0
18-SEP-2026,NSE,bulk_deals,VEEGALAND,Veegaland Developers Ltd,LRSD SECURITIES PRIVATE LIMITED,SELL,385176,148.63
18-SEP-2026,NSE,bulk_deals,VENUSPIPES,Venus Pipes & Tubes Ltd,HRTI PRIVATE LIMITED,SELL,107225,2235.89
18-SEP-2026,NSE,bulk_deals,WELENT,Welspun Enterprises Ltd,AUTHUM INVESTMENT & INFRASTRUCTURE LIMITED,SELL,734413,780.03
18-SEP-2026,NSE,block_deals,ENTERO,Entero Healthcare Solu L,HDFC MUTUAL FUND,BUY,1390000,1695.0
18-SEP-2026,NSE,block_deals,TMCV,Tata Motors Limited,BOFA SECURITIES EUROPE SA,BUY,706512,438.0
18-SEP-2026,NSE,block_deals,ENTERO,Entero Healthcare Solu L,PRASID UNO FAMILY TRUST,SELL,1221820,1695.0
18-SEP-2026,NSE,block_deals,ENTERO,Entero Healthcare Solu L,PRASID UNOFAMILY TRUST,SELL,168180,1695.0
18-SEP-2026,NSE,block_deals,TMCV,Tata Motors Limited,BANK OF AMERICA NATIONAL ASSOCIATION,SELL,706512,438.0
18/09/2026,BSE,bulk,541702,ASHNI,SHAH  JAYESHKUMAR,S,8561242.0,2.49
18/09/2026,BSE,bulk,541702,ASHNI,BHAVISHYA ECOMMERCE PRIVATE LIMITED,B,4203990.0,2.49
18/09/2026,BSE,bulk,544772,AUREATE,AJAY NATAVARLAL COMMODITIES PVT LTD,B,66000.0,36.48
18/09/2026,BSE,bulk,544772,AUREATE,BHAVIK KISHORBHAI NATHAVANI,S,196000.0,36.63
18/09/2026,BSE,bulk,544772,AUREATE,BHAVIK KISHORBHAI NATHAVANI,B,26000.0,36.89
18/09/2026,BSE,bulk,501425,BBTC,NOWROSJEE WADIA AND SONS LTD,B,1834000.0,1360.0
18/09/2026,BSE,bulk,501425,BBTC,WADIA NUSLI NEVILLE,S,1834000.0,1360.0
18/09/2026,BSE,bulk,540956,BHATIA,KETAN HASMUKHLAL DOSHI,S,1007163.0,37.51
18/09/2026,BSE,bulk,540956,BHATIA,KETAN HASMUKHLAL DOSHI,B,202.0,37.25
18/09/2026,BSE,bulk,531458,BOSTON,PRIYANKKUMAR ATULKUMAR DESAI HUF,B,38000.0,6.53
18/09/2026,BSE,bulk,531458,BOSTON,RITESH JITENDRA VASNAWALA,S,59000.0,6.53
18/09/2026,BSE,bulk,532217,CMXLTD,GOLDEN BIO ENERGY LIMITED,S,66078.0,21.54
18/09/2026,BSE,bulk,543516,DHYAANITR,KRISHNA TRADE FINANCE,S,313600.0,7.27
18/09/2026,BSE,bulk,543516,DHYAANITR,OSWAL ENERGIES LIMITED,B,400400.0,7.27
18/09/2026,BSE,bulk,540811,DML,OCEAN DEALMARK  LLP,B,50000.0,12.28
18/09/2026,BSE,bulk,540811,DML,BHAWANI SHANKAR SHARMA,S,50000.0,12.28
18/09/2026,BSE,bulk,523874,EASTINDIA,MAULIK KRUTI RESOURCES PRIVATE LIMITED,S,100000.0,95.0
18/09/2026,BSE,bulk,544747,EMIAC,GOLDENDUNES BUILDERS AND DEVELOPERS PRIVATE LIMITED,S,100800.0,98.0
18/09/2026,BSE,bulk,544747,EMIAC,ACME CAPITAL MARKET LIMITED,B,100800.0,98.0
18/09/2026,BSE,bulk,531502,ESARIND,MMG REALTECH PRIVATE LIMITED,B,750000.0,11.4
18/09/2026,BSE,bulk,504397,GANHOLD,HAL CLYDE DENISON LIMITED,S,6935.0,119.26
18/09/2026,BSE,bulk,544156,GCONNECT,VAX ENTERPRISE PRIVATE LIMITED,S,22500.0,12.0
18/09/2026,BSE,bulk,544156,GCONNECT,SHASHANK SINGH CHANDRAWANSHI,B,48000.0,12.0
18/09/2026,BSE,bulk,544156,GCONNECT,NIKUNJ MAHESHLAL AGRAWAL,S,57000.0,11.99
18/09/2026,BSE,bulk,544913,GLASSWALL,NK SECURITIES RESEARCH PVT. LTD.,S,506281.0,281.85
18/09/2026,BSE,bulk,544913,GLASSWALL,IRAGE BROKING SERVICES LLP,B,833949.0,279.84
18/09/2026,BSE,bulk,544913,GLASSWALL,IRAGE BROKING SERVICES LLP,S,1107831.0,279.88
18/09/2026,BSE,bulk,544913,GLASSWALL,NK SECURITIES RESEARCH PVT. LTD.,B,506281.0,281.59
18/09/2026,BSE,bulk,543520,GLHRL,AYUSH DHARMENDRABHAI JASANI,B,108000.0,14.03
18/09/2026,BSE,bulk,539222,GROWINGTON,NIRMALKUMAR RAMESHCHANDRA PATEL,B,3900000.0,0.93
18/09/2026,BSE,bulk,539222,GROWINGTON,NIRMALKUMAR RAMESHCHANDRA PATEL,S,200000.0,0.88
18/09/2026,BSE,bulk,514386,GUJCOTEX,JAGID VANITABEN RAJENDRAPRASAD,S,460513.0,2.66
18/09/2026,BSE,bulk,514386,GUJCOTEX,JAGID VANITABEN RAJENDRAPRASAD,B,591525.0,2.63
18/09/2026,BSE,bulk,539697,HILIKS,KRIIS PORTFOLIO PRIVATE LIMITED,S,70000.0,58.93
18/09/2026,BSE,bulk,544919,INFRAX,BHAVNA HITESH PATEL,B,189600.0,105.0
18/09/2026,BSE,bulk,544919,INFRAX,YASH HITESH PATEL,B,94800.0,104.67
18/09/2026,BSE,bulk,544919,INFRAX,YASHVI HITESH PATEL,B,193200.0,104.98
18/09/2026,BSE,bulk,544919,INFRAX,NEXT ORBIT GROWTH FUND III,S,110400.0,105.0
18/09/2026,BSE,bulk,539679,KAPILRAJ,MULTIPLIER SHARE & STOCK ADVISORS PRIVATE LIMITED,B,750000.0,2.69
18/09/2026,BSE,bulk,501261,LORDSMARK,A.T. TRADE OVERSEAS PRIVATE LIMITED,B,3000000.0,84.0
18/09/2026,BSE,bulk,501261,LORDSMARK,SACHIDANAND HARIRAM UPADHYAY,S,10356983.0,84.86
18/09/2026,BSE,bulk,501261,LORDSMARK,GOLDMAN SACHS INVESTMENTS MAURITIUS I LIMITED,B,5100000.0,84.0
18/09/2026,BSE,bulk,540254,MTPL,BULLPULSE MARKETEDGE PRIVATE LIMITED,B,500399.0,8.3
18/09/2026,BSE,bulk,540254,MTPL,RAVINDRA HASTIMAL SAKARIYA,S,500000.0,8.3
18/09/2026,BSE,bulk,544373,NAPSGLOBAL,KISHANPYARI S PUNGLIA,S,32000.0,46.35
18/09/2026,BSE,bulk,544373,NAPSGLOBAL,RAJESH BHIMSEN SANGTANI,S,24000.0,47.5
18/09/2026,BSE,bulk,544373,NAPSGLOBAL,PANKAJ SUNDER JAIN,B,54400.0,46.72
18/09/2026,BSE,bulk,522289,NMSGLOBAL,KABIR VENTURES LLP,S,190516.0,39.56
18/09/2026,BSE,bulk,522289,NMSGLOBAL,TWINTURBO PLATFORMS LLP,S,90917.0,39.56
18/09/2026,BSE,bulk,522289,NMSGLOBAL,PRIYASHA MEVEN FINANCE LTD.,B,21500.0,39.56
18/09/2026,BSE,bulk,522289,NMSGLOBAL,PRIYASHA MEVEN FINANCE LTD.,S,575.0,39.56
18/09/2026,BSE,bulk,522289,NMSGLOBAL,ZAG CONSTRUCTIONS LLP,B,112508.0,39.56
18/09/2026,BSE,bulk,522289,NMSGLOBAL,WHITEWORK VENTURES LLP,B,141000.0,39.56
18/09/2026,BSE,bulk,544922,OMG,AIKYATA ADVISORY  LLP,B,200000.0,90.28
18/09/2026,BSE,bulk,544922,OMG,UMESHWAR SECURITIES PRIVATE LIMITED,B,400000.0,90.2
18/09/2026,BSE,bulk,544922,OMG,ZEAL GLOBAL OPPORTUNITIES FUND,B,201600.0,90.2
18/09/2026,BSE,bulk,531512,ORIENTTR,GANESH MADHUKAR SONAVANE,S,539080.0,4.04
18/09/2026,BSE,bulk,531512,ORIENTTR,TANGO COMMOSALES LLP,B,530000.0,4.04
18/09/2026,BSE,bulk,544926,PANCHATV,GIRIRAJ STOCK BROKING PRIVATE LIMITED,S,30000.0,128.31
18/09/2026,BSE,bulk,544926,PANCHATV,TRADE PULSE BROKING PRIVATE LIMITED,B,200000.0,128.95
18/09/2026,BSE,bulk,540703,PROCLB,VILAS SURESH LUND,B,50000.0,45.84
18/09/2026,BSE,bulk,544872,QTFOODS,BONANZA PORTFOLIO LIMITED,B,39600.0,34.29
18/09/2026,BSE,bulk,544872,QTFOODS,BONANZA PORTFOLIO LIMITED,S,2400.0,34.75
18/09/2026,BSE,bulk,544872,QTFOODS,JYOTI KETAN VAKHARIA,S,1200.0,35.08
18/09/2026,BSE,bulk,544872,QTFOODS,JYOTI KETAN VAKHARIA,B,36000.0,32.9
18/09/2026,BSE,bulk,544872,QTFOODS,NEO APEX SHARE BROKING SERVICES LLP,S,61200.0,32.9
18/09/2026,BSE,bulk,544924,RAKSAN,PASHUPATI CAPITAL SERVICE PVT LTD,B,150000.0,273.0
18/09/2026,BSE,bulk,544924,RAKSAN,THE GOLDEN BIRD INVESTMENT TRUST - I,B,137200.0,273.0
18/09/2026,BSE,bulk,530053,REALECO,PATEL  JATINKUMAR,B,550000.0,4.59
18/09/2026,BSE,bulk,544915,RENTOMOJO,IRAGE BROKING SERVICES LLP,S,573688.0,540.06
18/09/2026,BSE,bulk,544915,RENTOMOJO,IRAGE BROKING SERVICES LLP,B,283106.0,532.47
18/09/2026,BSE,bulk,500371,SAMTELIN,K2 FAMILY PRIVATE TRUST,S,49416.0,41.36
18/09/2026,BSE,bulk,500371,SAMTELIN,GUTTIKONDA RAJASEKHAR,B,59988.0,41.36
18/09/2026,BSE,bulk,540132,SIIL,GEMINI ALTERNATIVES  LLP,B,50000.0,15.25
18/09/2026,BSE,bulk,540132,SIIL,EFFICACY FINANCE SERVICES PRIVATE LIMITED,S,100000.0,15.27
18/09/2026,BSE,bulk,544890,SKYWAYS,IRAGE BROKING SERVICES LLP,S,574330.0,129.3
18/09/2026,BSE,bulk,544890,SKYWAYS,IRAGE BROKING SERVICES LLP,B,797740.0,129.88
18/09/2026,BSE,bulk,544925,SPEEDEX,VIJIT GLOBAL SECURITIES PRIVATE LIMITED,B,180000.0,247.85
18/09/2026,BSE,bulk,544925,SPEEDEX,ARYANSH ADVISORS PRIVATE LIMITED,B,150000.0,259.41
18/09/2026,BSE,bulk,544925,SPEEDEX,ACHINTYA SECURITIES PVT. LTD.,B,117000.0,250.0
18/09/2026,BSE,bulk,544925,SPEEDEX,SPS MULTI-COMMODITY LLP,B,120000.0,250.0
18/09/2026,BSE,bulk,544925,SPEEDEX,GAURAV PALIWAL,B,83400.0,250.63
18/09/2026,BSE,bulk,544925,SPEEDEX,YUGA STOCKS AND COMMODITIES PRIVATE LIMITED,B,120000.0,250.0
18/09/2026,BSE,bulk,512359,SWORDEDGE,GURVINDER SINGH,S,1535132.0,0.33
18/09/2026,BSE,bulk,512359,SWORDEDGE,GURVINDER SINGH,B,1535132.0,0.34
18/09/2026,BSE,bulk,512359,SWORDEDGE,RAJIV   VED PRAKASH KHANNA,S,1095199.0,0.34
18/09/2026,BSE,bulk,512359,SWORDEDGE,ALKA RAWAT,S,381360.0,0.32
18/09/2026,BSE,bulk,512359,SWORDEDGE,ALKA RAWAT,B,1725580.0,0.35
18/09/2026,BSE,bulk,512359,SWORDEDGE,NITIN  BAKSHI,B,1634744.0,0.34
18/09/2026,BSE,bulk,512359,SWORDEDGE,ALKA  RAWAT,B,2413889.0,0.34
18/09/2026,BSE,bulk,512359,SWORDEDGE,NITIN  BAKSHI,S,934744.0,0.32
18/09/2026,BSE,bulk,512359,SWORDEDGE,ALKA  RAWAT,S,1190773.0,0.32
18/09/2026,BSE,bulk,531411,TUNITEX,SHARE INDIA SECURITIES LIMITED,S,897261.0,1.39
18/09/2026,BSE,bulk,531411,TUNITEX,SHARE INDIA SECURITIES LIMITED,B,1355526.0,1.39
18/09/2026,BSE,bulk,531411,TUNITEX,JAGID VANITABEN RAJENDRAPRASAD,B,2539699.0,1.39
18/09/2026,BSE,bulk,531411,TUNITEX,JAGID VANITABEN RAJENDRAPRASAD,S,2377594.0,1.39
18/09/2026,BSE,bulk,531411,TUNITEX,KRUPA  GOHEL,B,1340699.0,1.39
18/09/2026,BSE,bulk,531411,TUNITEX,KRUPA  GOHEL,S,1268318.0,1.39
18/09/2026,BSE,bulk,544406,UNIFIED,HIREN RAJENDRA MEHTA,S,1000000.0,400.5
18/09/2026,BSE,bulk,544406,UNIFIED,MONARCH COMTRADE PVT LTD,B,249600.0,400.34
18/09/2026,BSE,bulk,544406,UNIFIED,R K INVESTMENTS,B,124800.0,400.5
18/09/2026,BSE,bulk,544406,UNIFIED,KRONE FINSTOCK PRIVATE LIMITED,B,625600.0,400.5
18/09/2026,BSE,bulk,532354,VIRGOGLOB,SHRI NAKODA LOGISTICS PRIVATE LIMITED,S,1575856.0,4.62
18/09/2026,BSE,bulk,532354,VIRGOGLOB,RAJ BREEDERS AND HATCHERIES PRIVATE LIMITED,B,150000.0,4.62
18/09/2026,BSE,bulk,532354,VIRGOGLOB,SITA RAM GUPTA,B,300000.0,4.62
18/09/2026,BSE,bulk,532354,VIRGOGLOB,JITENDER KUMAR SINGLA,B,65000.0,4.62
18/09/2026,BSE,bulk,532354,VIRGOGLOB,PREETI  SINGLA,B,65000.0,4.62
18/09/2026,BSE,bulk,532354,VIRGOGLOB,MANJU KAUSHIK BHUPTA,B,64936.0,4.62
18/09/2026,BSE,bulk,532354,VIRGOGLOB,NISHIL FINANCIAL ADVISORS LLP  .,B,102364.0,4.61
18/09/2026,BSE,bulk,532354,VIRGOGLOB,NISHIL FINANCIAL ADVISORS LLP  .,S,9553.0,4.61
18/09/2026,BSE,bulk,532354,VIRGOGLOB,NAVIN  MAHATO,B,58476.0,4.62
18/09/2026,BSE,bulk,532354,VIRGOGLOB,NILANJANA BANERJEE,B,108582.0,4.6
18/09/2026,BSE,bulk,532354,VIRGOGLOB,SACHCHIDANAND SINHA,B,97500.0,4.6
18/09/2026,BSE,bulk,506122,VOLKAI,NEO APEX SHARE BROKING SERVICES LLP,S,71610.0,19.7
18/09/2026,BSE,bulk,506122,VOLKAI,TATIA FINAANCIAL SERVICES LTD,S,210202.0,19.7
18/09/2026,BSE,bulk,506122,VOLKAI,SUNIL KUMAR,B,60000.0,19.7
18/09/2026,BSE,block,501425,BBTC,NOWROSJEE WADIA AND SONS LTD,B,1834000.0,1360.0
18/09/2026,BSE,block,501425,BBTC,WADIA NUSLI NEVILLE,S,1834000.0,1360.0
18/09/2026,BSE,block,501261,LORDSMARK,GOLDMAN SACHS INVESTMENTS MAURITIUS I LIMITED,B,5100000.0,84.0
18/09/2026,BSE,block,501261,LORDSMARK,A.T. TRADE OVERSEAS PRIVATE LIMITED,B,3000000.0,84.0
18/09/2026,BSE,block,501261,LORDSMARK,SACHIDANAND HARIRAM UPADHYAY,S,3000000.0,84.0
18/09/2026,BSE,block,501261,LORDSMARK,SACHIDANAND HARIRAM UPADHYAY,S,5100000.0,84.0
21-SEP-2026,NSE,bulk_deals,AARTIPHARM,Aarti Pharmalabs Limited,UNIFI CAPITAL PRIVATE LIMITED,BUY,915000,820.0
21-SEP-2026,NSE,bulk_deals,AGIIL,Agi Infra Limited,ARIHANT CAPITAL MARKETS LIMITED,BUY,694811,272.16
21-SEP-2026,NSE,bulk_deals,AHCL,Anlon Healthcare Limited,PLUTUS WEALTH MANAGEMENT LLP,BUY,3275093,25.01
21-SEP-2026,NSE,bulk_deals,AHCL,Anlon Healthcare Limited,MICROCURVES TRADING PRIVATE LIMITED,BUY,4668109,25.61
21-SEP-2026,NSE,bulk_deals,AHCL,Anlon Healthcare Limited,JUNOMONETA FINSOL PRIVATE LIMITED,BUY,7812624,25.09
21-SEP-2026,NSE,bulk_deals,AHCL,Anlon Healthcare Limited,HRTI PRIVATE LIMITED,BUY,6761069,25.0
21-SEP-2026,NSE,bulk_deals,AHCL,Anlon Healthcare Limited,QE SECURITIES LLP,BUY,4814607,24.91
21-SEP-2026,NSE,bulk_deals,AHCL,Anlon Healthcare Limited,NK SECURITIES RESEARCH PRIVATE LIMITED,BUY,5192112,25.2
21-SEP-2026,NSE,bulk_deals,ANURAS,Anupam Rasayan India Ltd,360 ONE PIPE FUND,BUY,900000,1165.0
21-SEP-2026,NSE,bulk_deals,ARIS,Arisinfra Solutions Ltd,VAIBHAV RAJENDRA DOSHI,BUY,475638,137.19
21-SEP-2026,NSE,bulk_deals,ATALREAL,Atal Realtech Limited,QE SECURITIES LLP,BUY,930484,14.09
21-SEP-2026,NSE,bulk_deals,ATALREAL,Atal Realtech Limited,HRTI PRIVATE LIMITED,BUY,1329474,14.01
21-SEP-2026,NSE,bulk_deals,ATALREAL,Atal Realtech Limited,L7 HITECH PRIVATE LIMITED,BUY,200000,14.06
21-SEP-2026,NSE,bulk_deals,ATALREAL,Atal Realtech Limited,JAGID VANITABEN RAJENDRAPRASAD,BUY,2407948,14.05
21-SEP-2026,NSE,bulk_deals,AUTOIND,Autoline Industries Limit,TRADE SOLVENT PRIVATE LIMITED,BUY,300000,83.5
21-SEP-2026,NSE,bulk_deals,AUTOIND,Autoline Industries Limit,AAYUSHMAN RAJESH NUWAL,BUY,25000,84.85
21-SEP-2026,NSE,bulk_deals,COMSYN,Commercial Syn Bags Ltd,NIRMALKUMAR PAREEK,BUY,175000,300.0
21-SEP-2026,NSE,bulk_deals,COMSYN,Commercial Syn Bags Ltd,ARIHANT CAPITAL MARKETS LIMITED,BUY,287339,301.88
21-SEP-2026,NSE,bulk_deals,DHTL,Docmode Health Tech Ltd,GOUTHAMCHANDSIMPAL,BUY,100000,26.66
21-SEP-2026,NSE,bulk_deals,DHTL,Docmode Health Tech Ltd,RAMESH KUMAR JAIN,BUY,56000,26.6
21-SEP-2026,NSE,bulk_deals,FEDDERSHOL,Fedders Holding Ltd.,URJA  INVESTMENT PTE LTD,BUY,1547911,59.39
21-SEP-2026,NSE,bulk_deals,FEDDERSHOL,Fedders Holding Ltd.,HJS SECURITIES PRIVATE LIMITED,BUY,1251932,59.25
21-SEP-2026,NSE,bulk_deals,FEDDERSHOL,Fedders Holding Ltd.,BULLPULSE MARKETEDGE PRIVATE LIMITED,BUY,1250000,56.88
21-SEP-2026,NSE,bulk_deals,FEDDERSHOL,Fedders Holding Ltd.,ASHUTOSH DHIRENDRAKUMAR MANIAR,BUY,1227668,60.43
21-SEP-2026,NSE,bulk_deals,FEDDERSHOL,Fedders Holding Ltd.,QE SECURITIES LLP,BUY,1413305,60.6
21-SEP-2026,NSE,bulk_deals,FEDDERSHOL,Fedders Holding Ltd.,YUGA STOCKS AND COMMODITIES PRIVATE LIMITED,BUY,1421175,63.24
21-SEP-2026,NSE,bulk_deals,GAJA,Gaja Alt Asset Mgt Ltd,MICROCURVES TRADING PRIVATE LIMITED,BUY,888213,162.34
21-SEP-2026,NSE,bulk_deals,GCSL,Gretex Corporate Services,L7 HITECH PRIVATE LIMITED,BUY,25000,634.95
21-SEP-2026,NSE,bulk_deals,GCSL,Gretex Corporate Services,MANSUKH SECURITIES & FINANCE LIMITED,BUY,223425,634.08
21-SEP-2026,NSE,bulk_deals,GCSL,Gretex Corporate Services,KURJIBHAI PREMJIBHAI RUPARELIYA,BUY,825000,636.58
21-SEP-2026,NSE,bulk_deals,GCSL,Gretex Corporate Services,HRTI PRIVATE LIMITED,BUY,172039,636.38
21-SEP-2026,NSE,bulk_deals,GLASSWALL,Glass Wall System (I) Ltd,NK SECURITIES RESEARCH PRIVATE LIMITED,BUY,1757802,284.08
21-SEP-2026,NSE,bulk_deals,GLASSWALL,Glass Wall System (I) Ltd,ALPHAGREP SECURITIES PRIVATE LIMITED,BUY,2661303,279.06
21-SEP-2026,NSE,bulk_deals,GLASSWALL,Glass Wall System (I) Ltd,GRT STRATEGIC VENTURES LLP,BUY,551561,283.74
21-SEP-2026,NSE,bulk_deals,GLASSWALL,Glass Wall System (I) Ltd,IMC INDIA SECURITIES PRIVATE LIMITED,BUY,506117,282.72
21-SEP-2026,NSE,bulk_deals,GLASSWALL,Glass Wall System (I) Ltd,QE SECURITIES LLP,BUY,2049892,277.92
21-SEP-2026,NSE,bulk_deals,GLASSWALL,Glass Wall System (I) Ltd,MATHISYS QUANTCAP LLP,BUY,906620,278.34
21-SEP-2026,NSE,bulk_deals,GLASSWALL,Glass Wall System (I) Ltd,ARUN GODAWAT,BUY,1244700,282.08
21-SEP-2026,NSE,bulk_deals,GLASSWALL,Glass Wall System (I) Ltd,SUNNY GAMBHIR,BUY,502381,277.16
21-SEP-2026,NSE,bulk_deals,GLASSWALL,Glass Wall System (I) Ltd,JUMP TRADING FINANCIAL INDIA PRIVATE LIMITED,BUY,2541083,278.71
21-SEP-2026,NSE,bulk_deals,GLASSWALL,Glass Wall System (I) Ltd,JUNOMONETA FINSOL PRIVATE LIMITED,BUY,1612840,280.61
21-SEP-2026,NSE,bulk_deals,GLASSWALL,Glass Wall System (I) Ltd,PLUTUS WEALTH MANAGEMENT LLP,BUY,3978937,280.77
21-SEP-2026,NSE,bulk_deals,GLASSWALL,Glass Wall System (I) Ltd,MICROCURVES TRADING PRIVATE LIMITED,BUY,1855613,279.51
21-SEP-2026,NSE,bulk_deals,GLASSWALL,Glass Wall System (I) Ltd,BLITZQUANT RESEARCH LLP,BUY,877356,286.07
21-SEP-2026,NSE,bulk_deals,GLASSWALL,Glass Wall System (I) Ltd,MUSIGMA SECURITIES,BUY,468781,281.03
21-SEP-2026,NSE,bulk_deals,GLASSWALL,Glass Wall System (I) Ltd,ELIXIR WEALTH MANAGEMENT PRIVATE LIMITED,BUY,1258374,278.8
21-SEP-2026,NSE,bulk_deals,GLASSWALL,Glass Wall System (I) Ltd,DIPAN MEHTA COMMODITIES PRIVATE LIMITED,BUY,1682970,279.98
21-SEP-2026,NSE,bulk_deals,GLASSWALL,Glass Wall System (I) Ltd,GOLDMINE STOCKS PRIVATE LIMITED,BUY,575052,279.68
21-SEP-2026,NSE,bulk_deals,GLASSWALL,Glass Wall System (I) Ltd,SMC GLOBAL SECURITIES LIMITED,BUY,574060,282.81
21-SEP-2026,NSE,bulk_deals,GLASSWALL,Glass Wall System (I) Ltd,IRAGE BROKING SERVICES LLP,BUY,908252,284.16
21-SEP-2026,NSE,bulk_deals,JASH,Jash Engineering Limited,CLT RESEARCH TECH PRIVATE LTD,BUY,327312,582.18
21-SEP-2026,NSE,bulk_deals,JASH,Jash Engineering Limited,NK SECURITIES RESEARCH PRIVATE LIMITED,BUY,390466,582.8
21-SEP-2026,NSE,bulk_deals,JASH,Jash Engineering Limited,MICROCURVES TRADING PRIVATE LIMITED,BUY,618491,581.71
21-SEP-2026,NSE,bulk_deals,JASH,Jash Engineering Limited,QE SECURITIES LLP,BUY,469501,581.56
21-SEP-2026,NSE,bulk_deals,JASH,Jash Engineering Limited,JUNOMONETA FINSOL PRIVATE LIMITED,BUY,537198,580.91
21-SEP-2026,NSE,bulk_deals,JASH,Jash Engineering Limited,ALPHAGREP SECURITIES PRIVATE LIMITED,BUY,345714,577.7
21-SEP-2026,NSE,bulk_deals,KANOHAR,Kanohar Electricals Ltd,JUMP TRADING FINANCIAL INDIA PRIVATE LIMITED,BUY,400245,852.52
21-SEP-2026,NSE,bulk_deals,KANOHAR,Kanohar Electricals Ltd,ALPHAGREP SECURITIES PRIVATE LIMITED,BUY,495518,830.41
21-SEP-2026,NSE,bulk_deals,KANOHAR,Kanohar Electricals Ltd,PLUTUS WEALTH MANAGEMENT LLP,BUY,603039,833.22
21-SEP-2026,NSE,bulk_deals,KROSS,Kross Limited,QE SECURITIES LLP,BUY,323517,256.54
21-SEP-2026,NSE,bulk_deals,KSHITIJPOL,Kshitij Polyline Limited,SATISH MEJIYATAR,BUY,1485278,4.4
21-SEP-2026,NSE,bulk_deals,MANIKA,Manika Plastech Limited,BHARAT VALUE FUND-SERIES III,BUY,1860465,43.0
21-SEP-2026,NSE,bulk_deals,MANIKA,Manika Plastech Limited,EQUISM CAPITAL PRIVATE  LIMITED,BUY,970214,42.31
21-SEP-2026,NSE,bulk_deals,MOS,Mos Utility Limited,SB OPPORTUNITIES FUND I,BUY,3936000,6.05
21-SEP-2026,NSE,bulk_deals,MOTISONS,Motisons Jewellers Ltd,ARIHANT CAPITAL MARKETS LIMITED,BUY,6299822,18.13
21-SEP-2026,NSE,bulk_deals,MPEL-RE,Manas Poly n Energ Ltd,KAMAL JAGDISH GUPTA,BUY,601600,1.95
21-SEP-2026,NSE,bulk_deals,MPEL-RE,Manas Poly n Energ Ltd,SONAL KAMAL GUPTA,BUY,601600,1.95
21-SEP-2026,NSE,bulk_deals,MVELECTRO,MV Electrosystems Limited,YUGA STOCKS AND COMMODITIES PRIVATE LIMITED,BUY,167954,893.16
21-SEP-2026,NSE,bulk_deals,MVELECTRO,MV Electrosystems Limited,QE SECURITIES LLP,BUY,148362,868.35
21-SEP-2026,NSE,bulk_deals,MVELECTRO,MV Electrosystems Limited,HRTI PRIVATE LIMITED,BUY,343642,869.76
21-SEP-2026,NSE,bulk_deals,MVELECTRO,MV Electrosystems Limited,JUMP TRADING FINANCIAL INDIA PRIVATE LIMITED,BUY,194479,881.26
21-SEP-2026,NSE,bulk_deals,MVELECTRO,MV Electrosystems Limited,JUNOMONETA FINSOL PRIVATE LIMITED,BUY,150348,874.87
21-SEP-2026,NSE,bulk_deals,MVELECTRO,MV Electrosystems Limited,PLUTUS WEALTH MANAGEMENT LLP,BUY,166953,869.88
21-SEP-2026,NSE,bulk_deals,PRESSTONIC,Presstonic Engineering L,SHAH DIPAK KANAYALAL,BUY,83200,35.37
21-SEP-2026,NSE,bulk_deals,PROTEAN,Protean eGov Techno Ltd,JUNOMONETA FINSOL PRIVATE LIMITED,BUY,215241,558.94
21-SEP-2026,NSE,bulk_deals,PROTEAN,Protean eGov Techno Ltd,MICROCURVES TRADING PRIVATE LIMITED,BUY,355881,561.82
21-SEP-2026,NSE,bulk_deals,PROTEAN,Protean eGov Techno Ltd,QE SECURITIES LLP,BUY,290612,556.98
21-SEP-2026,NSE,bulk_deals,QUALIANCE,Qualiance International L,NEO APEX SHARE BROKING SERVICES LLP,BUY,267000,182.75
21-SEP-2026,NSE,bulk_deals,RATNAVEER,Ratnaveer Precision Eng L,ARIHANT CAPITAL MARKETS LIMITED,BUY,1842410,320.99
21-SEP-2026,NSE,bulk_deals,RATNAVEER,Ratnaveer Precision Eng L,JAINAM BROKING LIMITED,BUY,502000,326.93
21-SEP-2026,NSE,bulk_deals,RATNAVEER,Ratnaveer Precision Eng L,ALPHAGREP SECURITIES PRIVATE LIMITED,BUY,624466,327.02
21-SEP-2026,NSE,bulk_deals,RATNAVEER,Ratnaveer Precision Eng L,QE SECURITIES LLP,BUY,921898,326.65
21-SEP-2026,NSE,bulk_deals,RATNAVEER,Ratnaveer Precision Eng L,MICROCURVES TRADING PRIVATE LIMITED,BUY,756291,329.35
21-SEP-2026,NSE,bulk_deals,RATNAVEER,Ratnaveer Precision Eng L,HRTI PRIVATE LIMITED,BUY,972633,330.2
21-SEP-2026,NSE,bulk_deals,RATNAVEER,Ratnaveer Precision Eng L,SIDDHISURI FINVEST PRIVATE LIMITED,BUY,500000,334.5
21-SEP-2026,NSE,bulk_deals,RATNAVEER,Ratnaveer Precision Eng L,JUNOMONETA FINSOL PRIVATE LIMITED,BUY,435840,325.39
21-SEP-2026,NSE,bulk_deals,RAYMOND,Raymond Ltd.,HRTI PRIVATE LIMITED,BUY,597182,1044.3
21-SEP-2026,NSE,bulk_deals,RENTOMOJO,Rentomojo Limited,JUMP TRADING FINANCIAL INDIA PRIVATE LIMITED,BUY,599882,531.63
21-SEP-2026,NSE,bulk_deals,RENTOMOJO,Rentomojo Limited,PLUTUS WEALTH MANAGEMENT LLP,BUY,625951,527.87
21-SEP-2026,NSE,bulk_deals,SAMBHV,Sambhv Steel Tubes Ltd,MICROCURVES TRADING PRIVATE LIMITED,BUY,2852888,155.99
21-SEP-2026,NSE,bulk_deals,SAMBHV,Sambhv Steel Tubes Ltd,QE SECURITIES LLP,BUY,2723091,154.79
21-SEP-2026,NSE,bulk_deals,SAMBHV,Sambhv Steel Tubes Ltd,ALPHAGREP SECURITIES PRIVATE LIMITED,BUY,2841445,155.95
21-SEP-2026,NSE,bulk_deals,SAMBHV,Sambhv Steel Tubes Ltd,NK SECURITIES RESEARCH PRIVATE LIMITED,BUY,1513398,156.92
21-SEP-2026,NSE,bulk_deals,SAMBHV,Sambhv Steel Tubes Ltd,MUSIGMA SECURITIES,BUY,1500292,155.72
21-SEP-2026,NSE,bulk_deals,SAMBHV,Sambhv Steel Tubes Ltd,HRTI PRIVATE LIMITED,BUY,1331989,154.54
21-SEP-2026,NSE,bulk_deals,SKYWAYS,Skyways Air Services Ltd,ALPHAGREP SECURITIES PRIVATE LIMITED,BUY,1603555,132.13
21-SEP-2026,NSE,bulk_deals,SKYWAYS,Skyways Air Services Ltd,HRTI PRIVATE LIMITED,BUY,946127,130.63
21-SEP-2026,NSE,bulk_deals,SKYWAYS,Skyways Air Services Ltd,QE SECURITIES LLP,BUY,2081872,131.21
21-SEP-2026,NSE,bulk_deals,SKYWAYS,Skyways Air Services Ltd,PLUTUS WEALTH MANAGEMENT LLP,BUY,1257101,130.92
21-SEP-2026,NSE,bulk_deals,SUNSHINE,Sunshine Pictures Limited,HRTI PRIVATE LIMITED,BUY,206115,405.81
21-SEP-2026,NSE,bulk_deals,SUNSHINE,Sunshine Pictures Limited,TRADE SOLVENT PRIVATE LIMITED,BUY,240000,422.0
21-SEP-2026,NSE,bulk_deals,SUNSHINE,Sunshine Pictures Limited,DILIP R DOSHI,BUY,300000,420.0
21-SEP-2026,NSE,bulk_deals,SUNSHINE,Sunshine Pictures Limited,ARIHANT CAPITAL MARKETS LIMITED,BUY,942057,397.46
21-SEP-2026,NSE,bulk_deals,SUNSHINE,Sunshine Pictures Limited,NIRMALKUMAR PAREEK,BUY,25000,409.33
21-SEP-2026,NSE,bulk_deals,UCL,Ushanti Colour Chem Ltd,SERA INVESTMENTS & FINANCE INDIA LIMITED,BUY,130000,225.9
21-SEP-2026,NSE,bulk_deals,VEEGALAND,Veegaland Developers Ltd,NEO APEX SHARE BROKING SERVICES LLP,BUY,4,142.9
21-SEP-2026,NSE,bulk_deals,AGIIL,Agi Infra Limited,ARIHANT CAPITAL MARKETS LIMITED,SELL,694811,272.14
21-SEP-2026,NSE,bulk_deals,AHCL,Anlon Healthcare Limited,NK SECURITIES RESEARCH PRIVATE LIMITED,SELL,5192112,25.22
21-SEP-2026,NSE,bulk_deals,AHCL,Anlon Healthcare Limited,PLUTUS WEALTH MANAGEMENT LLP,SELL,3275093,25.0
21-SEP-2026,NSE,bulk_deals,AHCL,Anlon Healthcare Limited,QE SECURITIES LLP,SELL,4887876,24.76
21-SEP-2026,NSE,bulk_deals,AHCL,Anlon Healthcare Limited,MICROCURVES TRADING PRIVATE LIMITED,SELL,4668109,25.64
21-SEP-2026,NSE,bulk_deals,AHCL,Anlon Healthcare Limited,JUNOMONETA FINSOL PRIVATE LIMITED,SELL,7812199,25.11
21-SEP-2026,NSE,bulk_deals,AHCL,Anlon Healthcare Limited,HRTI PRIVATE LIMITED,SELL,7312743,25.31
21-SEP-2026,NSE,bulk_deals,ANURAS,Anupam Rasayan India Ltd,ASHAPURA COMMODITIES,SELL,1502130,1165.16
21-SEP-2026,NSE,bulk_deals,ARIS,Arisinfra Solutions Ltd,VAIBHAV RAJENDRA DOSHI,SELL,475638,137.87
21-SEP-2026,NSE,bulk_deals,ATALREAL,Atal Realtech Limited,L7 HITECH PRIVATE LIMITED,SELL,1000500,14.2
21-SEP-2026,NSE,bulk_deals,ATALREAL,Atal Realtech Limited,QE SECURITIES LLP,SELL,1436753,14.0
21-SEP-2026,NSE,bulk_deals,ATALREAL,Atal Realtech Limited,HRTI PRIVATE LIMITED,SELL,1144016,14.07
21-SEP-2026,NSE,bulk_deals,ATALREAL,Atal Realtech Limited,JAGID VANITABEN RAJENDRAPRASAD,SELL,1936819,14.06
21-SEP-2026,NSE,bulk_deals,AUTOIND,Autoline Industries Limit,AAYUSHMAN RAJESH NUWAL,SELL,369474,83.14
21-SEP-2026,NSE,bulk_deals,COMSYN,Commercial Syn Bags Ltd,NIRMALKUMAR PAREEK,SELL,317498,302.03
21-SEP-2026,NSE,bulk_deals,COMSYN,Commercial Syn Bags Ltd,ARIHANT CAPITAL MARKETS LIMITED,SELL,272113,303.74
21-SEP-2026,NSE,bulk_deals,COMSYN,Commercial Syn Bags Ltd,NIRAJ RAJNIKANT SHAH,SELL,415000,301.03
21-SEP-2026,NSE,bulk_deals,CPCAP,CP Capital Limited,PRUDENT EQUITY PRIVATE LIMITED,SELL,111649,149.09
21-SEP-2026,NSE,bulk_deals,CROWN,Crown Lifters Ltd,ALPA WEALTH CREATOR,SELL,63000,119.1
21-SEP-2026,NSE,bulk_deals,DHTL,Docmode Health Tech Ltd,GOUTHAMCHANDSIMPAL,SELL,60800,26.6
21-SEP-2026,NSE,bulk_deals,DHTL,Docmode Health Tech Ltd,RAMESH JAIN HUF,SELL,100800,26.66
21-SEP-2026,NSE,bulk_deals,FEDDERSHOL,Fedders Holding Ltd.,BULLPULSE MARKETEDGE PRIVATE LIMITED,SELL,1000000,55.7
21-SEP-2026,NSE,bulk_deals,FEDDERSHOL,Fedders Holding Ltd.,URJA  INVESTMENT PTE LTD,SELL,1547568,59.02
21-SEP-2026,NSE,bulk_deals,FEDDERSHOL,Fedders Holding Ltd.,QE SECURITIES LLP,SELL,1478424,59.64
21-SEP-2026,NSE,bulk_deals,FEDDERSHOL,Fedders Holding Ltd.,YUGA STOCKS AND COMMODITIES PRIVATE LIMITED,SELL,1241175,63.44
21-SEP-2026,NSE,bulk_deals,FEDDERSHOL,Fedders Holding Ltd.,ASHUTOSH DHIRENDRAKUMAR MANIAR,SELL,877045,61.84
21-SEP-2026,NSE,bulk_deals,FEDDERSHOL,Fedders Holding Ltd.,HJS SECURITIES PRIVATE LIMITED,SELL,1214457,59.26
21-SEP-2026,NSE,bulk_deals,GAJA,Gaja Alt Asset Mgt Ltd,MICROCURVES TRADING PRIVATE LIMITED,SELL,888213,162.48
21-SEP-2026,NSE,bulk_deals,GCSL,Gretex Corporate Services,MANSUKH SECURITIES & FINANCE LIMITED,SELL,349641,635.94
21-SEP-2026,NSE,bulk_deals,GCSL,Gretex Corporate Services,HRTI PRIVATE LIMITED,SELL,44440,633.85
21-SEP-2026,NSE,bulk_deals,GCSL,Gretex Corporate Services,SIDDHISURI FINVEST PRIVATE LIMITED,SELL,125000,635.01
21-SEP-2026,NSE,bulk_deals,GCSL,Gretex Corporate Services,L7 HITECH PRIVATE LIMITED,SELL,197700,635.77
21-SEP-2026,NSE,bulk_deals,GCSL,Gretex Corporate Services,ACE INDUSTRIES ( INDIA ) PRIVATE LIMITED,SELL,130000,637.0
21-SEP-2026,NSE,bulk_deals,GCSL,Gretex Corporate Services,SUMAN KUMAR SARAF,SELL,332001,637.14
21-SEP-2026,NSE,bulk_deals,GLASSWALL,Glass Wall System (I) Ltd,BLITZQUANT RESEARCH LLP,SELL,877356,286.21
21-SEP-2026,NSE,bulk_deals,GLASSWALL,Glass Wall System (I) Ltd,IMC INDIA SECURITIES PRIVATE LIMITED,SELL,506088,281.85
21-SEP-2026,NSE,bulk_deals,GLASSWALL,Glass Wall System (I) Ltd,QE SECURITIES LLP,SELL,2107328,279.27
21-SEP-2026,NSE,bulk_deals,GLASSWALL,Glass Wall System (I) Ltd,GOLDMINE STOCKS PRIVATE LIMITED,SELL,575052,279.58
21-SEP-2026,NSE,bulk_deals,GLASSWALL,Glass Wall System (I) Ltd,DIPAN MEHTA COMMODITIES PRIVATE LIMITED,SELL,1682970,280.64
21-SEP-2026,NSE,bulk_deals,GLASSWALL,Glass Wall System (I) Ltd,ELIXIR WEALTH MANAGEMENT PRIVATE LIMITED,SELL,1256374,278.92
21-SEP-2026,NSE,bulk_deals,GLASSWALL,Glass Wall System (I) Ltd,MUSIGMA SECURITIES,SELL,468781,281.22
21-SEP-2026,NSE,bulk_deals,GLASSWALL,Glass Wall System (I) Ltd,NK SECURITIES RESEARCH PRIVATE LIMITED,SELL,1757802,284.25
21-SEP-2026,NSE,bulk_deals,GLASSWALL,Glass Wall System (I) Ltd,ALPHAGREP SECURITIES PRIVATE LIMITED,SELL,2661303,279.2
21-SEP-2026,NSE,bulk_deals,GLASSWALL,Glass Wall System (I) Ltd,GRT STRATEGIC VENTURES LLP,SELL,551561,283.85
21-SEP-2026,NSE,bulk_deals,GLASSWALL,Glass Wall System (I) Ltd,IRAGE BROKING SERVICES LLP,SELL,1092273,284.84
21-SEP-2026,NSE,bulk_deals,GLASSWALL,Glass Wall System (I) Ltd,MICROCURVES TRADING PRIVATE LIMITED,SELL,1855613,279.59
21-SEP-2026,NSE,bulk_deals,GLASSWALL,Glass Wall System (I) Ltd,PLUTUS WEALTH MANAGEMENT LLP,SELL,3978937,280.9
21-SEP-2026,NSE,bulk_deals,GLASSWALL,Glass Wall System (I) Ltd,JUNOMONETA FINSOL PRIVATE LIMITED,SELL,1625109,280.85
21-SEP-2026,NSE,bulk_deals,GLASSWALL,Glass Wall System (I) Ltd,JUMP TRADING FINANCIAL INDIA PRIVATE LIMITED,SELL,2541083,279.55
21-SEP-2026,NSE,bulk_deals,GLASSWALL,Glass Wall System (I) Ltd,SUNNY GAMBHIR,SELL,434782,276.83
21-SEP-2026,NSE,bulk_deals,GLASSWALL,Glass Wall System (I) Ltd,ARUN GODAWAT,SELL,1244700,279.15
21-SEP-2026,NSE,bulk_deals,GLASSWALL,Glass Wall System (I) Ltd,MATHISYS QUANTCAP LLP,SELL,923156,279.03
21-SEP-2026,NSE,bulk_deals,GLASSWALL,Glass Wall System (I) Ltd,SMC GLOBAL SECURITIES LIMITED,SELL,574060,283.05
21-SEP-2026,NSE,bulk_deals,JASH,Jash Engineering Limited,JUNOMONETA FINSOL PRIVATE LIMITED,SELL,538203,581.47
21-SEP-2026,NSE,bulk_deals,JASH,Jash Engineering Limited,MICROCURVES TRADING PRIVATE LIMITED,SELL,618491,582.17
21-SEP-2026,NSE,bulk_deals,JASH,Jash Engineering Limited,QE SECURITIES LLP,SELL,462164,577.79
21-SEP-2026,NSE,bulk_deals,JASH,Jash Engineering Limited,NK SECURITIES RESEARCH PRIVATE LIMITED,SELL,390466,583.11
21-SEP-2026,NSE,bulk_deals,JASH,Jash Engineering Limited,ALPHAGREP SECURITIES PRIVATE LIMITED,SELL,345714,577.99
21-SEP-2026,NSE,bulk_deals,JASH,Jash Engineering Limited,CLT RESEARCH TECH PRIVATE LTD,SELL,327312,582.67
21-SEP-2026,NSE,bulk_deals,KANOHAR,Kanohar Electricals Ltd,JUMP TRADING FINANCIAL INDIA PRIVATE LIMITED,SELL,400245,812.62
21-SEP-2026,NSE,bulk_deals,KANOHAR,Kanohar Electricals Ltd,PLUTUS WEALTH MANAGEMENT LLP,SELL,603039,833.62
21-SEP-2026,NSE,bulk_deals,KANOHAR,Kanohar Electricals Ltd,ALPHAGREP SECURITIES PRIVATE LIMITED,SELL,495518,831.03
21-SEP-2026,NSE,bulk_deals,KROSS,Kross Limited,QE SECURITIES LLP,SELL,326381,255.68
21-SEP-2026,NSE,bulk_deals,KSHITIJPOL,Kshitij Polyline Limited,SATISH MEJIYATAR,SELL,2101283,4.41
21-SEP-2026,NSE,bulk_deals,LENSKART,Lenskart Solutions Ltd,PLATINUM JASMINE A 2018 TRUST,SELL,35000000,683.02
21-SEP-2026,NSE,bulk_deals,MANIKA,Manika Plastech Limited,RAJASTHAN GLOBAL SECURITIES PVT LTD,SELL,1831383,43.0
21-SEP-2026,NSE,bulk_deals,MANIKA,Manika Plastech Limited,GOLDMAN SACHS (SINGAPORE) PTE,SELL,600135,40.86
21-SEP-2026,NSE,bulk_deals,MANIKA,Manika Plastech Limited,VBCUBE VENTURES FUND II,SELL,872221,43.0
21-SEP-2026,NSE,bulk_deals,MAZDA,Mazda Limited,CROLL REYNOLDS INTERNATIONAL INC,SELL,112884,256.58
21-SEP-2026,NSE,bulk_deals,MOS,Mos Utility Limited,ASHOK INVESTORS TRUST LIMITED,SELL,6352000,6.05
21-SEP-2026,NSE,bulk_deals,MOTISONS,Motisons Jewellers Ltd,ARIHANT CAPITAL MARKETS LIMITED,SELL,4409531,18.2
21-SEP-2026,NSE,bulk_deals,MPEL-RE,Manas Poly n Energ Ltd,VINEET BHADAURIA,SELL,1126400,1.95
21-SEP-2026,NSE,bulk_deals,MPEL-RE,Manas Poly n Energ Ltd,NEHA ROHAN RAMTEKE,SELL,147200,1.95
21-SEP-2026,NSE,bulk_deals,MPEL-RE,Manas Poly n Energ Ltd,ARUN GAHLOT,SELL,147200,1.95
21-SEP-2026,NSE,bulk_deals,MVELECTRO,MV Electrosystems Limited,JUMP TRADING FINANCIAL INDIA PRIVATE LIMITED,SELL,193640,874.62
21-SEP-2026,NSE,bulk_deals,MVELECTRO,MV Electrosystems Limited,HRTI PRIVATE LIMITED,SELL,359110,870.42
21-SEP-2026,NSE,bulk_deals,MVELECTRO,MV Electrosystems Limited,YUGA STOCKS AND COMMODITIES PRIVATE LIMITED,SELL,108954,885.41
21-SEP-2026,NSE,bulk_deals,MVELECTRO,MV Electrosystems Limited,JUNOMONETA FINSOL PRIVATE LIMITED,SELL,151257,875.52
21-SEP-2026,NSE,bulk_deals,MVELECTRO,MV Electrosystems Limited,QE SECURITIES LLP,SELL,149988,865.6
21-SEP-2026,NSE,bulk_deals,MVELECTRO,MV Electrosystems Limited,PLUTUS WEALTH MANAGEMENT LLP,SELL,166953,870.1
21-SEP-2026,NSE,bulk_deals,PROTEAN,Protean eGov Techno Ltd,JUNOMONETA FINSOL PRIVATE LIMITED,SELL,227708,560.57
21-SEP-2026,NSE,bulk_deals,PROTEAN,Protean eGov Techno Ltd,MICROCURVES TRADING PRIVATE LIMITED,SELL,355937,562.12
21-SEP-2026,NSE,bulk_deals,PROTEAN,Protean eGov Techno Ltd,QE SECURITIES LLP,SELL,307396,559.47
21-SEP-2026,NSE,bulk_deals,QUALIANCE,Qualiance International L,NEO APEX SHARE BROKING SERVICES LLP,SELL,26000,182.75
21-SEP-2026,NSE,bulk_deals,RATNAVEER,Ratnaveer Precision Eng L,ALPHAGREP SECURITIES PRIVATE LIMITED,SELL,624466,328.39
21-SEP-2026,NSE,bulk_deals,RATNAVEER,Ratnaveer Precision Eng L,JAINAM BROKING LIMITED,SELL,553000,333.74
21-SEP-2026,NSE,bulk_deals,RATNAVEER,Ratnaveer Precision Eng L,HRTI PRIVATE LIMITED,SELL,922317,325.74
21-SEP-2026,NSE,bulk_deals,RATNAVEER,Ratnaveer Precision Eng L,MICROCURVES TRADING PRIVATE LIMITED,SELL,756291,329.51
21-SEP-2026,NSE,bulk_deals,RATNAVEER,Ratnaveer Precision Eng L,QE SECURITIES LLP,SELL,966571,325.69
21-SEP-2026,NSE,bulk_deals,RATNAVEER,Ratnaveer Precision Eng L,JUNOMONETA FINSOL PRIVATE LIMITED,SELL,435980,325.44
21-SEP-2026,NSE,bulk_deals,RATNAVEER,Ratnaveer Precision Eng L,ARIHANT CAPITAL MARKETS LIMITED,SELL,1635586,330.33
21-SEP-2026,NSE,bulk_deals,RAYMOND,Raymond Ltd.,HRTI PRIVATE LIMITED,SELL,558522,1044.75
21-SEP-2026,NSE,bulk_deals,RENTOMOJO,Rentomojo Limited,JUMP TRADING FINANCIAL INDIA PRIVATE LIMITED,SELL,599882,525.54
21-SEP-2026,NSE,bulk_deals,RENTOMOJO,Rentomojo Limited,PLUTUS WEALTH MANAGEMENT LLP,SELL,625951,527.99
21-SEP-2026,NSE,bulk_deals,SAMBHV,Sambhv Steel Tubes Ltd,HRTI PRIVATE LIMITED,SELL,1646599,155.4
21-SEP-2026,NSE,bulk_deals,SAMBHV,Sambhv Steel Tubes Ltd,QE SECURITIES LLP,SELL,2743321,155.8
21-SEP-2026,NSE,bulk_deals,SAMBHV,Sambhv Steel Tubes Ltd,ALPHAGREP SECURITIES PRIVATE LIMITED,SELL,2841445,156.2
21-SEP-2026,NSE,bulk_deals,SAMBHV,Sambhv Steel Tubes Ltd,NK SECURITIES RESEARCH PRIVATE LIMITED,SELL,1513398,156.99
21-SEP-2026,NSE,bulk_deals,SAMBHV,Sambhv Steel Tubes Ltd,MUSIGMA SECURITIES,SELL,1499828,155.76
21-SEP-2026,NSE,bulk_deals,SAMBHV,Sambhv Steel Tubes Ltd,MICROCURVES TRADING PRIVATE LIMITED,SELL,2852888,156.05
21-SEP-2026,NSE,bulk_deals,SKYWAYS,Skyways Air Services Ltd,QE SECURITIES LLP,SELL,2167495,130.2
21-SEP-2026,NSE,bulk_deals,SKYWAYS,Skyways Air Services Ltd,PLUTUS WEALTH MANAGEMENT LLP,SELL,1257101,131.01
21-SEP-2026,NSE,bulk_deals,SKYWAYS,Skyways Air Services Ltd,ALPHAGREP SECURITIES PRIVATE LIMITED,SELL,1603555,131.28
21-SEP-2026,NSE,bulk_deals,SKYWAYS,Skyways Air Services Ltd,HRTI PRIVATE LIMITED,SELL,844367,131.08
21-SEP-2026,NSE,bulk_deals,SUNSHINE,Sunshine Pictures Limited,NIRMALKUMAR PAREEK,SELL,170000,392.93
21-SEP-2026,NSE,bulk_deals,SUNSHINE,Sunshine Pictures Limited,UNI GROWTH FUND,SELL,277775,390.0
21-SEP-2026,NSE,bulk_deals,SUNSHINE,Sunshine Pictures Limited,ARIHANT CAPITAL MARKETS LIMITED,SELL,1147235,415.56
21-SEP-2026,NSE,bulk_deals,SUNSHINE,Sunshine Pictures Limited,HRTI PRIVATE LIMITED,SELL,140027,406.55
21-SEP-2026,NSE,bulk_deals,TECHD,TechD Cybersecurity Ltd,PCG FINVEST PRIVATE LIMITED,SELL,51300,547.61
21-SEP-2026,NSE,bulk_deals,UCL,Ushanti Colour Chem Ltd,SARVAD INFRABUILD LLP,SELL,186000,225.9
21-SEP-2026,NSE,bulk_deals,VEEGALAND,Veegaland Developers Ltd,NEO APEX SHARE BROKING SERVICES LLP,SELL,300004,138.99
NO RECORDS,NSE,block_deals,nan,nan,nan,nan,nan,nan
21/09/2026,BSE,bulk,531300,AMITINT,COMFORT COMMOTRADE PRIVATE LIMITED,B,100000.0,3.27
21/09/2026,BSE,bulk,544920,AMTECH,NEO APEX SHARE BROKING SERVICES LLP,B,67200.0,115.76
21/09/2026,BSE,bulk,520121,ARCEEIN,KRUTI PIPES PRIVATE LIMITED,S,35000.0,15.22
21/09/2026,BSE,bulk,530249,BRIDGESE,CAPACIOUS WEALTH MANAGEMENT LLP,B,300000.0,8.4
21/09/2026,BSE,bulk,530249,BRIDGESE,KEYVENTURE ENTERPRISES PRIVATE LIMITED,S,1441958.0,8.46
21/09/2026,BSE,bulk,530249,BRIDGESE,KEYVENTURE ENTERPRISES PRIVATE LIMITED,B,200.0,8.23
21/09/2026,BSE,bulk,530249,BRIDGESE,NEELRAMESHBHAIGAJERA,S,6500.0,8.5
21/09/2026,BSE,bulk,530249,BRIDGESE,NEELRAMESHBHAIGAJERA,B,1056500.0,8.5
21/09/2026,BSE,bulk,531099,CENTUPLE,RAJVANSH ELECTRICALS PRIVATE LIMITED,S,60656.0,31.35
21/09/2026,BSE,bulk,544928,CENTURYOOH,HEM GROWTH OPPORTUNITIES FUND,B,198400.0,74.0
21/09/2026,BSE,bulk,544928,CENTURYOOH,SHINE STAR BUILD CAP PVT LTD,S,14400.0,75.79
21/09/2026,BSE,bulk,544928,CENTURYOOH,SHINE STAR BUILD CAP PVT LTD,B,89600.0,74.0
21/09/2026,BSE,bulk,544928,CENTURYOOH,SANJAY POPATLAL JAIN,B,134400.0,74.07
21/09/2026,BSE,bulk,544928,CENTURYOOH,FINAVENUE GROWTH FUND,B,134400.0,74.0
21/09/2026,BSE,bulk,544928,CENTURYOOH,SB OPPORTUNITIES FUND II,B,113600.0,74.6
21/09/2026,BSE,bulk,512093,CRANESSOFT,JAYPEE CAPITAL SERVICE LTD,S,151214.0,6.06
21/09/2026,BSE,bulk,512093,CRANESSOFT,JAYPEE CAPITAL SERVICE LTD,B,12033764.0,6.06
21/09/2026,BSE,bulk,512093,CRANESSOFT,TECHUNI VENTURES PRIVATE LIMITED,S,12000000.0,6.06
21/09/2026,BSE,bulk,543516,DHYAANITR,SHIV SHAKTI TRADING COMPANY,B,25200.0,7.78
21/09/2026,BSE,bulk,543516,DHYAANITR,KRISHNA TRADE FINANCE,B,187600.0,7.72
21/09/2026,BSE,bulk,543516,DHYAANITR,SHIV SHAKTI TRADING COMPANY,S,288400.0,7.11
21/09/2026,BSE,bulk,543516,DHYAANITR,OSWAL ENERGIES LIMITED,B,397600.0,7.1
21/09/2026,BSE,bulk,543516,DHYAANITR,RINABEN HIRABHAI DESAI,S,190400.0,7.73
21/09/2026,BSE,bulk,543324,GCSL,MANSUKH SECURITIES AND FINANCE LIMITED,S,127000.0,635.01
21/09/2026,BSE,bulk,543324,GCSL,KURJIBHAI PREMJIBHAI RUPARELIYA,B,177322.0,635.01
21/09/2026,BSE,bulk,544913,GLASSWALL,IRAGE BROKING SERVICES LLP,S,582084.0,283.04
21/09/2026,BSE,bulk,544913,GLASSWALL,IRAGE BROKING SERVICES LLP,B,766105.0,283.87
21/09/2026,BSE,bulk,514386,GUJCOTEX,JAGID VANITABEN RAJENDRAPRASAD,S,365467.0,2.79
21/09/2026,BSE,bulk,514386,GUJCOTEX,JAGID VANITABEN RAJENDRAPRASAD,B,747333.0,2.79
21/09/2026,BSE,bulk,539697,HILIKS,KRIIS PORTFOLIO PRIVATE LIMITED,S,65000.0,60.2
21/09/2026,BSE,bulk,544794,HORIZON,VIKASA INDIA EIF I FUND-INCUBE GLOBAL OPPORTUNITIES,S,200400.0,139.26
21/09/2026,BSE,bulk,544794,HORIZON,MANSI SHARE AND STOCK BROKING PRIVATE LIMITED,B,164400.0,139.15
21/09/2026,BSE,bulk,544930,INJECTO,CAPITALSQUARE FINANCIAL SERVICES PRIVATE LIMITED,B,958800.0,98.97
21/09/2026,BSE,bulk,540756,KAARYAFSL,RAMESH KUMAR JAIN,S,90000.0,9.98
21/09/2026,BSE,bulk,526935,KALIND,NEO APEX SHARE BROKING SERVICES LLP,B,5241714.0,4.5
21/09/2026,BSE,bulk,526935,KALIND,NEO APEX SHARE BROKING SERVICES LLP,S,5241714.0,4.5
21/09/2026,BSE,bulk,519230,KISAAN,ALOK KUMAR KUSHWAHA,S,55500.0,11.05
21/09/2026,BSE,bulk,514360,KRRAIL,PRATIK MADHUKAR SHETH,S,210000.0,20.25
21/09/2026,BSE,bulk,514360,KRRAIL,FAISAL  AHMED,B,207949.0,20.25
21/09/2026,BSE,bulk,539408,KUBERJI,JAINAM UDAY SHAH,B,19516.0,51.84
21/09/2026,BSE,bulk,539408,KUBERJI,PANKHURI KANDA,B,17500.0,51.42
21/09/2026,BSE,bulk,535387,LAKHOTIA,INTENSIVE FINANCE PRIVATE LIMITED,B,621000.0,57.0
21/09/2026,BSE,bulk,535387,LAKHOTIA,INTENSIVE SOFTSHARE PRIVATE LIMITED,S,621000.0,57.0
21/09/2026,BSE,bulk,544611,MAHALIFE,SANJAY POPATLAL JAIN,B,156000.0,180.0
21/09/2026,BSE,bulk,543217,MINDSPACE,CHANDRU LACHMANDAS RAHEJA,S,9900990.0,505.0
21/09/2026,BSE,bulk,540254,MTPL,VAGHANI SHARES AND SECURITIES PRIVATE LIMITED,S,400000.0,8.71
21/09/2026,BSE,bulk,544373,NAPSGLOBAL,ANSH  JAIN,B,52800.0,56.17
21/09/2026,BSE,bulk,544373,NAPSGLOBAL,BISHIKESAN SAMAL,S,27200.0,56.0
21/09/2026,BSE,bulk,544373,NAPSGLOBAL,RAJALAXMI SAMAL,S,25600.0,56.12
21/09/2026,BSE,bulk,522289,NMSGLOBAL,PRIYASHA MEVEN FINANCE LTD.,S,22626.0,39.16
21/09/2026,BSE,bulk,522289,NMSGLOBAL,PRIYASHA MEVEN FINANCE LTD.,B,1701.0,37.59
21/09/2026,BSE,bulk,540703,PROCLB,ANIL SUGRIV GUPTA,B,50000.0,47.5
21/09/2026,BSE,bulk,544924,RAKSAN,SATYAVIBHUMUPPANA,B,116000.0,272.3
21/09/2026,BSE,bulk,531794,SESHACHAL,VIVEK KANDA,B,12174.0,68.02
21/09/2026,BSE,bulk,531794,SESHACHAL,JITENDRA  PAREKH,S,6309.0,69.72
21/09/2026,BSE,bulk,531794,SESHACHAL,SAI SAMHITHA CHITTURI,S,5300.0,63.53
21/09/2026,BSE,bulk,530907,SICAPIT,VINAYAKUMAR T,B,77969.0,11.77
21/09/2026,BSE,bulk,538923,SOFCOM,TARIK  NARANG,B,142100.0,16.89
21/09/2026,BSE,bulk,544925,SPEEDEX,YUGA STOCKS AND COMMODITIES PRIVATE LIMITED,B,109800.0,253.55
21/09/2026,BSE,bulk,534680,SRGHFL,SUNDEEP CHETAN PATEL,B,88041.0,126.5
21/09/2026,BSE,bulk,534680,SRGHFL,PATEL FAMILY TRUST,S,88714.0,126.5
21/09/2026,BSE,bulk,544399,SRIGEE,KALYANARANGAN EMBAR SRIRANGAN,B,30000.0,74.78
21/09/2026,BSE,bulk,544399,SRIGEE,VIKASA INDIA EIF I FUND-INCUBE GLOBAL OPPORTUNITIES,S,64800.0,67.68
21/09/2026,BSE,bulk,512359,SWORDEDGE,ALKA  RAWAT,B,282813.0,0.32
21/09/2026,BSE,bulk,512359,SWORDEDGE,NITIN  BAKSHI,B,474315.0,0.32
21/09/2026,BSE,bulk,512359,SWORDEDGE,ALKA  RAWAT,S,1505929.0,0.26
21/09/2026,BSE,bulk,512359,SWORDEDGE,NITIN  BAKSHI,S,1174315.0,0.27
21/09/2026,BSE,bulk,531411,TUNITEX,RATHOD DIGVIJAYSINH RAJENDRASINH,B,1122968.0,1.52
21/09/2026,BSE,bulk,531411,TUNITEX,RATHOD DIGVIJAYSINH RAJENDRASINH,S,1122968.0,1.52
21/09/2026,BSE,bulk,531411,TUNITEX,JAGID VANITABEN RAJENDRAPRASAD,B,2031669.0,1.52
21/09/2026,BSE,bulk,531411,TUNITEX,JAGID VANITABEN RAJENDRAPRASAD,S,1771057.0,1.52
21/09/2026,BSE,bulk,531411,TUNITEX,SHARE INDIA SECURITIES LIMITED,S,1000005.0,1.52
21/09/2026,BSE,bulk,531411,TUNITEX,SHARE INDIA SECURITIES LIMITED,B,1000005.0,1.52
21/09/2026,BSE,bulk,544371,VIKRAMAR,RAHUL SACHAR,B,15751.0,108.94
21/09/2026,BSE,bulk,506122,VOLKAI,TATIA FINAANCIAL SERVICES LTD,B,67100.0,18.75
21/09/2026,BSE,bulk,544770,YAASHVI,DAVINDER SINGH,S,97600.0,69.52
18/09/2026,BSE,block,501425,BBTC,NOWROSJEE WADIA AND SONS LTD,B,1834000.0,1360.0
18/09/2026,BSE,block,501425,BBTC,WADIA NUSLI NEVILLE,S,1834000.0,1360.0
18/09/2026,BSE,block,501261,LORDSMARK,GOLDMAN SACHS INVESTMENTS MAURITIUS I LIMITED,B,5100000.0,84.0
18/09/2026,BSE,block,501261,LORDSMARK,A.T. TRADE OVERSEAS PRIVATE LIMITED,B,3000000.0,84.0
18/09/2026,BSE,block,501261,LORDSMARK,SACHIDANAND HARIRAM UPADHYAY,S,3000000.0,84.0
18/09/2026,BSE,block,501261,LORDSMARK,SACHIDANAND HARIRAM UPADHYAY,S,5100000.0,84.0
22-SEP-2026,NSE,bulk_deals,AASTHA,Aastha Spintex Limited,L7 HITECH PRIVATE LIMITED,BUY,207511,81.51
22-SEP-2026,NSE,bulk_deals,AHCL,Anlon Healthcare Limited,QE SECURITIES LLP,BUY,2951499,28.2
22-SEP-2026,NSE,bulk_deals,AHCL,Anlon Healthcare Limited,NEO APEX SHARE BROKING SERVICES LLP,BUY,3330626,28.74
22-SEP-2026,NSE,bulk_deals,AHCL,Anlon Healthcare Limited,HRTI PRIVATE LIMITED,BUY,5121298,27.93
22-SEP-2026,NSE,bulk_deals,ATALREAL,Atal Realtech Limited,QE SECURITIES LLP,BUY,942614,13.21
22-SEP-2026,NSE,bulk_deals,ATALREAL,Atal Realtech Limited,HRTI PRIVATE LIMITED,BUY,1870369,13.15
22-SEP-2026,NSE,bulk_deals,ATALREAL,Atal Realtech Limited,JAGID VANITABEN RAJENDRAPRASAD,BUY,720040,13.22
22-SEP-2026,NSE,bulk_deals,CAPINVIT,Capital Infra Trust,HSBC MUTUAL FUND,BUY,4500000,77.0
22-SEP-2026,NSE,bulk_deals,COMSYN,Commercial Syn Bags Ltd,ARIHANT CAPITAL MARKETS LIMITED,BUY,365161,303.01
22-SEP-2026,NSE,bulk_deals,CRESTO,CRESTO TECHNO LIMITED,HEMANT BHOOT HUF,BUY,78935,19.06
22-SEP-2026,NSE,bulk_deals,CUBEXTUB,Cubex Tubings Ltd,INDRA KIRAN VENTURES,BUY,75000,104.71
22-SEP-2026,NSE,bulk_deals,DHTL,Docmode Health Tech Ltd,RAMESH KUMAR JAIN,BUY,24000,27.5
22-SEP-2026,NSE,bulk_deals,FEDDERSHOL,Fedders Holding Ltd.,HRTI PRIVATE LIMITED,BUY,1533156,69.87
22-SEP-2026,NSE,bulk_deals,FEDDERSHOL,Fedders Holding Ltd.,JUNOMONETA FINSOL PRIVATE LIMITED,BUY,1248511,69.13
22-SEP-2026,NSE,bulk_deals,FEDDERSHOL,Fedders Holding Ltd.,MICROCURVES TRADING PRIVATE LIMITED,BUY,1736356,68.67
22-SEP-2026,NSE,bulk_deals,FEDDERSHOL,Fedders Holding Ltd.,ACME CAPITAL MARKET LIMITED,BUY,1100000,66.37
22-SEP-2026,NSE,bulk_deals,FEDDERSHOL,Fedders Holding Ltd.,HJS SECURITIES PRIVATE LIMITED,BUY,1519298,66.23
22-SEP-2026,NSE,bulk_deals,FEDDERSHOL,Fedders Holding Ltd.,MATALIA STOCK BROKING PRIVATE LIMITED,BUY,1048737,70.21
22-SEP-2026,NSE,bulk_deals,FEDDERSHOL,Fedders Holding Ltd.,QE SECURITIES LLP,BUY,2486064,69.5
22-SEP-2026,NSE,bulk_deals,FEDDERSHOL,Fedders Holding Ltd.,PLASTOMATIC PACKAGING PRIVATE LIMITED,BUY,1203533,67.94
22-SEP-2026,NSE,bulk_deals,FEDDERSHOL,Fedders Holding Ltd.,ALPHAGREP SECURITIES PRIVATE LIMITED,BUY,2121125,69.19
22-SEP-2026,NSE,bulk_deals,FEDDERSHOL,Fedders Holding Ltd.,ASHUTOSH DHIRENDRAKUMAR MANIAR,BUY,843393,69.72
22-SEP-2026,NSE,bulk_deals,FEDDERSHOL,Fedders Holding Ltd.,NK SECURITIES RESEARCH PRIVATE LIMITED,BUY,1554285,68.69
22-SEP-2026,NSE,bulk_deals,FISCHER,Fischer Medical Venture L,TRADE SOLVENT PRIVATE LIMITED,BUY,6436907,32.95
22-SEP-2026,NSE,bulk_deals,FISCHER,Fischer Medical Venture L,L7 HITECH PRIVATE LIMITED,BUY,305000,32.98
22-SEP-2026,NSE,bulk_deals,GCSL,Gretex Corporate Services,MANSUKH SECURITIES & FINANCE LIMITED,BUY,191597,625.53
22-SEP-2026,NSE,bulk_deals,GKSL,Gujarat Kidney N Sup Sp L,L7 HITECH PRIVATE LIMITED,BUY,100000,174.73
22-SEP-2026,NSE,bulk_deals,GLASSWALL,Glass Wall System (I) Ltd,ARUN GODAWAT,BUY,540200,308.87
22-SEP-2026,NSE,bulk_deals,GLASSWALL,Glass Wall System (I) Ltd,MARWADI CHANDARANA INTERMEDIARIES BROKERS PRIVATE LIMITED,BUY,758224,308.16
22-SEP-2026,NSE,bulk_deals,GLASSWALL,Glass Wall System (I) Ltd,JUMP TRADING FINANCIAL INDIA PRIVATE LIMITED,BUY,2972597,309.86
22-SEP-2026,NSE,bulk_deals,GLASSWALL,Glass Wall System (I) Ltd,JUNOMONETA FINSOL PRIVATE LIMITED,BUY,1601384,308.01
22-SEP-2026,NSE,bulk_deals,GLASSWALL,Glass Wall System (I) Ltd,PLUTUS WEALTH MANAGEMENT LLP,BUY,3810923,308.18
22-SEP-2026,NSE,bulk_deals,GLASSWALL,Glass Wall System (I) Ltd,MICROCURVES TRADING PRIVATE LIMITED,BUY,2111652,309.58
22-SEP-2026,NSE,bulk_deals,GLASSWALL,Glass Wall System (I) Ltd,BLITZQUANT RESEARCH LLP,BUY,508376,306.56
22-SEP-2026,NSE,bulk_deals,GLASSWALL,Glass Wall System (I) Ltd,SIMPY PRUTHI,BUY,524260,306.88
22-SEP-2026,NSE,bulk_deals,GLASSWALL,Glass Wall System (I) Ltd,GOLDMINE STOCKS PRIVATE LIMITED,BUY,714294,307.93
22-SEP-2026,NSE,bulk_deals,GLASSWALL,Glass Wall System (I) Ltd,DIPAN MEHTA COMMODITIES PRIVATE LIMITED,BUY,1350525,308.32
22-SEP-2026,NSE,bulk_deals,GLASSWALL,Glass Wall System (I) Ltd,ELIXIR WEALTH MANAGEMENT PRIVATE LIMITED,BUY,2052173,307.62
22-SEP-2026,NSE,bulk_deals,GLASSWALL,Glass Wall System (I) Ltd,J4S FINANCIAL SOLUTIONS LLP,BUY,484786,311.23
22-SEP-2026,NSE,bulk_deals,GLASSWALL,Glass Wall System (I) Ltd,SILVERLEAF CAPITAL SERVICES PRIVATE LIMITED,BUY,443153,307.59
22-SEP-2026,NSE,bulk_deals,GLASSWALL,Glass Wall System (I) Ltd,PLUTUS RESEARCH PRIVATE LIMITED,BUY,571805,307.96
22-SEP-2026,NSE,bulk_deals,GLASSWALL,Glass Wall System (I) Ltd,ASHWIN STOCKS AND INVESTMENT PRIVATE LIMITED,BUY,477361,309.27
22-SEP-2026,NSE,bulk_deals,GLASSWALL,Glass Wall System (I) Ltd,NK SECURITIES RESEARCH PRIVATE LIMITED,BUY,1920198,307.56
22-SEP-2026,NSE,bulk_deals,GLASSWALL,Glass Wall System (I) Ltd,GRT STRATEGIC VENTURES LLP,BUY,630705,307.46
22-SEP-2026,NSE,bulk_deals,GLASSWALL,Glass Wall System (I) Ltd,IRAGE BROKING SERVICES LLP,BUY,1320346,307.52
22-SEP-2026,NSE,bulk_deals,GLASSWALL,Glass Wall System (I) Ltd,QE SECURITIES LLP,BUY,1056262,307.33
22-SEP-2026,NSE,bulk_deals,GLASSWALL,Glass Wall System (I) Ltd,MATHISYS QUANTCAP LLP,BUY,968995,308.18
22-SEP-2026,NSE,bulk_deals,GLASSWALL,Glass Wall System (I) Ltd,HRTI PRIVATE LIMITED,BUY,489781,309.56
22-SEP-2026,NSE,bulk_deals,JALAN,Jalan Transolu. India Ltd,KRISHAN KUMAR,BUY,93000,1.6
22-SEP-2026,NSE,bulk_deals,KAYNES,Kaynes Technology Ind Ltd,GRAVITON RESEARCH CAPITAL LLP,BUY,411449,3507.01
22-SEP-2026,NSE,bulk_deals,KSHITIJPOL,Kshitij Polyline Limited,SATISH MEJIYATAR,BUY,2612154,4.61
22-SEP-2026,NSE,bulk_deals,LUMINO,Lumino Industries Limited,HRTI PRIVATE LIMITED,BUY,1664335,109.2
22-SEP-2026,NSE,bulk_deals,MAGSON,Magson Retail And Dist L,RISING CORPORATION LLP,BUY,125000,180.0
22-SEP-2026,NSE,bulk_deals,MAZDA,Mazda Limited,SHARMIN NASSER,BUY,160000,243.23
22-SEP-2026,NSE,bulk_deals,MGEL,Mangalam Global Ent Ltd,VELOCE OPPORTUNITIES FUND,BUY,1925000,15.5
22-SEP-2026,NSE,bulk_deals,MOS,Mos Utility Limited,SB OPPORTUNITIES FUND I,BUY,3864000,6.65
22-SEP-2026,NSE,bulk_deals,MOS,Mos Utility Limited,MEGHA AGRAWAL,BUY,3352000,6.65
22-SEP-2026,NSE,bulk_deals,MOS,Mos Utility Limited,DAKSH AGARWAL,BUY,1400000,6.65
22-SEP-2026,NSE,bulk_deals,MOTISONS,Motisons Jewellers Ltd,ARIHANT CAPITAL MARKETS LIMITED,BUY,12892141,18.12
22-SEP-2026,NSE,bulk_deals,MVELECTRO,MV Electrosystems Limited,HRTI PRIVATE LIMITED,BUY,158318,876.62
22-SEP-2026,NSE,bulk_deals,NGIL,Nakoda Group of Ind. Ltd,BHAVIN S KAMANI,BUY,137000,39.0
22-SEP-2026,NSE,bulk_deals,OPTIFIN,Optimus Finance Ltd.,NIRAJ UMESH JOSHI,BUY,558719,16.57
22-SEP-2026,NSE,bulk_deals,PACEDIGITK,Pace Digitek Limited,MICROCURVES TRADING PRIVATE LIMITED,BUY,1335196,170.99
22-SEP-2026,NSE,bulk_deals,PACEDIGITK,Pace Digitek Limited,NK SECURITIES RESEARCH PRIVATE LIMITED,BUY,1237512,170.66
22-SEP-2026,NSE,bulk_deals,PCJEWELLER,PC Jeweller Ltd,JUMP TRADING FINANCIAL INDIA PRIVATE LIMITED,BUY,53894884,13.28
22-SEP-2026,NSE,bulk_deals,PRESSTONIC,Presstonic Engineering L,HI GROWTH CORPORATE SERVICES PVT LTD,BUY,82400,39.41
22-SEP-2026,NSE,bulk_deals,PROTEAN,Protean eGov Techno Ltd,ALPHAGREP SECURITIES PRIVATE LIMITED,BUY,743508,627.86
22-SEP-2026,NSE,bulk_deals,PROTEAN,Protean eGov Techno Ltd,IRAGE BROKING SERVICES LLP,BUY,230666,624.69
22-SEP-2026,NSE,bulk_deals,PROTEAN,Protean eGov Techno Ltd,QE SECURITIES LLP,BUY,720296,626.61
22-SEP-2026,NSE,bulk_deals,PROTEAN,Protean eGov Techno Ltd,MICROCURVES TRADING PRIVATE LIMITED,BUY,772945,630.66
22-SEP-2026,NSE,bulk_deals,PROTEAN,Protean eGov Techno Ltd,JUNOMONETA FINSOL PRIVATE LIMITED,BUY,378095,626.45
22-SEP-2026,NSE,bulk_deals,PROTEAN,Protean eGov Techno Ltd,HRTI PRIVATE LIMITED,BUY,239785,622.81
22-SEP-2026,NSE,bulk_deals,PROTEAN,Protean eGov Techno Ltd,IMC INDIA SECURITIES PRIVATE LIMITED,BUY,203332,628.63
22-SEP-2026,NSE,bulk_deals,QUALIANCE,Qualiance International L,VIJIT GLOBAL SECURITIES PRIVATE LIMITED,BUY,369000,173.93
22-SEP-2026,NSE,bulk_deals,RACE,Race Eco Chain Limited,SURENDRA KUMAR MAHESHWARI,BUY,178000,104.9
22-SEP-2026,NSE,bulk_deals,RACE,Race Eco Chain Limited,OM PRAKASH MANTRI,BUY,200000,105.12
22-SEP-2026,NSE,bulk_deals,RAMRAT,Ram Ratna Wires Limited,TRADE SOLVENT PRIVATE LIMITED,BUY,549122,562.6
22-SEP-2026,NSE,bulk_deals,RATNAVEER,Ratnaveer Precision Eng L,ARIHANT CAPITAL MARKETS LIMITED,BUY,1055393,334.46
22-SEP-2026,NSE,bulk_deals,RAYMOND,Raymond Ltd.,HRTI PRIVATE LIMITED,BUY,400874,1143.55
22-SEP-2026,NSE,bulk_deals,RHIM,RHI MAGNESITA INDIA LTD,BANDHAN MUTUAL FUND,BUY,2777777,360.0
22-SEP-2026,NSE,bulk_deals,RHIM,RHI MAGNESITA INDIA LTD,NIPPON INDIA MUTUAL FUND,BUY,2496780,360.0
22-SEP-2026,NSE,bulk_deals,RHIM,RHI MAGNESITA INDIA LTD,SBI MUTUAL FUND,BUY,16666667,360.0
22-SEP-2026,NSE,bulk_deals,SHIVAUM,Shiv Aum Steels Limited,SHREE SHYAM SNACKS FOOD PRIVATE LIMITED,BUY,100000,460.0
22-SEP-2026,NSE,bulk_deals,SHIVAUM,Shiv Aum Steels Limited,CRABEL VINTRADE PRIVATE LIMITED,BUY,100000,460.0
22-SEP-2026,NSE,bulk_deals,SHIVAUM,Shiv Aum Steels Limited,ARIHANT CAPITAL MARKETS LIMITED,BUY,74450,494.03
22-SEP-2026,NSE,bulk_deals,SHIVAUM,Shiv Aum Steels Limited,TRADE CORNER,BUY,175000,460.0
22-SEP-2026,NSE,bulk_deals,SKYWAYS,Skyways Air Services Ltd,QE SECURITIES LLP,BUY,1104496,128.56
22-SEP-2026,NSE,bulk_deals,SKYWAYS,Skyways Air Services Ltd,HRTI PRIVATE LIMITED,BUY,891632,128.38
22-SEP-2026,NSE,bulk_deals,SUNSHINE,Sunshine Pictures Limited,ARIHANT CAPITAL MARKETS LIMITED,BUY,103688,436.81
22-SEP-2026,NSE,bulk_deals,SUNSHINE,Sunshine Pictures Limited,VIKHRAM SHANKAR SAXENA,BUY,240000,430.0
22-SEP-2026,NSE,bulk_deals,TRANSRAILL,Transrail Lighting Ltd,MICROCURVES TRADING PRIVATE LIMITED,BUY,1010878,473.07
22-SEP-2026,NSE,bulk_deals,TRANSRAILL,Transrail Lighting Ltd,QE SECURITIES LLP,BUY,728735,467.93
22-SEP-2026,NSE,bulk_deals,UNIECOM,Unicommerce Esolutions L,NK SECURITIES RESEARCH PRIVATE LIMITED,BUY,729465,88.06
22-SEP-2026,NSE,bulk_deals,VEEGALAND,Veegaland Developers Ltd,CHITTILAPPILLY THOMAS KOCHUOUSEPH,BUY,269246,138.46
22-SEP-2026,NSE,bulk_deals,AASTHA,Aastha Spintex Limited,L7 HITECH PRIVATE LIMITED,SELL,220711,81.63
22-SEP-2026,NSE,bulk_deals,AHCL,Anlon Healthcare Limited,NEO APEX SHARE BROKING SERVICES LLP,SELL,4573234,28.86
22-SEP-2026,NSE,bulk_deals,AHCL,Anlon Healthcare Limited,HRTI PRIVATE LIMITED,SELL,5090236,27.97
22-SEP-2026,NSE,bulk_deals,AHCL,Anlon Healthcare Limited,QE SECURITIES LLP,SELL,2921607,28.13
22-SEP-2026,NSE,bulk_deals,ATALREAL,Atal Realtech Limited,HRTI PRIVATE LIMITED,SELL,2007272,13.22
22-SEP-2026,NSE,bulk_deals,ATALREAL,Atal Realtech Limited,QE SECURITIES LLP,SELL,940538,13.14
22-SEP-2026,NSE,bulk_deals,ATALREAL,Atal Realtech Limited,JAGID VANITABEN RAJENDRAPRASAD,SELL,360330,13.07
22-SEP-2026,NSE,bulk_deals,CAPINVIT,Capital Infra Trust,LARSEN & TOUBRO LIMITED,SELL,6491992,77.0
22-SEP-2026,NSE,bulk_deals,COMSYN,Commercial Syn Bags Ltd,ARIHANT CAPITAL MARKETS LIMITED,SELL,332624,303.39
22-SEP-2026,NSE,bulk_deals,DHTL,Docmode Health Tech Ltd,GOUTHAMCHANDSIMPAL,SELL,24800,27.5
22-SEP-2026,NSE,bulk_deals,FEDDERSHOL,Fedders Holding Ltd.,HJS SECURITIES PRIVATE LIMITED,SELL,1505142,65.69
22-SEP-2026,NSE,bulk_deals,FEDDERSHOL,Fedders Holding Ltd.,MATALIA STOCK BROKING PRIVATE LIMITED,SELL,1051237,70.29
22-SEP-2026,NSE,bulk_deals,FEDDERSHOL,Fedders Holding Ltd.,PLASTOMATIC PACKAGING PRIVATE LIMITED,SELL,1203533,68.49
22-SEP-2026,NSE,bulk_deals,FEDDERSHOL,Fedders Holding Ltd.,ASHUTOSH DHIRENDRAKUMAR MANIAR,SELL,1050507,66.93
22-SEP-2026,NSE,bulk_deals,FEDDERSHOL,Fedders Holding Ltd.,NK SECURITIES RESEARCH PRIVATE LIMITED,SELL,1554285,68.71
22-SEP-2026,NSE,bulk_deals,FEDDERSHOL,Fedders Holding Ltd.,ALPHAGREP SECURITIES PRIVATE LIMITED,SELL,2121125,69.24
22-SEP-2026,NSE,bulk_deals,FEDDERSHOL,Fedders Holding Ltd.,QE SECURITIES LLP,SELL,2486785,69.1
22-SEP-2026,NSE,bulk_deals,FEDDERSHOL,Fedders Holding Ltd.,HRTI PRIVATE LIMITED,SELL,1549757,69.6
22-SEP-2026,NSE,bulk_deals,FEDDERSHOL,Fedders Holding Ltd.,JUNOMONETA FINSOL PRIVATE LIMITED,SELL,1273710,69.04
22-SEP-2026,NSE,bulk_deals,FEDDERSHOL,Fedders Holding Ltd.,MICROCURVES TRADING PRIVATE LIMITED,SELL,1736356,68.74
22-SEP-2026,NSE,bulk_deals,FEDDERSHOL,Fedders Holding Ltd.,ACME CAPITAL MARKET LIMITED,SELL,1051344,65.89
22-SEP-2026,NSE,bulk_deals,FISCHER,Fischer Medical Venture L,L7 HITECH PRIVATE LIMITED,SELL,6436907,32.95
22-SEP-2026,NSE,bulk_deals,GCSL,Gretex Corporate Services,NISHANT  PITTI,SELL,135020,626.07
22-SEP-2026,NSE,bulk_deals,GCSL,Gretex Corporate Services,MANSUKH SECURITIES & FINANCE LIMITED,SELL,157351,627.95
22-SEP-2026,NSE,bulk_deals,GKSL,Gujarat Kidney N Sup Sp L,L7 HITECH PRIVATE LIMITED,SELL,424700,175.02
22-SEP-2026,NSE,bulk_deals,GLASSWALL,Glass Wall System (I) Ltd,ELIXIR WEALTH MANAGEMENT PRIVATE LIMITED,SELL,2052183,307.91
22-SEP-2026,NSE,bulk_deals,GLASSWALL,Glass Wall System (I) Ltd,J4S FINANCIAL SOLUTIONS LLP,SELL,484786,311.57
22-SEP-2026,NSE,bulk_deals,GLASSWALL,Glass Wall System (I) Ltd,SILVERLEAF CAPITAL SERVICES PRIVATE LIMITED,SELL,443153,306.96
22-SEP-2026,NSE,bulk_deals,GLASSWALL,Glass Wall System (I) Ltd,PLUTUS RESEARCH PRIVATE LIMITED,SELL,564096,308.1
22-SEP-2026,NSE,bulk_deals,GLASSWALL,Glass Wall System (I) Ltd,ASHWIN STOCKS AND INVESTMENT PRIVATE LIMITED,SELL,477361,308.93
22-SEP-2026,NSE,bulk_deals,GLASSWALL,Glass Wall System (I) Ltd,BLITZQUANT RESEARCH LLP,SELL,508376,306.72
22-SEP-2026,NSE,bulk_deals,GLASSWALL,Glass Wall System (I) Ltd,GRT STRATEGIC VENTURES LLP,SELL,630705,307.6
22-SEP-2026,NSE,bulk_deals,GLASSWALL,Glass Wall System (I) Ltd,IRAGE BROKING SERVICES LLP,SELL,1156101,308.54
22-SEP-2026,NSE,bulk_deals,GLASSWALL,Glass Wall System (I) Ltd,QE SECURITIES LLP,SELL,1016474,307.73
22-SEP-2026,NSE,bulk_deals,GLASSWALL,Glass Wall System (I) Ltd,MATHISYS QUANTCAP LLP,SELL,957520,307.76
22-SEP-2026,NSE,bulk_deals,GLASSWALL,Glass Wall System (I) Ltd,HRTI PRIVATE LIMITED,SELL,242381,307.36
22-SEP-2026,NSE,bulk_deals,GLASSWALL,Glass Wall System (I) Ltd,ARUN GODAWAT,SELL,540200,308.15
22-SEP-2026,NSE,bulk_deals,GLASSWALL,Glass Wall System (I) Ltd,MARWADI CHANDARANA INTERMEDIARIES BROKERS PRIVATE LIMITED,SELL,758224,307.71
22-SEP-2026,NSE,bulk_deals,GLASSWALL,Glass Wall System (I) Ltd,JUMP TRADING FINANCIAL INDIA PRIVATE LIMITED,SELL,2972597,306.56
22-SEP-2026,NSE,bulk_deals,GLASSWALL,Glass Wall System (I) Ltd,JUNOMONETA FINSOL PRIVATE LIMITED,SELL,1592471,308.17
22-SEP-2026,NSE,bulk_deals,GLASSWALL,Glass Wall System (I) Ltd,PLUTUS WEALTH MANAGEMENT LLP,SELL,3810923,308.3
22-SEP-2026,NSE,bulk_deals,GLASSWALL,Glass Wall System (I) Ltd,MICROCURVES TRADING PRIVATE LIMITED,SELL,2111652,309.76
22-SEP-2026,NSE,bulk_deals,GLASSWALL,Glass Wall System (I) Ltd,DIPAN MEHTA COMMODITIES PRIVATE LIMITED,SELL,1350525,308.86
22-SEP-2026,NSE,bulk_deals,GLASSWALL,Glass Wall System (I) Ltd,GOLDMINE STOCKS PRIVATE LIMITED,SELL,714294,307.86
22-SEP-2026,NSE,bulk_deals,GLASSWALL,Glass Wall System (I) Ltd,SIMPY PRUTHI,SELL,524260,306.83
22-SEP-2026,NSE,bulk_deals,GLASSWALL,Glass Wall System (I) Ltd,NK SECURITIES RESEARCH PRIVATE LIMITED,SELL,1920198,307.73
22-SEP-2026,NSE,bulk_deals,JALAN,Jalan Transolu. India Ltd,AMITA SINGH,SELL,99000,1.6
22-SEP-2026,NSE,bulk_deals,KAYNES,Kaynes Technology Ind Ltd,GRAVITON RESEARCH CAPITAL LLP,SELL,413878,3507.08
22-SEP-2026,NSE,bulk_deals,KSHITIJPOL,Kshitij Polyline Limited,SATISH MEJIYATAR,SELL,2277241,4.62
22-SEP-2026,NSE,bulk_deals,LUMINO,Lumino Industries Limited,HRTI PRIVATE LIMITED,SELL,1867425,110.73
22-SEP-2026,NSE,bulk_deals,MAGSON,Magson Retail And Dist L,RAJESH EMMANUEL FRANCIS,SELL,125000,180.0
22-SEP-2026,NSE,bulk_deals,MAZDA,Mazda Limited,CROLL REYNOLDS INTERNATIONAL INC,SELL,242927,243.51
22-SEP-2026,NSE,bulk_deals,MGEL,Mangalam Global Ent Ltd,SPECIFIC WORLDWIDE LLP,SELL,5000000,15.5
22-SEP-2026,NSE,bulk_deals,MOS,Mos Utility Limited,ASHOK INVESTORS TRUST LIMITED,SELL,13564000,6.65
22-SEP-2026,NSE,bulk_deals,MOTISONS,Motisons Jewellers Ltd,ARIHANT CAPITAL MARKETS LIMITED,SELL,15096759,18.19
22-SEP-2026,NSE,bulk_deals,MVELECTRO,MV Electrosystems Limited,HRTI PRIVATE LIMITED,SELL,149247,878.39
22-SEP-2026,NSE,bulk_deals,OPTIFIN,Optimus Finance Ltd.,NIRAJ UMESH JOSHI,SELL,508072,16.71
22-SEP-2026,NSE,bulk_deals,PACEDIGITK,Pace Digitek Limited,MICROCURVES TRADING PRIVATE LIMITED,SELL,1335196,171.13
22-SEP-2026,NSE,bulk_deals,PACEDIGITK,Pace Digitek Limited,NK SECURITIES RESEARCH PRIVATE LIMITED,SELL,1237512,170.75
22-SEP-2026,NSE,bulk_deals,PCJEWELLER,PC Jeweller Ltd,JUMP TRADING FINANCIAL INDIA PRIVATE LIMITED,SELL,53894885,13.32
22-SEP-2026,NSE,bulk_deals,PRESSTONIC,Presstonic Engineering L,HI GROWTH CORPORATE SERVICES PVT LTD,SELL,82400,40.0
22-SEP-2026,NSE,bulk_deals,PROTEAN,Protean eGov Techno Ltd,JUNOMONETA FINSOL PRIVATE LIMITED,SELL,331519,627.38
22-SEP-2026,NSE,bulk_deals,PROTEAN,Protean eGov Techno Ltd,MICROCURVES TRADING PRIVATE LIMITED,SELL,772889,631.0
22-SEP-2026,NSE,bulk_deals,PROTEAN,Protean eGov Techno Ltd,IMC INDIA SECURITIES PRIVATE LIMITED,SELL,225587,624.99
22-SEP-2026,NSE,bulk_deals,PROTEAN,Protean eGov Techno Ltd,QE SECURITIES LLP,SELL,722847,626.16
22-SEP-2026,NSE,bulk_deals,PROTEAN,Protean eGov Techno Ltd,IRAGE BROKING SERVICES LLP,SELL,190501,626.93
22-SEP-2026,NSE,bulk_deals,PROTEAN,Protean eGov Techno Ltd,ALPHAGREP SECURITIES PRIVATE LIMITED,SELL,743508,627.47
22-SEP-2026,NSE,bulk_deals,PROTEAN,Protean eGov Techno Ltd,HRTI PRIVATE LIMITED,SELL,216336,623.07
22-SEP-2026,NSE,bulk_deals,QUALIANCE,Qualiance International L,NEO APEX SHARE BROKING SERVICES LLP,SELL,225000,173.65
22-SEP-2026,NSE,bulk_deals,RACE,Race Eco Chain Limited,ROHAN AGARWAL,SELL,281965,105.14
22-SEP-2026,NSE,bulk_deals,RACE,Race Eco Chain Limited,NIDHI AGARWAL,SELL,98750,105.09
22-SEP-2026,NSE,bulk_deals,RAMRAT,Ram Ratna Wires Limited,L7 HITECH PRIVATE LIMITED,SELL,549122,562.58
22-SEP-2026,NSE,bulk_deals,RATNAVEER,Ratnaveer Precision Eng L,ARIHANT CAPITAL MARKETS LIMITED,SELL,921545,333.7
22-SEP-2026,NSE,bulk_deals,RAYMOND,Raymond Ltd.,HRTI PRIVATE LIMITED,SELL,428618,1147.92
22-SEP-2026,NSE,bulk_deals,RHIM,RHI MAGNESITA INDIA LTD,DALMIA BHARAT REFRACTORIES LIMITED,SELL,22941224,360.0
22-SEP-2026,NSE,bulk_deals,SHIVAUM,Shiv Aum Steels Limited,ARIHANT CAPITAL MARKETS LIMITED,SELL,2352,519.0
22-SEP-2026,NSE,bulk_deals,SHIVAUM,Shiv Aum Steels Limited,EMRALD COMMERCIAL LIMITED,SELL,76305,460.23
22-SEP-2026,NSE,bulk_deals,SHIVAUM,Shiv Aum Steels Limited,ARYAMAN CAPITAL MARKETS LIMITED,SELL,200000,460.0
22-SEP-2026,NSE,bulk_deals,SHIVAUM,Shiv Aum Steels Limited,VENKATESHWARA INDUSTRIAL PROMOTION CO LIMITED,SELL,130695,460.0
22-SEP-2026,NSE,bulk_deals,SHIVAUM,Shiv Aum Steels Limited,ARC FINANCE LIMITED,SELL,93000,460.05
22-SEP-2026,NSE,bulk_deals,SKYWAYS,Skyways Air Services Ltd,HRTI PRIVATE LIMITED,SELL,1048543,128.36
22-SEP-2026,NSE,bulk_deals,SKYWAYS,Skyways Air Services Ltd,QE SECURITIES LLP,SELL,1161815,128.68
22-SEP-2026,NSE,bulk_deals,STRIDERS,Striders Impex Limited,ANISH RAMJI SHAH,SELL,116800,60.85
22-SEP-2026,NSE,bulk_deals,STYLEBAAZA,Baazar Style Retail Ltd,SHRUTI  MOHTA,SELL,670000,376.34
22-SEP-2026,NSE,bulk_deals,SUNSHINE,Sunshine Pictures Limited,ARIHANT CAPITAL MARKETS LIMITED,SELL,307014,431.39
22-SEP-2026,NSE,bulk_deals,SUVIDHAA,Suvidhaa Infoserve Ltd,PRASHANT PRAHALADRAY THAKAR,SELL,1275278,2.24
22-SEP-2026,NSE,bulk_deals,TRANSRAILL,Transrail Lighting Ltd,MICROCURVES TRADING PRIVATE LIMITED,SELL,1010878,473.41
22-SEP-2026,NSE,bulk_deals,TRANSRAILL,Transrail Lighting Ltd,QE SECURITIES LLP,SELL,756127,465.81
22-SEP-2026,NSE,bulk_deals,UNIECOM,Unicommerce Esolutions L,NK SECURITIES RESEARCH PRIVATE LIMITED,SELL,729465,88.1
22-SEP-2026,NSE,bulk_deals,VCL,Vaxtex Cotfab Limited,RAJVANSH ELECTRICALS PRIVATE LIMITED,SELL,2084202,1.61
22-SEP-2026,NSE,bulk_deals,VCL,Vaxtex Cotfab Limited,GOLDEN BIO ENERGY LIMITED,SELL,1410000,1.61
22-SEP-2026,NSE,block_deals,RHIM,RHI MAGNESITA INDIA LTD,BANDHAN MUTUAL FUND,BUY,2777777,360.0
22-SEP-2026,NSE,block_deals,RHIM,RHI MAGNESITA INDIA LTD,CLARUS CAPITAL 1,BUY,1000000,360.0
22-SEP-2026,NSE,block_deals,RHIM,RHI MAGNESITA INDIA LTD,SBI MUTUAL FUND,BUY,16666667,360.0
22-SEP-2026,NSE,block_deals,RHIM,RHI MAGNESITA INDIA LTD,NIPPON INDIA MUTUAL FUND,BUY,2496780,360.0
22-SEP-2026,NSE,block_deals,RHIM,RHI MAGNESITA INDIA LTD,DALMIA BHARAT REFRACTORIES LIMITED,SELL,22941224,360.0
22/09/2026,BSE,bulk,544809,ADON,NEWTONLY PRIVATE LIMITED,B,184000.0,99.99
22/09/2026,BSE,bulk,544809,ADON,DAVINDER SINGH,S,170000.0,99.76
22/09/2026,BSE,bulk,544809,ADON,DAVINDER SINGH,B,6000.0,101.0
22/09/2026,BSE,bulk,544920,AMTECH,ADITYA JOSHI,B,48000.0,109.23
22/09/2026,BSE,bulk,531673,ANKIN,NIRMALKUMAR PAREEK,B,403000.0,19.85
22/09/2026,BSE,bulk,538556,ARMAN,HIMANSHU RAJENDRA SHAH,B,58600.0,117.77
22/09/2026,BSE,bulk,538556,ARMAN,MANASVINI BULLION PRIVATE LIMITED,S,57000.0,117.5
22/09/2026,BSE,bulk,544468,BDI,SANJAY NARENDRA BANSAL,S,183600.0,109.0
22/09/2026,BSE,bulk,544468,BDI,ARYAMAN BROKING LIMITED,B,183600.0,109.0
22/09/2026,BSE,bulk,531458,BOSTON,MULTIPLIER SHARE & STOCK ADVISORS PRIVATE LIMITED,B,50000.0,7.23
22/09/2026,BSE,bulk,531458,BOSTON,PRIYANKKUMAR ATULKUMAR DESAI HUF,S,38000.0,7.23
22/09/2026,BSE,bulk,512169,CAPRICORN,NEO APEX SHARE BROKING SERVICES LLP,B,150000.0,30.01
22/09/2026,BSE,bulk,539091,CCDL,PLASTOMATIC PACKAGING PRIVATE LIMITED,B,30500000.0,0.99
22/09/2026,BSE,bulk,539091,CCDL,PLASTOMATIC PACKAGING PRIVATE LIMITED,S,207025.0,1.09
22/09/2026,BSE,bulk,539091,CCDL,METROCITY HEART CARE AND CRITICAL CARE PRIVATE LIMITED,S,39030268.0,1.01
22/09/2026,BSE,bulk,539091,CCDL,METROCITY HEART CARE AND CRITICAL CARE PRIVATE LIMITED,B,5811194.0,1.05
22/09/2026,BSE,bulk,531099,CENTUPLE,NOVA GLOBAL OPPORTUNITIES FUND PCC - TOUCHSTONE,B,90000.0,31.68
22/09/2026,BSE,bulk,531099,CENTUPLE,ZEAL GLOBAL OPPORTUNITIES FUND,B,82000.0,32.38
22/09/2026,BSE,bulk,531099,CENTUPLE,GOLDEN BIO ENERGY LIMITED,S,162741.0,31.34
22/09/2026,BSE,bulk,531099,CENTUPLE,ANKIT  MEHRA,S,139854.0,32.38
22/09/2026,BSE,bulk,531099,CENTUPLE,NOVA GLOBAL OPPORTUNITIES FUND PCC - BLUESTONE,B,125000.0,31.35
22/09/2026,BSE,bulk,542627,CHANDNIMACH,KEDAR DILIP KOTHARI,B,54100.0,95.9
22/09/2026,BSE,bulk,523105,CROPSTER,NUEVENIA BIZ PRIVATE LIMITED,S,5942242.0,2.46
22/09/2026,BSE,bulk,523105,CROPSTER,ROHITKUMAR KANAIYALAL DATANIYA,S,9000000.0,2.46
22/09/2026,BSE,bulk,544884,DHANWEL,BONANZA PORTFOLIO LIMITED,B,36000.0,54.68
22/09/2026,BSE,bulk,544884,DHANWEL,BONANZA PORTFOLIO LIMITED,S,45600.0,53.73
22/09/2026,BSE,bulk,544884,DHANWEL,NEO APEX SHARE BROKING SERVICES LLP,B,46800.0,52.08
22/09/2026,BSE,bulk,544884,DHANWEL,NEO APEX SHARE BROKING SERVICES LLP,S,46800.0,55.6
22/09/2026,BSE,bulk,543516,DHYAANITR,PRITIBA KULDIPSINH CHUDASAMA,B,92400.0,8.14
22/09/2026,BSE,bulk,541299,DLCL,SHAILENDRA KUMAR GUPTA,B,44000.0,7.81
22/09/2026,BSE,bulk,524818,DYNAMIND,RAHUL SACHAR,B,15427.0,139.17
22/09/2026,BSE,bulk,531502,ESARIND,HRIDAY ARVIND BHANUSHALI,B,522939.0,11.41
22/09/2026,BSE,bulk,531502,ESARIND,CHANDRA KALA SINGHANIA,S,450000.0,11.4
22/09/2026,BSE,bulk,531259,ESHAMEDIA,SIDDHI  JAISWAL,B,441627.0,33.73
22/09/2026,BSE,bulk,531259,ESHAMEDIA,SHILPA VINOD PAWAR,S,150000.0,33.73
22/09/2026,BSE,bulk,531259,ESHAMEDIA,SAKSHI SAMIR PARAB,S,150000.0,33.73
22/09/2026,BSE,bulk,531259,ESHAMEDIA,JYOTII MAHADEV BABAR,S,150000.0,33.73
22/09/2026,BSE,bulk,533212,GKB,DHWAJA COMMODITY SERVICES PRIVATE LIMITED,S,31925.0,73.46
22/09/2026,BSE,bulk,544913,GLASSWALL,IRAGE BROKING SERVICES LLP,B,669432.0,308.58
22/09/2026,BSE,bulk,544913,GLASSWALL,IRAGE BROKING SERVICES LLP,S,833677.0,307.41
22/09/2026,BSE,bulk,513361,INDIAHOMES,LLOYDS ENTERPRISES LIMITED,S,3000000.0,26.75
22/09/2026,BSE,bulk,513361,INDIAHOMES,AEON TRADING LLP,B,3000000.0,26.75
22/09/2026,BSE,bulk,544160,JAYKAILASH,AARUSH  CHOPRA,B,54400.0,54.26
22/09/2026,BSE,bulk,544160,JAYKAILASH,RAJDEEPSINH MAHIPATSINH CHUDASAMA,S,78400.0,54.3
22/09/2026,BSE,bulk,544611,MAHALIFE,ABUNDANTIA CAPITAL VCC - ABUNDANTIA CAPITAL III,S,132000.0,182.5
22/09/2026,BSE,bulk,544611,MAHALIFE,BHATIA SURESH,B,330000.0,181.66
22/09/2026,BSE,bulk,544611,MAHALIFE,NU HEIGHTS AGENCY PRIVATE LIMITED,B,19200.0,180.14
22/09/2026,BSE,bulk,544611,MAHALIFE,NU HEIGHTS AGENCY PRIVATE LIMITED,S,171600.0,182.76
22/09/2026,BSE,bulk,544611,MAHALIFE,SANJAY POPATLAL JAIN,B,322800.0,181.97
22/09/2026,BSE,bulk,509762,MAPROIN,HAZEL MERCANTILE LIMITED,S,124971.0,52.5
22/09/2026,BSE,bulk,544751,MTL,KRUSHNAM NEXUS CAPITAL SCHEME 1,S,57600.0,106.59
22/09/2026,BSE,bulk,522289,NMSGLOBAL,MSB E TRADE SECURITIES LIMITED,S,20251.0,39.43
22/09/2026,BSE,bulk,539200,NOBPOL,RV FINTECH,S,42436.0,15.35
22/09/2026,BSE,bulk,539200,NOBPOL,JALPAN HASMUKHLAL BHAVSAR,B,40000.0,15.35
22/09/2026,BSE,bulk,539200,NOBPOL,PARESH DHIRAJLAL SHAH,S,36000.0,15.35
22/09/2026,BSE,bulk,539200,NOBPOL,GREEN PEAKS ENTERPRISES LLP,S,57435.0,15.35
22/09/2026,BSE,bulk,539200,NOBPOL,GREEN PEAKS ENTERPRISES LLP,B,49999.0,15.36
22/09/2026,BSE,bulk,531512,ORIENTTR,MSB E TRADE SECURITIES LIMITED,S,500.0,4.14
22/09/2026,BSE,bulk,531512,ORIENTTR,MSB E TRADE SECURITIES LIMITED,B,212300.0,4.1
22/09/2026,BSE,bulk,531512,ORIENTTR,USHA SHARMA,S,365000.0,4.11
22/09/2026,BSE,bulk,544606,PINELABS,CITIGROUP GLOBAL MARKETS SINGAPORE PTE LIMITED,B,6670000.0,187.75
22/09/2026,BSE,bulk,544606,PINELABS,ICICI PRUDENTIAL LIFE INSURANCE COMPANY LIMITED,B,9310000.0,187.75
22/09/2026,BSE,bulk,544606,PINELABS,SOCIETE GENERALE,B,8770000.0,187.75
22/09/2026,BSE,bulk,544606,PINELABS,MASTERCARD ASIA/PACIFIC PTE. LTD.,S,49724182.0,187.75
22/09/2026,BSE,bulk,544932,QAL,AIKYATA ADVISORY LLP,B,444000.0,66.99
22/09/2026,BSE,bulk,544932,QAL,NEXT ORBIT GROWTH FUND III,B,170000.0,66.99
22/09/2026,BSE,bulk,544872,QTFOODS,BONANZA PORTFOLIO LIMITED,B,31200.0,37.79
22/09/2026,BSE,bulk,544872,QTFOODS,BONANZA PORTFOLIO LIMITED,S,48000.0,36.11
22/09/2026,BSE,bulk,531033,REGAL,NISHA  GUPTA,S,200000.0,15.46
22/09/2026,BSE,bulk,531033,REGAL,NORTHERN LIGHTS VENTURES PRIVATE LIMITED,B,199657.0,15.46
22/09/2026,BSE,bulk,531667,RRMETAL,NAVIN MADHAVJI MEHTA,S,45431.0,37.43
22/09/2026,BSE,bulk,544933,SHAKTIPOLY,NAV CAPITAL VCC - NAV CAPITAL EMERGING STAR FUND,B,210000.0,58.9
22/09/2026,BSE,bulk,544933,SHAKTIPOLY,SAGAR P BRAHMBHATT,B,90000.0,59.33
22/09/2026,BSE,bulk,544933,SHAKTIPOLY,PRATIBHA JAIN,B,90000.0,58.9
22/09/2026,BSE,bulk,544933,SHAKTIPOLY,1729 GROWTH FUND I,B,102000.0,58.87
22/09/2026,BSE,bulk,544933,SHAKTIPOLY,TRADE PULSE BROKING PRIVATE LIMITED,B,100000.0,58.9
22/09/2026,BSE,bulk,534680,SRGHFL,PATEL FAMILY TRUST,B,86163.0,131.3
22/09/2026,BSE,bulk,534680,SRGHFL,SUNDEEP CHETAN PATEL,S,88500.0,131.3
22/09/2026,BSE,bulk,544877,TECHNOCRAT,M7 GLOBAL FUND PCC - CELL DEWCAP FUND,S,89000.0,356.61
22/09/2026,BSE,bulk,531411,TUNITEX,L7 HITECH PRIVATE LIMITED,S,299657.0,1.59
22/09/2026,BSE,bulk,531411,TUNITEX,L7 HITECH PRIVATE LIMITED,B,1894435.0,1.58
22/09/2026,BSE,bulk,531411,TUNITEX,MEENA,S,1020000.0,1.58
22/09/2026,BSE,bulk,531411,TUNITEX,MEENA,B,446440.0,1.59
22/09/2026,BSE,bulk,531411,TUNITEX,JAGID VANITABEN RAJENDRAPRASAD,S,1984514.0,1.59
22/09/2026,BSE,bulk,531411,TUNITEX,JAGID VANITABEN RAJENDRAPRASAD,B,1912396.0,1.59
22/09/2026,BSE,bulk,531411,TUNITEX,SHARE INDIA SECURITIES LIMITED,B,1000000.0,1.59
22/09/2026,BSE,bulk,531411,TUNITEX,SHARE INDIA SECURITIES LIMITED,S,1000001.0,1.59
22/09/2026,BSE,bulk,544464,UML,HJS SECURITIES PRIVATE LIMITED,S,74000.0,70.2
22/09/2026,BSE,bulk,544464,UML,HJS SECURITIES PRIVATE LIMITED,B,74000.0,70.08
22/09/2026,BSE,bulk,544931,VAMAWOVEN,FRENZY COMMERCIAL PVT LTD,B,63600.0,341.0
22/09/2026,BSE,bulk,544931,VAMAWOVEN,VASUNDHARA CHEM PLAST INDUSTRIES,B,63200.0,341.0
22/09/2026,BSE,block,544606,PINELABS,GHISALLO MASTER FUND LP,B,2420000.0,187.75
22/09/2026,BSE,block,544606,PINELABS,BNP PARIBAS ARBITRAGE,B,3930000.0,187.75
22/09/2026,BSE,block,544606,PINELABS,CITIGROUP GLOBAL MARKETS SINGAPORE PTE LIMITED,B,6670000.0,187.75
22/09/2026,BSE,block,544606,PINELABS,NRSGVCC,B,1450000.0,187.75
22/09/2026,BSE,block,544606,PINELABS,GOLDMAN SACHS BANK EUROPE SE,B,3300000.0,187.75
22/09/2026,BSE,block,544606,PINELABS,SUSQUEHANNA PACIFIC PTY LTD,B,1350001.0,187.75
22/09/2026,BSE,block,544606,PINELABS,KOTAK MAHINDRA MUTUAL FUND,B,1350001.0,187.75
22/09/2026,BSE,block,544606,PINELABS,MORGAN STANLEY ASIA SINGAPORE PTE,B,1350001.0,187.75
22/09/2026,BSE,block,544606,PINELABS,ICICI PRUDENTIAL LIFE INSURANCE COMPANY LIMITED,B,9310000.0,187.75
22/09/2026,BSE,block,544606,PINELABS,RAMS EQUITIES PORTFOLIO FUND,B,2550000.0,187.75
22/09/2026,BSE,block,544606,PINELABS,FRANKLIN TEMPLETON MUTUAL FUND,B,1980000.0,187.75
22/09/2026,BSE,block,544606,PINELABS,SOCIETE GENERALE,B,8770000.0,187.75
22/09/2026,BSE,block,544606,PINELABS,EDELWEISS MUTUAL FUND,B,5294179.0,187.75
22/09/2026,BSE,block,544606,PINELABS,MASTERCARD ASIA/PACIFIC PTE. LTD.,S,1350001.0,187.75
22/09/2026,BSE,block,544606,PINELABS,MASTERCARD ASIA/PACIFIC PTE. LTD.,S,1350001.0,187.75
22/09/2026,BSE,block,544606,PINELABS,MASTERCARD ASIA/PACIFIC PTE. LTD.,S,1350001.0,187.75
22/09/2026,BSE,block,544606,PINELABS,MASTERCARD ASIA/PACIFIC PTE. LTD.,S,1450000.0,187.75
22/09/2026,BSE,block,544606,PINELABS,MASTERCARD ASIA/PACIFIC PTE. LTD.,S,1980000.0,187.75
22/09/2026,BSE,block,544606,PINELABS,MASTERCARD ASIA/PACIFIC PTE. LTD.,S,2420000.0,187.75
22/09/2026,BSE,block,544606,PINELABS,MASTERCARD ASIA/PACIFIC PTE. LTD.,S,2550000.0,187.75
22/09/2026,BSE,block,544606,PINELABS,MASTERCARD ASIA/PACIFIC PTE. LTD.,S,3300000.0,187.75
22/09/2026,BSE,block,544606,PINELABS,MASTERCARD ASIA/PACIFIC PTE. LTD.,S,3930000.0,187.75
22/09/2026,BSE,block,544606,PINELABS,MASTERCARD ASIA/PACIFIC PTE. LTD.,S,5294179.0,187.75
22/09/2026,BSE,block,544606,PINELABS,MASTERCARD ASIA/PACIFIC PTE. LTD.,S,6670000.0,187.75
22/09/2026,BSE,block,544606,PINELABS,MASTERCARD ASIA/PACIFIC PTE. LTD.,S,8770000.0,187.75
22/09/2026,BSE,block,544606,PINELABS,MASTERCARD ASIA/PACIFIC PTE. LTD.,S,9310000.0,187.75
